Date,Infrastructure_Machineries,Daily_Sales _Percentage,Daily_Sales_Quantity,Market_Share,Political,Marketing,Budget,Customer_Id,Region,Year,Month,Day,Day_of_Week,Is_Weekend,Rolling_7D_Sales,Rolling_30D_Sales,Cumulative_Sales
2019-01-01,82,0.9331264417364116,0.022290331568682,0.0,0.0,1.0,0.0,0,1309,2019,1,1,1,0,0.1235220125786163,0.2099639995354779,0.0002387894631007
2019-01-01,83,0.9331264417364116,0.0195040401225968,0.0,0.0,1.0,0.0,1,1697,2019,1,1,1,0,0.1147169811320754,0.1925444199279991,0.0002073697969032
2019-01-01,84,0.9331264417364116,0.0195040401225968,0.0,0.0,1.0,0.0,2,645,2019,1,1,1,0,0.1117819706498951,0.1867378933921727,0.0002073697969032
2019-01-01,81,0.9331264417364116,0.0189467818333797,0.0,0.0,1.0,0.0,3,217,2019,1,1,1,0,0.1094339622641509,0.1820926721635117,0.0002010858636637
2019-01-01,85,0.9331264417364116,0.01699637782112,0.0,0.0,1.0,0.0,4,1960,2019,1,1,1,0,0.1055597484276729,0.1744280571362211,0.0001790920973255
2019-01-02,80,0.9854840244137698,0.0142100863750348,0.0,0.0,1.0,0.0,5,1074,2019,1,2,2,0,0.100041928721174,0.1635117872488677,0.000147672431128
2019-01-02,82,0.9854840244137698,0.0189467818333797,0.0,0.0,1.0,0.0,6,1831,2019,1,2,2,0,0.100377358490566,0.1641753902815336,0.0004524431932435
2019-01-02,83,0.9854840244137698,0.0236834772917247,0.0,0.0,1.0,0.0,7,1231,2019,1,2,2,0,0.1016352201257861,0.1720764138892114,0.0004744369595817
2019-01-02,84,0.9854840244137698,0.0178322652549456,0.0,0.0,1.0,0.0,8,1752,2019,1,2,2,0,0.100125786163522,0.1700925173228041,0.000408455660567
2019-01-02,81,0.9854840244137698,0.0208971858456394,0.0,0.0,1.0,0.0,9,605,2019,1,2,2,0,0.1013836477987421,0.1723377075833236,0.0004367333601447
2019-01-02,85,0.9854840244137698,0.0220117024240735,0.0,0.0,1.0,0.0,10,1580,2019,1,2,2,0,0.1041509433962264,0.1754415599497471,0.0004273074602855
2019-01-03,80,0.8222044279334446,0.0172750069657286,0.0,0.0,1.0,0.0,11,1444,2019,1,3,3,0,0.1044025157232704,0.1730925560329811,0.0003424743615523
2019-01-03,82,0.8222044279334446,0.0236834772917247,0.0,0.0,1.0,0.0,12,383,2019,1,3,3,0,0.1129559748427673,0.1772687885799022,0.0007195103559219
2019-01-03,83,0.8222044279334446,0.0147673446642518,0.0,0.0,1.0,0.0,13,432,2019,1,3,3,0,0.1091823899371069,0.172885180085273,0.0006409611904283
2019-01-03,87,0.8222044279334446,0.0172750069657286,0.0,0.0,1.0,0.0,14,674,2019,1,3,3,0,0.1033962264150943,0.1711764022761583,0.0001822340639453
2019-01-03,81,0.8222044279334446,0.0161604903872945,0.0,0.0,1.0,0.0,15,470,2019,1,3,3,0,0.1018867924528302,0.1688102427128092,0.00061896742409
2019-01-03,85,0.8222044279334446,0.0183895235441627,0.0,0.0,1.0,0.0,16,1307,2019,1,3,3,0,0.0996226415094339,0.1683619447082049,0.0006346772571888
2019-01-04,80,0.8620983073362587,0.99247701309557,1.0,0.0,1.0,0.0,17,505,2019,1,4,4,0,0.9758490566037736,0.8446173499012892,0.0115341594610898
2019-01-04,82,0.8620983073362587,0.022290331568682,0.0,0.0,1.0,0.0,18,1943,2019,1,4,4,0,0.9803773584905662,0.8112145419872989,0.0009708676855017
2019-01-04,83,0.1379016926637413,0.0156032320980774,0.0,0.0,1.0,0.0,19,1922,2019,1,4,4,0,0.9730817610062896,0.7769713157589131,0.0008169113211341
2019-01-04,84,0.8620983073362587,0.0167177486765115,0.0,0.0,1.0,0.0,20,1573,2019,1,4,4,0,0.9748427672955976,0.7466529522039915,0.0005969736577518
2019-01-04,5,0.8620983073362587,0.0161604903872945,0.0,0.0,1.0,0.0,21,1814,2019,1,4,4,0,0.9738364779874216,0.7187740838884724,0.0001696661974663
2019-01-04,85,0.8620983073362587,0.0172750069657286,0.0,0.0,1.0,0.0,22,1348,2019,1,4,4,0,0.9748427672955976,0.693925363412824,0.0008294791876131
2019-01-05,80,0.9042947171573152,0.021733073279465,0.0,0.0,1.0,0.0,23,974,2019,1,5,5,1,0.977861635220126,0.6734699802578097,0.0117792328574301
2025-03-15,82,0.9042947171573152,0.0167177486765115,0.0,0.0,1.0,0.0,24,720,2025,3,15,5,1,0.0968553459119497,0.6521426082917199,0.0011593856826865
2019-01-05,83,0.9042947171573152,0.01699637782112,0.0,0.0,1.0,0.0,25,970,2019,1,5,5,1,0.0920754716981132,0.6325898001661561,0.0010085712849386
2019-01-05,84,0.9042947171573152,0.0203399275564224,0.0,0.0,1.0,0.0,26,735,2019,1,5,5,1,0.0963522012578616,0.6160337552742616,0.0008263372209933
2019-01-05,81,0.9042947171573152,0.0206185567010309,0.0,0.0,1.0,0.0,27,908,2019,1,5,5,1,0.0998742138364779,0.6007847105861273,0.0008514729539513
2019-01-05,85,0.9042947171573152,0.0211758149902479,0.0,0.0,1.0,0.0,28,294,2019,1,5,5,1,0.1044025157232704,0.5868275942158987,0.0010682686507138
2019-01-05,87,0.8824206656164364,0.0197826692672053,0.0,0.0,1.0,0.0,29,1275,2019,1,5,5,1,0.1066666666666666,0.5732202996167692,0.0004053136939473
2019-01-06,82,0.8824206656164364,0.0214544441348565,0.0,0.0,1.0,0.0,30,892,2019,1,6,6,1,0.1064150943396226,0.5728719080246196,0.0014013171124069
2019-01-06,83,0.8824206656164364,0.0175536361103371,0.0,0.0,1.0,0.0,31,1776,2019,1,6,6,1,0.1071698113207547,0.5720589943096039,0.0012065151819827
2019-01-06,84,0.8824206656164364,0.0200612984118138,0.0,0.0,1.0,0.0,32,632,2019,1,6,6,1,0.109937106918239,0.5722912553710371,0.0010525588176151
2019-01-06,81,0.8824206656164364,0.0178322652549456,0.0,0.0,1.0,0.0,33,687,2019,1,6,6,1,0.1076729559748427,0.571826733248171,0.0010525588176151
2019-01-06,85,0.8824206656164364,0.0150459738088604,0.0,0.0,1.0,0.0,34,1343,2019,1,6,6,1,0.1026415094339622,0.5710138195331553,0.0012379348481801
2019-01-07,80,0.913705077991224,0.99247701309557,1.0,0.0,1.0,0.0,35,921,2019,1,7,0,0,0.979622641509434,0.978748112878876,0.0229709179569676
2019-01-07,82,0.913705077991224,0.0239621064363332,0.0,0.0,1.0,0.0,36,1621,2019,1,7,0,0,0.9833962264150946,0.9808384624317732,0.0016715262417052
2019-01-07,83,0.913705077991224,0.0192254109779883,0.0,0.0,1.0,0.0,37,594,2019,1,7,0,0,0.9813836477987422,0.9789803739403088,0.0014233108787452
2019-01-07,84,0.913705077991224,0.021733073279465,0.0,0.0,1.0,0.0,38,1896,2019,1,7,0,0,0.9851572327044028,0.9806062013703404,0.0012976322139553
2019-01-07,81,0.0862949220087759,0.0069657286152131,0.0,0.0,1.0,0.0,39,1968,2019,1,7,0,0,0.9733333333333336,0.974799674834514,0.0011311079831087
2019-01-07,85,0.913705077991224,0.0172750069657286,0.0,0.0,1.0,0.0,40,231,2019,1,7,0,0,0.9728301886792456,0.972825455812333,0.0014327367786044
2019-01-08,80,0.8722094235442193,0.0236834772917247,0.0,0.0,1.0,0.0,41,1043,2019,1,8,1,0,0.9806289308176102,0.9754964580188132,0.023237985119646
2019-01-08,82,0.8722094235442193,0.0178322652549456,0.0,0.0,1.0,0.0,42,684,2019,1,8,1,0,0.10062893081761,0.9730577168737662,0.0018726121053689
2019-01-08,6,0.8722094235442193,0.0214544441348565,0.0,0.0,1.0,0.0,43,2012,2019,1,8,1,0,0.0983647798742138,0.9758448496109626,0.0002293635632415
2019-01-08,87,0.8722094235442193,0.0175536361103371,0.0,0.0,1.0,0.0,44,1380,2019,1,8,1,0,0.0968553459119497,0.9759609801416792,0.0006032575909913
2019-01-08,81,0.8722094235442193,0.0175536361103371,0.0,0.0,1.0,0.0,45,1974,2019,1,8,1,0,0.0930817610062893,0.9765416327952618,0.0013290518801528
2019-01-08,85,0.8722094235442193,0.0183895235441627,0.0,0.0,1.0,0.0,46,213,2019,1,8,1,0,0.1033962264150943,0.9765416327952618,0.0016401065755077
2019-01-09,80,0.8030333348623881,0.016439119531903,0.0,0.0,1.0,0.0,47,2055,2019,1,9,2,0,0.1026415094339622,0.5697363836952736,0.0234233611502111
2019-01-09,82,0.8030333348623881,0.0208971858456394,0.0,0.0,1.0,0.0,48,260,2019,1,9,2,0,0.100125786163522,0.5691557310416908,0.0021082596018499
2025-03-15,83,0.8030333348623881,0.0186681526887712,0.0,0.0,1.0,0.0,49,597,2025,3,15,5,1,0.1008805031446541,0.5704331668795726,0.0016338226422682
2019-01-09,84,0.8030333348623881,0.0200612984118138,0.0,0.0,1.0,0.0,50,1389,2019,1,9,2,0,0.0996226415094339,0.571826733248171,0.0015238538105771
2019-01-09,81,0.8030333348623881,0.0197826692672053,0.0,0.0,1.0,0.0,51,15,2019,1,9,2,0,0.1016352201257861,0.5733364301474859,0.0015521315101548
2019-01-09,85,0.8030333348623881,0.0172750069657286,0.0,0.0,1.0,0.0,52,766,2019,1,9,2,0,0.1013836477987421,0.5733364301474859,0.001834908505932
2019-01-10,80,0.8901791947578135,0.9927556422401784,1.0,0.0,1.0,0.0,53,2048,2019,1,10,3,0,0.9811320754716982,0.9780513296945764,0.0346181882163683
2019-01-10,82,0.8901791947578135,0.0197826692672053,0.0,0.0,1.0,0.0,54,1829,2019,1,10,3,0,0.9841509433962266,0.9793287655324584,0.002331339231852
2019-01-10,83,0.8901791947578135,0.0178322652549456,0.0,0.0,1.0,0.0,55,1027,2019,1,10,3,0,0.9813836477987422,0.979677157124608,0.001834908505932
2019-01-10,84,0.8901791947578135,0.0167177486765115,0.0,0.0,1.0,0.0,56,1530,2019,1,10,3,0,0.979622641509434,0.9781674602252932,0.0017123718077619
2019-01-10,81,0.8901791947578135,0.0161604903872945,0.0,0.0,1.0,0.0,57,1013,2019,1,10,3,0,0.9761006289308176,0.9763093717338288,0.0017343655741001
2019-01-10,85,0.8901791947578135,0.0153246029534689,0.0,0.0,1.0,0.0,58,428,2019,1,10,3,0,0.9720754716981134,0.9738706305887816,0.002007716670018
2019-01-10,87,0.0259285269483353,0.0094733909166898,0.0,0.0,1.0,0.0,59,246,2019,1,10,3,0,0.9650314465408808,0.9695738009522704,0.0007100844560627
2019-01-11,82,0.9740714730516646,0.0225689607132906,0.0,0.0,1.0,0.0,60,1964,2019,1,11,4,0,0.0890566037735849,0.9700383230751366,0.0025858385280514
2019-01-11,83,0.9740714730516646,0.0206185567010309,0.0,0.0,1.0,0.0,61,209,2019,1,11,4,0,0.0898113207547169,0.9713157589130184,0.0020674140357932
2019-01-11,84,0.9740714730516646,0.0203399275564224,0.0,0.0,1.0,0.0,62,1669,2019,1,11,4,0,0.0920754716981132,0.9714318894437348,0.0019417353710034
2019-01-11,81,0.9740714730516646,0.0211758149902479,0.0,0.0,1.0,0.0,63,1979,2019,1,11,4,0,0.0961006289308176,0.972825455812333,0.0019731550372008
2019-01-11,85,0.9740714730516646,0.0139314572304263,0.0,0.0,1.0,0.0,64,1254,2019,1,11,4,0,0.0940880503144654,0.972360933689467,0.0021648150010054
2019-01-11,0,0.9487936699641888,0.0214544441348565,0.0,0.0,1.0,0.0,65,1915,2019,1,11,4,0,0.0996226415094339,0.5676460341423759,0.0002293635632415
2019-01-12,82,0.9487936699641888,0.0195040401225968,0.0,0.0,1.0,0.0,66,952,2019,1,12,5,1,0.1086792452830188,0.5657879456509116,0.0028057761914337
2019-01-12,83,0.9487936699641888,0.0192254109779883,0.0,0.0,1.0,0.0,67,289,2019,1,12,5,1,0.1056603773584906,0.5657879456509116,0.0022842097325558
2019-01-12,84,0.9487936699641888,0.0192254109779883,0.0,0.0,1.0,0.0,68,813,2019,1,12,5,1,0.1044025157232704,0.564742770874463,0.0021585310677659
2019-01-12,81,0.9487936699641888,0.0206185567010309,0.0,0.0,1.0,0.0,69,1072,2019,1,12,5,1,0.1046540880503144,0.5704331668795726,0.0022056605670621
2019-01-12,85,0.9487936699641888,0.0197826692672053,0.0,0.0,1.0,0.0,70,1084,2019,1,12,5,1,0.1033962264150943,0.5714783416560214,0.0023878946310074
2019-01-13,80,0.8614475960429735,0.9955419336862636,1.0,0.0,1.0,0.0,71,446,2019,1,13,6,1,0.9896855345911952,0.9765416327952618,0.0458444349487231
2019-01-13,82,0.8614475960429735,0.0189467818333797,0.0,0.0,1.0,0.0,72,59,2019,1,13,6,1,0.987421383647799,0.977006154918128,0.0030194299215765
2019-01-13,83,0.8614475960429735,0.0153246029534689,0.0,0.0,1.0,0.0,73,768,2019,1,13,6,1,0.9836477987421386,0.9744512832423644,0.0024570178966418
2025-03-15,87,0.8614475960429735,0.0208971858456394,0.0,0.0,1.0,0.0,74,656,2025,3,15,5,1,0.9851572327044028,0.9758448496109626,0.0009457319525437
2019-01-13,81,0.8614475960429735,0.0144887155196433,0.0,0.0,1.0,0.0,75,1556,2019,1,13,6,1,0.9808805031446542,0.9745674137730808,0.0023690428312889
2019-01-13,85,0.8614475960429735,0.016439119531903,0.0,0.0,1.0,0.0,76,1716,2019,1,13,6,1,0.9771069182389938,0.9737545000580654,0.0025732706615724
2019-01-14,80,0.838922808073661,0.0208971858456394,0.0,0.0,1.0,0.0,77,124,2019,1,14,0,0,0.97811320754717,0.9756125885495296,0.0460800824452041
2019-01-14,82,0.838922808073661,0.0208971858456394,0.0,0.0,1.0,0.0,78,1081,2019,1,14,0,0,0.0981132075471698,0.9756125885495296,0.0032550774180575
2019-01-14,83,0.1610771919263389,0.0122596823627751,0.0,0.0,1.0,0.0,79,557,2019,1,14,0,0,0.0920754716981132,0.9729415863430496,0.0025952644279107
2019-01-14,84,0.838922808073661,0.0197826692672053,0.0,0.0,1.0,0.0,80,1422,2019,1,14,0,0,0.0961006289308176,0.972825455812333,0.0023816106977679
2019-01-14,81,0.838922808073661,0.0153246029534689,0.0,0.0,1.0,0.0,81,1493,2019,1,14,0,0,0.0910691823899371,0.9709673673208687,0.002541850995375
2019-01-14,85,0.838922808073661,0.016439119531903,0.0,0.0,1.0,0.0,82,669,2019,1,14,0,0,0.0928301886792453,0.9706189757287188,0.0027586466921375
2019-01-15,80,0.8848233093313611,0.0197826692672053,0.0,0.0,1.0,0.0,83,1650,2019,1,15,1,0,0.0958490566037736,0.5650911624666126,0.0463031620752061
2019-01-15,82,0.8848233093313611,0.0239621064363332,0.0,0.0,1.0,0.0,84,16,2019,1,15,1,0,0.0986163522012578,0.5668331204273604,0.0035252865473557
2019-01-15,83,0.8848233093313611,0.0172750069657286,0.0,0.0,1.0,0.0,85,1891,2019,1,15,1,0,0.0953459119496855,0.5666008593659273,0.002790066358335
2019-01-15,84,0.8848233093313611,0.0153246029534689,0.0,0.0,1.0,0.0,86,1508,2019,1,15,1,0,0.0981132075471698,0.5660202067123448,0.002554418861854
2019-01-15,1,0.8848233093313611,0.0206185567010309,0.0,0.0,1.0,0.0,87,1867,2019,1,15,1,0,0.0988679245283019,0.5678782952038091,0.0002199376633822
2019-01-15,85,0.8848233093313611,0.0178322652549456,0.0,0.0,1.0,0.0,88,869,2019,1,15,1,0,0.1011320754716981,0.5689234699802579,0.0029597325558013
2019-01-15,87,0.9079987960263844,0.99052660908331,1.0,0.0,1.0,0.0,89,13,2019,1,15,1,0,0.9806289308176102,0.9778190686331436,0.012115423285743
2019-01-16,82,0.9079987960263844,0.0128169406519921,0.0,0.0,1.0,0.0,90,1434,2019,1,16,2,0,0.9743396226415096,0.9737545000580654,0.003669817011864
2019-01-16,83,0.9079987960263844,0.0234048481471161,0.0,0.0,1.0,0.0,91,284,2019,1,16,2,0,0.9738364779874216,0.9749158053652304,0.0030539915543937
2019-01-16,84,0.9079987960263844,0.0192254109779883,0.0,0.0,1.0,0.0,92,58,2019,1,16,2,0,0.9755974842767298,0.9744512832423644,0.0027712145586165
2019-01-16,81,0.9079987960263844,0.0236834772917247,0.0,0.0,1.0,0.0,93,1919,2019,1,16,2,0,0.9831446540880504,0.9754964580188132,0.0028089181580534
2019-01-16,85,0.9079987960263844,0.0186681526887712,0.0,0.0,1.0,0.0,94,270,2019,1,16,2,0,0.9813836477987422,0.977470677040994,0.0031702443193243
2019-01-17,80,0.9755230781508322,0.0203399275564224,0.0,0.0,1.0,0.0,95,1500,2019,1,17,3,0,0.9836477987421386,0.977006154918128,0.0465325256384476
2019-01-17,82,0.9755230781508322,0.022290331568682,0.0,0.0,1.0,0.0,96,1407,2019,1,17,3,0,0.1094339622641509,0.9781674602252932,0.0039211743414437
2019-01-17,83,0.9755230781508322,0.0128169406519921,0.0,0.0,1.0,0.0,97,588,2019,1,17,3,0,0.1094339622641509,0.9754964580188132,0.003198522018902
2019-01-17,84,0.9755230781508322,0.0200612984118138,0.0,0.0,1.0,0.0,98,1455,2019,1,17,3,0,0.1064150943396226,0.9758448496109626,0.0029974361552382
2025-03-15,81,0.0244769218491677,0.0108665366397325,0.0,0.0,1.0,0.0,99,1735,2025,3,15,5,1,0.0988679245283019,0.9717802810358844,0.0029314548562236
2019-01-17,85,0.9755230781508322,0.0197826692672053,0.0,0.0,1.0,0.0,100,311,2019,1,17,3,0,0.0953459119496855,0.9717802810358844,0.0033933239493263
2019-01-18,80,0.90254279730325,0.0200612984118138,0.0,0.0,1.0,0.0,101,305,2019,1,18,4,0,0.0966037735849056,0.5652072929973291,0.0467587472350693
2019-01-18,82,0.90254279730325,0.0192254109779883,0.0,0.0,1.0,0.0,102,351,2019,1,18,4,0,0.0955974842767295,0.5653234235280455,0.0041379700382063
2019-01-18,83,0.90254279730325,0.021733073279465,0.0,0.0,1.0,0.0,103,1108,2019,1,18,4,0,0.0950943396226415,0.5679944257345257,0.0034435954152423
2019-01-18,87,0.90254279730325,0.0150459738088604,0.0,0.0,1.0,0.0,104,135,2019,1,18,4,0,0.0971069182389937,0.5655556845894787,0.0122850894832093
2019-01-18,81,0.90254279730325,0.0195040401225968,0.0,0.0,1.0,0.0,105,870,2019,1,18,4,0,0.0966037735849056,0.5676460341423759,0.0031513925196058
2019-01-18,85,0.90254279730325,0.0206185567010309,0.0,0.0,1.0,0.0,106,1258,2019,1,18,4,0,0.1054088050314465,0.569387992103124,0.0036258294791876
2019-01-19,80,0.8765141696258067,0.9899693507940932,1.0,0.0,1.0,0.0,107,1419,2019,1,19,5,1,0.9813836477987422,0.9732899779351992,0.0579221546350291
2019-01-19,82,0.8765141696258067,0.0197826692672053,0.0,0.0,1.0,0.0,108,1399,2019,1,19,5,1,0.9811320754716982,0.972825455812333,0.0043610496682083
2019-01-19,86,0.8765141696258067,0.0214544441348565,0.0,0.0,1.0,0.0,109,1316,2019,1,19,5,1,0.9831446540880504,0.9766577633259784,0.0002293635632415
2019-01-19,84,0.8765141696258067,0.0197826692672053,0.0,0.0,1.0,0.0,110,309,2019,1,19,5,1,0.9813836477987422,0.9766577633259784,0.0032205157852402
2019-01-19,81,0.8765141696258067,0.0172750069657286,0.0,0.0,1.0,0.0,111,111,2019,1,19,5,1,0.9833962264150946,0.977470677040994,0.0033461944500301
2019-01-19,85,0.8765141696258067,0.0128169406519921,0.0,0.0,1.0,0.0,112,1392,2019,1,19,5,1,0.977358490566038,0.9759609801416792,0.0037703599436959
2019-01-20,80,0.938282113137074,0.0234048481471161,0.0,0.0,1.0,0.0,113,2080,2019,1,20,6,1,0.9798742138364782,0.977470677040994,0.0581860798310878
2019-01-20,82,0.938282113137074,0.0211758149902479,0.0,0.0,1.0,0.0,114,1642,2019,1,20,6,1,0.1051572327044025,0.9763093717338288,0.004599839131309
2019-01-20,83,0.938282113137074,0.0175536361103371,0.0,0.0,1.0,0.0,115,1574,2019,1,20,6,1,0.1031446540880503,0.9764255022645454,0.0036415393122863
2019-01-20,84,0.938282113137074,0.0133741989412092,0.0,0.0,1.0,0.0,116,1142,2019,1,20,6,1,0.0958490566037736,0.9756125885495296,0.0033713301829881
2019-01-20,81,0.938282113137074,0.0234048481471161,0.0,0.0,1.0,0.0,117,1874,2019,1,20,6,1,0.0991194968553459,0.976773893856695,0.0036101196460888
2019-01-20,85,0.938282113137074,0.0208971858456394,0.0,0.0,1.0,0.0,118,1424,2019,1,20,6,1,0.1023899371069182,0.9780513296945764,0.0040060074401769
2019-01-20,87,0.1573731130572698,0.0128169406519921,0.0,0.0,1.0,0.0,119,1714,2019,1,20,6,1,0.1023899371069182,0.5705492974102893,0.0124296199477176
2019-01-21,82,0.8426268869427302,0.0181108943995541,0.0,0.0,1.0,0.0,120,1003,2019,1,21,0,0,0.0976100628930818,0.5727557774939032,0.0048040669615926
2019-01-21,83,0.8426268869427302,0.0147673446642518,0.0,0.0,1.0,0.0,121,37,2019,1,21,0,0,0.0918238993710691,0.5691557310416908,0.0038080635431329
2019-01-21,84,0.8426268869427302,0.0175536361103371,0.0,0.0,1.0,0.0,122,1023,2019,1,21,0,0,0.0918238993710691,0.5684589478573918,0.0035692740800321
2019-01-21,81,0.8426268869427302,0.0178322652549456,0.0,0.0,1.0,0.0,123,1907,2019,1,21,0,0,0.0958490566037736,0.5660202067123448,0.0038112055097526
2025-03-15,85,0.8426268869427302,0.0181108943995541,0.0,0.0,1.0,0.0,124,658,2025,3,15,5,1,0.0910691823899371,0.5657879456509116,0.0042102352704604
2019-01-22,80,0.8658524302860946,0.993591529674004,1.0,0.0,1.0,0.0,125,1719,2019,1,22,1,0,0.9693081761006292,0.9714318894437348,0.0693903327971043
2019-01-22,82,0.8658524302860946,0.0195040401225968,0.0,0.0,1.0,0.0,126,716,2019,1,22,1,0,0.9753459119496856,0.9702705841365696,0.0050240046249748
2019-01-22,83,0.8658524302860946,0.0206185567010309,0.0,0.0,1.0,0.0,127,2006,2019,1,22,1,0,0.977610062893082,0.9735222389966324,0.0040405690729941
2019-01-22,84,0.8658524302860946,0.0181108943995541,0.0,0.0,1.0,0.0,128,364,2019,1,22,1,0,0.9806289308176102,0.9727093252816166,0.0037735019103157
2019-01-22,81,0.8658524302860946,0.0156032320980774,0.0,0.0,1.0,0.0,129,1311,2019,1,22,1,0,0.978867924528302,0.9746835443037976,0.0039871556404584
2019-01-22,85,0.8658524302860946,0.0220117024240735,0.0,0.0,1.0,0.0,130,1560,2019,1,22,1,0,0.9826415094339624,0.9756125885495296,0.0044584506334204
2019-01-22,2,0.8439783787452158,0.0139314572304263,0.0,0.0,1.0,0.0,131,1376,2019,1,22,1,0,0.978867924528302,0.9730577168737662,0.0001445304645083
2019-01-23,82,0.8439783787452158,0.0181108943995541,0.0,0.0,1.0,0.0,132,106,2019,1,23,2,0,0.0981132075471698,0.9725931947509,0.0052282324552583
2019-01-23,83,0.8439783787452158,0.0211758149902479,0.0,0.0,1.0,0.0,133,1803,2019,1,23,2,0,0.0996226415094339,0.972360933689467,0.0042793585360949
2019-01-23,87,0.8439783787452158,0.0181108943995541,0.0,0.0,1.0,0.0,134,2004,2019,1,23,2,0,0.0973584905660377,0.9736383695273488,0.0126338477780012
2019-01-23,81,0.8439783787452158,0.0242407355809417,0.0,0.0,1.0,0.0,135,1608,2019,1,23,2,0,0.1028930817610063,0.9756125885495296,0.0042605067363764
2019-01-23,85,0.8439783787452158,0.0175536361103371,0.0,0.0,1.0,0.0,136,2040,2019,1,23,2,0,0.1046540880503144,0.9743351527116476,0.0046563945304645
2019-01-24,80,0.9233656969316896,0.0172750069657286,0.0,0.0,1.0,0.0,137,977,2019,1,24,3,0,0.100377358490566,0.5689234699802579,0.0695851347275286
2019-01-24,82,0.9233656969316896,0.021733073279465,0.0,0.0,1.0,0.0,138,1168,2019,1,24,3,0,0.1074213836477987,0.5697363836952736,0.0054733058515986
2019-01-24,83,0.0766343030683103,0.0114237949289495,0.0,0.0,1.0,0.0,139,297,2019,1,24,3,0,0.1013836477987421,0.5655556845894787,0.0044081791675045
2019-01-24,84,0.9233656969316896,0.0197826692672053,0.0,0.0,1.0,0.0,140,655,2019,1,24,3,0,0.100125786163522,0.5655556845894787,0.0039965815403177
2019-01-24,81,0.9233656969316896,0.0158818612426859,0.0,0.0,1.0,0.0,141,1916,2019,1,24,3,0,0.0981132075471698,0.5649750319358959,0.0044395988337019
2019-01-24,85,0.9233656969316896,0.0192254109779883,0.0,0.0,1.0,0.0,142,910,2019,1,24,3,0,0.0935849056603773,0.5676460341423759,0.004873190227227
2019-01-25,80,0.9712183320692448,1.0,1.0,0.0,1.0,0.0,143,1152,2019,1,25,4,0,0.9806289308176102,0.9746835443037976,0.0808616529257993
2019-01-25,82,0.9712183320692448,0.0189467818333797,0.0,0.0,1.0,0.0,144,1610,2019,1,25,4,0,0.9821383647798744,0.9737545000580654,0.0056869595817414
2019-01-25,83,0.9712183320692448,0.0197826692672053,0.0,0.0,1.0,0.0,145,845,2019,1,25,4,0,0.9803773584905662,0.9746835443037976,0.0046312587975065
2019-01-25,84,0.9712183320692448,0.021733073279465,0.0,0.0,1.0,0.0,146,1382,2019,1,25,4,0,0.9896855345911952,0.9781674602252932,0.0042416549366579
2019-01-25,81,0.9712183320692448,0.0192254109779883,0.0,0.0,1.0,0.0,147,1174,2019,1,25,4,0,0.989182389937107,0.9764255022645454,0.0046563945304645
2019-01-25,85,0.9712183320692448,0.0183895235441627,0.0,0.0,1.0,0.0,148,2098,2019,1,25,4,0,0.9914465408805032,0.9753803274880966,0.0050805600241303
2025-03-15,87,0.9443387665051524,0.0186681526887712,0.0,0.0,1.0,0.0,149,1973,2025,3,15,5,1,0.9909433962264153,0.9778190686331436,0.0128443595415242
2019-01-26,82,0.9443387665051524,0.0203399275564224,0.0,0.0,1.0,0.0,150,295,2019,1,26,5,1,0.1064150943396226,0.978748112878876,0.0059163231449829
2019-01-26,83,0.9443387665051524,0.0225689607132906,0.0,0.0,1.0,0.0,151,1128,2019,1,26,5,1,0.1096855345911949,0.9819997677389388,0.004885758093706
2019-01-26,84,0.9443387665051524,0.0172750069657286,0.0,0.0,1.0,0.0,152,137,2019,1,26,5,1,0.1074213836477987,0.981883637208222,0.0044364568670822
2019-01-26,3,0.9443387665051524,0.0195040401225968,0.0,0.0,1.0,0.0,153,1997,2019,1,26,5,1,0.1054088050314465,0.982580420392521,0.0002073697969032
2019-01-26,85,0.9443387665051524,0.0183895235441627,0.0,0.0,1.0,0.0,154,2037,2019,1,26,5,1,0.1046540880503144,0.9826965509232376,0.0052879298210335
2019-01-27,80,0.9547001659548184,0.021733073279465,0.0,0.0,1.0,0.0,155,1326,2019,1,27,6,1,0.1076729559748427,0.5776332597839973,0.0811067263221395
2019-01-27,82,0.9547001659548184,0.0186681526887712,0.0,0.0,1.0,0.0,156,865,2019,1,27,6,1,0.1076729559748427,0.5772848681918477,0.0061268349085059
2019-01-27,83,0.9547001659548184,0.0147673446642518,0.0,0.0,1.0,0.0,157,456,2019,1,27,6,1,0.1026415094339622,0.5748461270468006,0.0050522823245525
2019-01-27,84,0.9547001659548184,0.0167177486765115,0.0,0.0,1.0,0.0,158,719,2019,1,27,6,1,0.0973584905660377,0.5742654743932181,0.004624974864267
2019-01-27,81,0.0452998340451816,0.0130955697966007,0.0,0.0,1.0,0.0,159,1398,2019,1,27,6,1,0.0935849056603773,0.5732202996167692,0.0048040669615926
2019-01-27,85,0.9547001659548184,0.0192254109779883,0.0,0.0,1.0,0.0,160,1217,2019,1,27,6,1,0.0933333333333333,0.5720589943096039,0.005504725517796
2019-01-28,80,1.0,0.9938701588186124,1.0,0.0,1.0,0.0,161,1058,2019,1,28,0,0,0.9740880503144655,0.9804900708396238,0.0923141212547757
2019-01-28,82,1.0,0.0167177486765115,0.0,0.0,1.0,0.0,162,749,2019,1,28,0,0,0.9695597484276732,0.979909418186041,0.0063153529056907
2019-01-28,83,1.0,0.0214544441348565,0.0,0.0,1.0,0.0,163,144,2019,1,28,0,0,0.9720754716981134,0.9800255487167576,0.005294213754273
2019-01-28,87,1.0,0.0228475898578991,0.0,0.0,1.0,0.0,164,1912,2019,1,28,0,0,0.97937106918239,0.9819997677389388,0.0131020008043434
2019-01-28,81,1.0,0.0228475898578991,0.0,0.0,1.0,0.0,165,575,2019,1,28,0,0,0.9849056603773584,0.981419115085356,0.0050617082244118
2019-01-28,85,1.0,0.0181108943995541,0.0,0.0,1.0,0.0,166,1120,2019,1,28,0,0,0.989433962264151,0.9816513761467888,0.0057089533480796
2019-01-29,80,0.9977475262300984,0.021733073279465,0.0,0.0,1.0,0.0,167,660,2019,1,29,1,0,0.9916981132075472,0.9835094646382534,0.092559194651116
2019-01-29,82,0.9977475262300984,0.0189467818333797,0.0,0.0,1.0,0.0,168,438,2019,1,29,1,0,0.1114465408805031,0.982348159331088,0.0065290066358335
2019-01-29,83,0.9977475262300984,0.027584285316244,0.0,0.0,1.0,0.0,169,650,2019,1,29,1,0,0.1212578616352201,0.9890837301126464,0.0056052684496279
2019-01-29,84,0.9977475262300984,0.0189467818333797,0.0,0.0,1.0,0.0,170,883,2019,1,29,1,0,0.1189937106918239,0.9887353385204972,0.0048386285944098
2019-01-29,81,0.9977475262300984,0.0225689607132906,0.0,0.0,1.0,0.0,171,1911,2019,1,29,1,0,0.1187421383647799,0.9915224712576935,0.0053162075206113
2019-01-29,85,0.9977475262300984,0.0225689607132906,0.0,0.0,1.0,0.0,172,860,2019,1,29,1,0,0.1184905660377358,0.992916037626292,0.0059634526442791
2019-01-30,80,0.9010912047716566,0.0156032320980774,0.0,0.0,1.0,0.0,173,938,2019,1,30,2,0,0.1162264150943396,0.5826268726048078,0.0927351447818218
2025-03-15,82,0.9010912047716566,0.0211758149902479,0.0,0.0,1.0,0.0,174,1200,2025,3,15,5,1,0.1157232704402515,0.58355591685054,0.0067677960989342
2025-03-15,4,0.9010912047716566,0.0153246029534689,0.0,0.0,1.0,0.0,175,2097,2025,3,15,5,1,0.1124528301886792,0.5816978283590757,0.000160240297607
2019-01-30,84,0.9010912047716566,0.0242407355809417,0.0,0.0,1.0,0.0,176,1487,2019,1,30,2,0,0.1094339622641509,0.5827430031355243,0.0051119796903277
2019-01-30,81,0.9010912047716566,0.0214544441348565,0.0,0.0,1.0,0.0,177,630,2019,1,30,2,0,0.1116981132075471,0.5836720473812567,0.0055581389503317
2019-01-30,85,0.9010912047716566,0.022290331568682,0.0,0.0,1.0,0.0,178,1956,2019,1,30,2,0,0.1114465408805031,0.5852978748112878,0.0062148099738588
2019-01-30,87,0.1550205259906861,0.9877403176372248,1.0,0.0,1.0,0.0,179,276,2019,1,30,2,0,0.9828930817610064,0.9891998606433632,0.0242402724713452
2019-01-31,82,0.8449794740093138,0.0161604903872945,0.0,0.0,1.0,0.0,180,1940,2019,1,31,3,0,0.9833962264150946,0.9874579026826154,0.0069500301628795
2019-01-31,83,0.8449794740093138,0.0167177486765115,0.0,0.0,1.0,0.0,181,511,2019,1,31,3,0,0.97937106918239,0.985019161537568,0.0057937864468127
2019-01-31,84,0.8449794740093138,0.021733073279465,0.0,0.0,1.0,0.0,182,1604,2019,1,31,3,0,0.9851572327044028,0.9868772500290326,0.005357053086668
2019-01-31,81,0.8449794740093138,0.0183895235441627,0.0,0.0,1.0,0.0,183,399,2019,1,31,3,0,0.9798742138364782,0.9864127279061664,0.005765508747235
2019-01-31,85,0.8449794740093138,0.0195040401225968,0.0,0.0,1.0,0.0,184,1663,2019,1,31,3,0,0.97811320754717,0.9868772500290326,0.0064347476372411
2019-02-01,80,0.9331264417364116,0.0208971858456394,0.0,0.0,1.0,0.0,185,1188,2019,2,1,4,0,0.9768553459119498,0.986528858436883,0.0929707922783028
2019-02-01,82,0.9331264417364116,0.0156032320980774,0.0,0.0,1.0,0.0,186,821,2019,2,1,4,0,0.0991194968553459,0.9852514225990014,0.0071259802935853
2019-02-01,83,0.9331264417364116,0.0200612984118138,0.0,0.0,1.0,0.0,187,508,2019,2,1,4,0,0.1026415094339622,0.9874579026826154,0.0060200080434345
2019-02-01,84,0.9331264417364116,0.0189467818333797,0.0,0.0,1.0,0.0,188,188,2019,2,1,4,0,0.1046540880503144,0.9883869469283476,0.0055707068168107
2019-02-01,81,0.9331264417364116,0.0206185567010309,0.0,0.0,1.0,0.0,189,956,2019,2,1,4,0,0.1036477987421383,0.9915224712576935,0.0059980142770963
2019-02-01,85,0.9331264417364116,0.0225689607132906,0.0,0.0,1.0,0.0,190,790,2019,2,1,4,0,0.1074213836477987,0.992916037626292,0.0066892469334405
2019-02-02,80,0.9854840244137698,0.021733073279465,0.0,0.0,1.0,0.0,191,1685,2019,2,2,5,1,0.1094339622641509,0.5877366159563349,0.093215865674643
2019-02-02,82,0.9854840244137698,0.0195040401225968,0.0,0.0,1.0,0.0,192,764,2019,2,2,5,1,0.1081761006289308,0.5888979212635002,0.0073459179569676
2019-02-02,83,0.9854840244137698,0.0203399275564224,0.0,0.0,1.0,0.0,193,1141,2019,2,2,5,1,0.1124528301886792,0.5884333991406341,0.006249371606676
2019-02-02,87,0.9854840244137698,0.0178322652549456,0.0,0.0,1.0,0.0,194,556,2019,2,2,5,1,0.110440251572327,0.5863430495877366,0.024441358335009
2019-02-02,81,0.9854840244137698,0.0142100863750348,0.0,0.0,1.0,0.0,195,1799,2019,2,2,5,1,0.1061635220125786,0.5827430031355243,0.0061582545747033
2019-02-02,85,0.9854840244137698,0.0206185567010309,0.0,0.0,1.0,0.0,196,490,2019,2,2,5,1,0.1061635220125786,0.5837881779119731,0.0069217524633018
2019-02-02,32,0.8222044279334446,0.988297575926442,1.0,0.0,1.0,0.0,197,200,2019,2,2,5,1,0.97811320754717,0.9866449889675996,0.0111319877337623
2019-02-03,82,0.8222044279334446,0.0156032320980774,0.0,0.0,1.0,0.0,198,2066,2019,2,3,6,1,0.9725786163522012,0.9852514225990014,0.0075218680876734
2025-03-15,83,0.1777955720665553,0.0211758149902479,0.0,0.0,1.0,0.0,199,1497,2025,3,15,5,1,0.9740880503144655,0.982580420392521,0.0064881610697767
2019-02-03,84,0.8222044279334446,0.0200612984118138,0.0,0.0,1.0,0.0,200,601,2019,2,3,6,1,0.9738364779874216,0.9830449425153872,0.0057969284134325
2019-02-03,81,0.8222044279334446,0.0236834772917247,0.0,0.0,1.0,0.0,201,1008,2019,2,3,6,1,0.9791194968553462,0.9835094646382534,0.0064253217373818
2019-02-03,85,0.8222044279334446,0.0136528280858177,0.0,0.0,1.0,0.0,202,1533,2019,2,3,6,1,0.978616352201258,0.9797932876553246,0.0070757088276694
2019-02-04,80,0.8620983073362587,0.0181108943995541,0.0,0.0,1.0,0.0,203,2035,2019,2,4,0,0,0.976352201257862,0.9808384624317732,0.0934200935049266
2019-02-04,82,0.8620983073362587,0.0197826692672053,0.0,0.0,1.0,0.0,204,878,2019,2,4,0,0,0.1018867924528302,0.9802578097781908,0.0077449477176754
2019-02-04,83,0.8620983073362587,0.0142100863750348,0.0,0.0,1.0,0.0,205,1401,2019,2,4,0,0,0.10062893081761,0.9797932876553246,0.0066484013673838
2019-02-04,84,0.8620983073362587,0.0192254109779883,0.0,0.0,1.0,0.0,206,1056,2019,2,4,0,0,0.0988679245283019,0.9777029381024273,0.006013724110195
2019-02-04,81,0.8620983073362587,0.0214544441348565,0.0,0.0,1.0,0.0,207,362,2019,2,4,0,0,0.100125786163522,0.9777029381024273,0.0066672531671023
2019-02-04,85,0.8620983073362587,0.0261911395932014,0.0,0.0,1.0,0.0,208,1071,2019,2,4,0,0,0.1023899371069182,0.9793287655324584,0.0073710536899255
2019-02-04,87,0.9042947171573152,0.0130955697966007,0.0,0.0,1.0,0.0,209,203,2019,2,4,0,0,0.1018867924528302,0.5731041690860528,0.0245890307661371
2019-02-05,82,0.9042947171573152,0.0225689607132906,0.0,0.0,1.0,0.0,210,959,2019,2,5,1,0,0.1059119496855346,0.5757751712925328,0.0079994470138749
2019-02-05,83,0.9042947171573152,0.0183895235441627,0.0,0.0,1.0,0.0,211,194,2019,2,5,1,0,0.1046540880503144,0.576471954476832,0.0068557711642871
2019-02-05,84,0.9042947171573152,0.0186681526887712,0.0,0.0,1.0,0.0,212,2056,2019,2,5,1,0,0.1086792452830188,0.5751945186389502,0.006224235873718
2019-02-05,81,0.9042947171573152,0.0200612984118138,0.0,0.0,1.0,0.0,213,1395,2019,2,5,1,0,0.1094339622641509,0.5758913018232494,0.0068934747637241
2019-02-05,85,0.9042947171573152,0.0228475898578991,0.0,0.0,1.0,0.0,214,1315,2019,2,5,1,0,0.110691823899371,0.5772848681918477,0.0076286949527448
2019-02-06,80,0.8824206656164364,0.9980495959877403,1.0,0.0,1.0,0.0,215,1130,2019,2,6,2,0,0.9881761006289308,0.984554639414702,0.104674617936859
2019-02-06,82,0.8824206656164364,0.0175536361103371,0.0,0.0,1.0,0.0,216,1731,2019,2,6,2,0,0.9922012578616356,0.9853675531297176,0.0081973909109189
2019-02-06,83,0.8824206656164364,0.016439119531903,0.0,0.0,1.0,0.0,217,285,2019,2,6,2,0,0.9866666666666668,0.983857856230403,0.0070411471948522
2019-02-06,84,0.8824206656164364,0.0178322652549456,0.0,0.0,1.0,0.0,218,1167,2019,2,6,2,0,0.9861635220125788,0.9833933341075368,0.0064253217373818
2019-02-06,86,0.1175793343835636,0.0086375034828643,0.0,0.0,1.0,0.0,219,993,2019,2,6,2,0,0.9771069182389938,0.978399721286726,0.0003267645284536
2019-02-06,85,0.8824206656164364,0.016439119531903,0.0,0.0,1.0,0.0,220,1090,2019,2,6,2,0,0.9738364779874216,0.9758448496109626,0.0078140709833098
2019-02-07,80,0.913705077991224,0.0203399275564224,0.0,0.0,1.0,0.0,221,1266,2019,2,7,3,0,0.9715723270440252,0.97526419695738,0.1049039815001005
2019-02-07,82,0.913705077991224,0.0161604903872945,0.0,0.0,1.0,0.0,222,2094,2019,2,7,3,0,0.0850314465408805,0.9738706305887816,0.0083796249748642
2019-02-07,83,0.913705077991224,0.0225689607132906,0.0,0.0,1.0,0.0,223,390,2019,2,7,3,0,0.0895597484276729,0.974799674834514,0.0072956464910516
2025-03-15,87,0.913705077991224,0.0181108943995541,0.0,0.0,1.0,0.0,224,2052,2025,3,15,5,1,0.0910691823899371,0.9749158053652304,0.0247932585964206
2019-02-07,81,0.913705077991224,0.0153246029534689,0.0,0.0,1.0,0.0,225,783,2019,2,7,3,0,0.0888050314465409,0.9753803274880966,0.0070662829278101
2019-02-07,85,0.913705077991224,0.0181108943995541,0.0,0.0,1.0,0.0,226,182,2019,2,7,3,0,0.0973584905660377,0.9743351527116476,0.0080182988135934
2019-02-08,80,0.8722094235442193,0.0236834772917247,0.0,0.0,1.0,0.0,227,848,2019,2,8,4,0,0.1038993710691824,0.5722912553710371,0.105171048662779
2019-02-08,82,0.8722094235442193,0.0186681526887712,0.0,0.0,1.0,0.0,228,1136,2019,2,8,4,0,0.1023899371069182,0.5735686912089188,0.0085901367383872
2019-02-08,83,0.8722094235442193,0.021733073279465,0.0,0.0,1.0,0.0,229,68,2019,2,8,4,0,0.1074213836477987,0.573800952270352,0.0075407198873919
2019-02-08,84,0.8722094235442193,0.0153246029534689,0.0,0.0,1.0,0.0,230,1809,2019,2,8,4,0,0.1008805031446541,0.571826733248171,0.0065981299014679
2019-02-08,81,0.8722094235442193,0.0203399275564224,0.0,0.0,1.0,0.0,231,368,2019,2,8,4,0,0.1028930817610063,0.5704331668795726,0.0072956464910516
2019-02-08,85,0.8722094235442193,0.0200612984118138,0.0,0.0,1.0,0.0,232,375,2019,2,8,4,0,0.1071698113207547,0.5731041690860528,0.0082445204102151
2019-02-09,80,0.8030333348623881,0.9938701588186124,1.0,0.0,1.0,0.0,233,1543,2019,2,9,5,1,0.9881761006289308,0.9797932876553246,0.1163784435954152
2019-02-09,82,0.8030333348623881,0.0144887155196433,0.0,0.0,1.0,0.0,234,1661,2019,2,9,5,1,0.9798742138364782,0.9775868075717103,0.0087535190026141
2019-02-09,83,0.8030333348623881,0.0186681526887712,0.0,0.0,1.0,0.0,235,171,2019,2,9,5,1,0.9798742138364782,0.979444896063175,0.0077512316509149
2019-02-09,84,0.8030333348623881,0.0178322652549456,0.0,0.0,1.0,0.0,236,4,2019,2,9,5,1,0.976352201257862,0.9788642434095924,0.0067992157651317
2019-02-09,81,0.8030333348623881,0.0225689607132906,0.0,0.0,1.0,0.0,237,1836,2019,2,9,5,1,0.9828930817610064,0.9793287655324584,0.0075501457872511
2019-02-09,85,0.8030333348623881,0.0206185567010309,0.0,0.0,1.0,0.0,238,811,2019,2,9,5,1,0.9831446540880504,0.977006154918128,0.0084770259400764
2019-02-09,87,0.1098208052421865,0.0086375034828643,0.0,0.0,1.0,0.0,239,326,2019,2,9,5,1,0.9728301886792456,0.9751480664266636,0.0248906595616328
2019-02-10,82,0.8901791947578135,0.0211758149902479,0.0,0.0,1.0,0.0,240,747,2019,2,10,6,1,0.0945911949685534,0.9745674137730808,0.0089923084657148
2019-02-10,27,0.8901791947578135,0.0150459738088604,0.0,0.0,1.0,0.0,241,576,2019,2,10,6,1,0.0950943396226415,0.9731738474044828,0.0001570983309873
2019-02-10,84,0.8901791947578135,0.0200612984118138,0.0,0.0,1.0,0.0,242,186,2019,2,10,6,1,0.0963522012578616,0.9737545000580654,0.0070254373617534
2019-02-10,81,0.8901791947578135,0.0158818612426859,0.0,0.0,1.0,0.0,243,346,2019,2,10,6,1,0.0945911949685534,0.9720125420973174,0.0077292378845767
2019-02-10,85,0.8901791947578135,0.0181108943995541,0.0,0.0,1.0,0.0,244,1618,2019,2,10,6,1,0.090566037735849,0.9700383230751366,0.0086812537703599
2019-02-11,80,0.9740714730516646,0.022290331568682,0.0,0.0,1.0,0.0,245,1176,2019,2,11,0,0,0.0920754716981132,0.5633492045058646,0.1166298009249949
2019-02-11,82,0.9740714730516646,0.0203399275564224,0.0,0.0,1.0,0.0,246,1840,2019,2,11,0,0,0.1026415094339622,0.5645105098130299,0.0092216720289563
2019-02-11,83,0.9740714730516646,0.0192254109779883,0.0,0.0,1.0,0.0,247,204,2019,2,11,0,0,0.1008805031446541,0.5656718151201952,0.0079680273476774
2019-02-11,84,0.9740714730516646,0.0236834772917247,0.0,0.0,1.0,0.0,248,391,2019,2,11,0,0,0.1086792452830188,0.5681105562652422,0.0072925045244319
2025-03-15,81,0.9740714730516646,0.0220117024240735,0.0,0.0,1.0,0.0,249,1156,2025,3,15,5,1,0.110440251572327,0.5736848217396353,0.0079774532475366
2019-02-11,85,0.9740714730516646,0.016439119531903,0.0,0.0,1.0,0.0,250,1779,2019,2,11,0,0,0.1109433962264151,0.5736848217396353,0.0088666298009249
2019-02-12,80,0.9487936699641888,0.994148787963221,1.0,0.0,1.0,0.0,251,727,2019,2,12,1,0,0.9922012578616356,0.9795610265938914,0.1278403378242509
2019-02-12,82,0.9487936699641888,0.0206185567010309,0.0,0.0,1.0,0.0,252,397,2019,2,12,1,0,0.9906918238993712,0.981419115085356,0.0094541775588176
2019-02-12,83,0.9487936699641888,0.0208971858456394,0.0,0.0,1.0,0.0,253,190,2019,2,12,1,0,0.9911949685534592,0.9807223319010568,0.0082036748441584
2019-02-12,87,0.9487936699641888,0.0214544441348565,0.0,0.0,1.0,0.0,254,797,2019,2,12,1,0,0.9932075471698116,0.982115898269655,0.0251325909913533
2019-02-12,81,0.9487936699641888,0.0175536361103371,0.0,0.0,1.0,0.0,255,699,2019,2,12,1,0,0.987672955974843,0.9830449425153872,0.0081753971445807
2019-02-12,85,0.9487936699641888,0.0206185567010309,0.0,0.0,1.0,0.0,256,95,2019,2,12,1,0,0.9864150943396228,0.984090117291836,0.0090991353307862
2019-02-13,80,0.8614475960429735,0.0231262190025076,0.0,0.0,1.0,0.0,257,1022,2019,2,13,2,0,0.9924528301886796,0.983857856230403,0.1281011210536899
2019-02-13,82,0.8614475960429735,0.0153246029534689,0.0,0.0,1.0,0.0,258,1532,2019,2,13,2,0,0.1086792452830188,0.9824642898618048,0.0096269857229036
2019-02-13,83,0.1385524039570264,0.0114237949289495,0.0,0.0,1.0,0.0,259,109,2019,2,13,2,0,0.100377358490566,0.9781674602252932,0.008332495475568
2019-02-13,84,0.8614475960429735,0.0183895235441627,0.0,0.0,1.0,0.0,260,39,2019,2,13,2,0,0.0981132075471698,0.979444896063175,0.0074998743213352
2019-02-13,81,0.8614475960429735,0.0214544441348565,0.0,0.0,1.0,0.0,261,1667,2019,2,13,2,0,0.0981132075471698,0.979909418186041,0.0084173285743012
2019-02-13,85,0.8614475960429735,0.0142100863750348,0.0,0.0,1.0,0.0,262,602,2019,2,13,2,0,0.0950943396226415,0.977470677040994,0.0092593756283933
2019-02-13,28,0.838922808073661,0.01699637782112,0.0,0.0,1.0,0.0,263,1314,2019,2,13,2,0,0.0918238993710691,0.5703170363488561,0.0001790920973255
2019-02-14,82,0.838922808073661,0.0195040401225968,0.0,0.0,1.0,0.0,264,1467,2019,2,14,3,0,0.0885534591194968,0.5724073859017536,0.0098469233862859
2019-02-14,83,0.838922808073661,0.0239621064363332,0.0,0.0,1.0,0.0,265,1205,2019,2,14,3,0,0.0963522012578616,0.5746138659853675,0.0086027046048662
2019-02-14,84,0.838922808073661,0.0189467818333797,0.0,0.0,1.0,0.0,266,822,2019,2,14,3,0,0.1031446540880503,0.5750783881082338,0.0077135280514779
2019-02-14,81,0.838922808073661,0.0158818612426859,0.0,0.0,1.0,0.0,267,1754,2019,2,14,3,0,0.1008805031446541,0.5722912553710371,0.0085964206716267
2019-02-14,85,0.838922808073661,0.0195040401225968,0.0,0.0,1.0,0.0,268,816,2019,2,14,3,0,0.0991194968553459,0.571826733248171,0.0094793132917755
2019-02-14,87,0.8848233093313611,0.994148787963221,1.0,0.0,1.0,0.0,269,1347,2019,2,14,3,0,0.9838993710691826,0.982580420392521,0.0363431278906092
2019-02-15,82,0.8848233093313611,0.0153246029534689,0.0,0.0,1.0,0.0,270,2104,2019,2,15,4,0,0.9823899371069184,0.9801416792474742,0.010019731550372
2019-02-15,83,0.8848233093313611,0.0225689607132906,0.0,0.0,1.0,0.0,271,741,2019,2,15,4,0,0.9851572327044028,0.9832772035768202,0.0088572039010657
2019-02-15,84,0.8848233093313611,0.0225689607132906,0.0,0.0,1.0,0.0,272,1111,2019,2,15,4,0,0.9838993710691826,0.9843223783532692,0.0079680273476774
2019-02-15,81,0.8848233093313611,0.0234048481471161,0.0,0.0,1.0,0.0,273,842,2019,2,15,4,0,0.9879245283018868,0.9874579026826154,0.0088603458676855
2025-03-15,85,0.8848233093313611,0.0189467818333797,0.0,0.0,1.0,0.0,274,1449,2025,3,15,5,1,0.9906918238993712,0.9878062942747649,0.0096929670219183
2019-02-16,80,0.9079987960263844,0.0192254109779883,0.0,0.0,1.0,0.0,275,1711,2019,2,16,5,1,0.9904402515723272,0.986528858436883,0.1283179167504524
2019-02-16,82,0.9079987960263844,0.0200612984118138,0.0,0.0,1.0,0.0,276,1194,2019,2,16,5,1,0.1109433962264151,0.9864127279061664,0.0102459531469937
2019-02-16,83,0.9079987960263844,0.016439119531903,0.0,0.0,1.0,0.0,277,1247,2019,2,16,5,1,0.1119496855345912,0.9852514225990014,0.0090425799316308
2019-02-16,84,0.9079987960263844,0.0142100863750348,0.0,0.0,1.0,0.0,278,1732,2019,2,16,5,1,0.1044025157232704,0.9813029845546392,0.0081282676452845
2019-02-16,81,0.0920012039736156,0.0086375034828643,0.0,0.0,1.0,0.0,279,184,2019,2,16,5,1,0.0918238993710691,0.9757287190802462,0.0089577468328976
2019-02-16,85,0.9079987960263844,0.0261911395932014,0.0,0.0,1.0,0.0,280,2022,2019,2,16,5,1,0.0943396226415094,0.9797932876553246,0.0099883118841745
2019-02-17,80,0.9755230781508322,0.022290331568682,0.0,0.0,1.0,0.0,281,592,2019,2,17,6,1,0.0973584905660377,0.5747299965160841,0.1285692740800322
2019-02-17,82,0.9755230781508322,0.0192254109779883,0.0,0.0,1.0,0.0,282,867,2019,2,17,6,1,0.0973584905660377,0.5741493438625014,0.0104627488437562
2019-02-17,83,0.9755230781508322,0.0178322652549456,0.0,0.0,1.0,0.0,283,1373,2019,2,17,6,1,0.0953459119496855,0.5728719080246196,0.0092436657952945
2019-02-17,87,0.9755230781508322,0.0197826692672053,0.0,0.0,1.0,0.0,284,1634,2019,2,17,6,1,0.0983647798742138,0.5721751248403206,0.0365662075206113
2019-02-17,29,0.9755230781508322,0.0225689607132906,0.0,0.0,1.0,0.0,285,2046,2019,2,17,6,1,0.1059119496855346,0.5742654743932181,0.0002419314297204
2019-02-17,85,0.9755230781508322,0.0139314572304263,0.0,0.0,1.0,0.0,286,1597,2019,2,17,6,1,0.110691823899371,0.5714783416560214,0.0101454102151618
2019-02-18,80,0.90254279730325,0.9969350794093064,1.0,0.0,1.0,0.0,287,1102,2019,2,18,0,0,0.987169811320755,0.9773545465102776,0.1398112306454856
2019-02-18,82,0.90254279730325,0.0197826692672053,0.0,0.0,1.0,0.0,288,1770,2019,2,18,0,0,0.9849056603773584,0.979212635001742,0.0106858284737582
2019-02-18,83,0.90254279730325,0.0178322652549456,0.0,0.0,1.0,0.0,289,278,2019,2,18,0,0,0.9836477987421386,0.981883637208222,0.0094447516589583
2019-02-18,84,0.90254279730325,0.0197826692672053,0.0,0.0,1.0,0.0,290,580,2019,2,18,0,0,0.9854088050314468,0.9824642898618048,0.0083513472752865
2019-02-18,81,0.90254279730325,0.0144887155196433,0.0,0.0,1.0,0.0,291,395,2019,2,18,0,0,0.9806289308176102,0.9795610265938914,0.0091211290971244
2019-02-18,85,0.90254279730325,0.0220117024240735,0.0,0.0,1.0,0.0,292,118,2019,2,18,0,0,0.9801257861635222,0.9828126814539542,0.0103936255781218
2019-02-19,80,0.8765141696258067,0.0195040401225968,0.0,0.0,1.0,0.0,293,1210,2019,2,19,1,0,0.9851572327044028,0.983857856230403,0.1400311683088679
2019-02-19,82,0.8765141696258067,0.0161604903872945,0.0,0.0,1.0,0.0,294,1423,2019,2,19,1,0,0.0996226415094339,0.9824642898618048,0.0108680625377035
2019-02-19,83,0.8765141696258067,0.0136528280858177,0.0,0.0,1.0,0.0,295,152,2019,2,19,1,0,0.0940880503144654,0.9781674602252932,0.0095987080233259
2019-02-19,84,0.8765141696258067,0.0178322652549456,0.0,0.0,1.0,0.0,296,1792,2019,2,19,1,0,0.0940880503144654,0.9777029381024273,0.0085524331389503
2019-02-19,81,0.8765141696258067,0.0186681526887712,0.0,0.0,1.0,0.0,297,1377,2019,2,19,1,0,0.0930817610062893,0.9788642434095924,0.0093316408606474
2019-02-19,85,0.8765141696258067,0.0245193647255502,0.0,0.0,1.0,0.0,298,14,2019,2,19,1,0,0.1021383647798742,0.98095459296249,0.0106701186406595
2025-03-15,87,0.061717886862926,0.0097520200612984,0.0,0.0,1.0,0.0,299,1324,2025,3,15,5,1,0.0910691823899371,0.5706654279410057,0.0366761763523024
2019-02-20,82,0.938282113137074,0.0206185567010309,0.0,0.0,1.0,0.0,300,1052,2019,2,20,2,0,0.0920754716981132,0.5728719080246196,0.0111005680675648
2019-02-20,83,0.938282113137074,0.0167177486765115,0.0,0.0,1.0,0.0,301,1513,2019,2,20,2,0,0.0925786163522012,0.5704331668795726,0.0097872260205107
2019-02-20,84,0.938282113137074,0.0183895235441627,0.0,0.0,1.0,0.0,302,1945,2019,2,20,2,0,0.0968553459119497,0.5686912089188247,0.0087598029358536
2019-02-20,81,0.938282113137074,0.0175536361103371,0.0,0.0,1.0,0.0,303,1906,2019,2,20,2,0,0.0966037735849056,0.5662524677737777,0.0095295847576915
2019-02-20,85,0.938282113137074,0.0181108943995541,0.0,0.0,1.0,0.0,304,334,2019,2,20,2,0,0.0961006289308176,0.5659040761816281,0.010874346470943
2019-02-21,80,0.8426268869427302,0.9955419336862636,1.0,0.0,1.0,0.0,305,1453,2019,2,21,3,0,0.9728301886792456,0.972825455812333,0.1512574150412226
2019-02-21,82,0.8426268869427302,0.0181108943995541,0.0,0.0,1.0,0.0,306,1360,2019,2,21,3,0,0.9803773584905662,0.9720125420973174,0.0113047958978483
2019-02-21,30,0.8426268869427302,0.0147673446642518,0.0,0.0,1.0,0.0,307,1593,2019,2,21,3,0,0.9750943396226416,0.9713157589130184,0.0001539563643675
2019-02-21,84,0.8426268869427302,0.0158818612426859,0.0,0.0,1.0,0.0,308,1471,2019,2,21,3,0,0.9743396226415096,0.9720125420973174,0.0089388950331791
2019-02-21,81,0.8426268869427302,0.0156032320980774,0.0,0.0,1.0,0.0,309,1564,2019,2,21,3,0,0.9718238993710692,0.9749158053652304,0.0097055348883973
2019-02-21,85,0.8426268869427302,0.021733073279465,0.0,0.0,1.0,0.0,310,1268,2019,2,21,3,0,0.9755974842767298,0.9730577168737662,0.0111194198672833
2019-02-22,80,0.8658524302860946,0.0178322652549456,0.0,0.0,1.0,0.0,311,1260,2019,2,22,4,0,0.9753459119496856,0.9711996283823016,0.1514585009048863
2019-02-22,82,0.8658524302860946,0.0158818612426859,0.0,0.0,1.0,0.0,312,502,2019,2,22,4,0,0.0908176100628931,0.9698060620137036,0.0114838879951739
2019-02-22,83,0.8658524302860946,0.0178322652549456,0.0,0.0,1.0,0.0,313,1390,2019,2,22,4,0,0.090566037735849,0.9698060620137036,0.0099883118841745
2019-02-22,87,0.8658524302860946,0.0192254109779883,0.0,0.0,1.0,0.0,314,1223,2019,2,22,4,0,0.0945911949685534,0.9695738009522704,0.0368929720490649
2019-02-22,81,0.8658524302860946,0.022290331568682,0.0,0.0,1.0,0.0,315,639,2019,2,22,4,0,0.100377358490566,0.9694576704215538,0.009956892217977
2019-02-22,85,0.8658524302860946,0.0142100863750348,0.0,0.0,1.0,0.0,316,140,2019,2,22,4,0,0.0991194968553459,0.9695738009522704,0.0112796601648904
2019-02-23,80,0.8439783787452158,0.0181108943995541,0.0,0.0,1.0,0.0,317,67,2019,2,23,5,1,0.0958490566037736,0.5616072465451167,0.1516627287351699
2019-02-23,82,0.8439783787452158,0.0142100863750348,0.0,0.0,1.0,0.0,318,1026,2019,2,23,5,1,0.0925786163522012,0.5592846359307864,0.011644128292781
2019-02-23,83,0.1560216212547843,0.0128169406519921,0.0,0.0,1.0,0.0,319,92,2019,2,23,5,1,0.0898113207547169,0.5571942863778887,0.0101328423486828
2019-02-23,84,0.8439783787452158,0.016439119531903,0.0,0.0,1.0,0.0,320,1473,2019,2,23,5,1,0.0885534591194968,0.5558007200092905,0.0091242710637442
2019-02-23,81,0.8439783787452158,0.0153246029534689,0.0,0.0,1.0,0.0,321,64,2019,2,23,5,1,0.0850314465408805,0.5561491116014401,0.0101297003820631
2019-02-23,85,0.8439783787452158,0.0181108943995541,0.0,0.0,1.0,0.0,322,1904,2019,2,23,5,1,0.0812578616352201,0.5545232841714087,0.0114838879951739
2019-02-24,80,0.9233656969316896,0.989412092504876,1.0,0.0,1.0,0.0,323,1113,2019,2,24,6,1,0.9617610062893084,0.9587736615956336,0.1628198522018902
2025-03-15,82,0.9233656969316896,0.0156032320980774,0.0,0.0,1.0,0.0,324,1181,2025,3,15,5,1,0.959496855345912,0.9585414005342006,0.0118200784234868
2019-02-24,83,0.9233656969316896,0.0211758149902479,0.0,0.0,1.0,0.0,325,169,2019,2,24,6,1,0.9657861635220129,0.9616769248635466,0.0103716318117836
2019-02-24,84,0.9233656969316896,0.0192254109779883,0.0,0.0,1.0,0.0,326,937,2019,2,24,6,1,0.9715723270440252,0.9622575775171291,0.0093410667605067
2019-02-24,81,0.9233656969316896,0.0178322652549456,0.0,0.0,1.0,0.0,327,1403,2019,2,24,6,1,0.9728301886792456,0.9619091859249796,0.0103307862457269
2019-02-24,85,0.9233656969316896,0.0208971858456394,0.0,0.0,1.0,0.0,328,32,2019,2,24,6,1,0.977861635220126,0.9603994890256649,0.0117195354916549
2019-02-25,82,0.9712183320692448,0.0256338813039843,0.0,0.0,1.0,0.0,329,1737,2019,2,25,0,0,0.9846540880503144,0.9670189292765068,0.0121091393525035
2019-02-25,83,0.9712183320692448,0.0214544441348565,0.0,0.0,1.0,0.0,330,544,2019,2,25,0,0,0.110691823899371,0.9673673208686562,0.0106135632415041
2019-02-25,84,0.9712183320692448,0.0228475898578991,0.0,0.0,1.0,0.0,331,1965,2019,2,25,0,0,0.1172327044025157,0.96992219254442,0.0095987080233259
2019-02-25,81,0.9712183320692448,0.0183895235441627,0.0,0.0,1.0,0.0,332,516,2019,2,25,0,0,0.1147169811320754,0.96992219254442,0.0105381560426302
2019-02-25,85,0.9712183320692448,0.0189467818333797,0.0,0.0,1.0,0.0,333,1216,2019,2,25,0,0,0.1144654088050314,0.9705028451980028,0.0119331892217977
2019-02-26,80,0.9443387665051524,0.0192254109779883,0.0,0.0,1.0,0.0,334,1993,2019,2,26,1,0,0.1157232704402515,0.9709673673208687,0.1630366478986527
2019-02-26,82,0.9443387665051524,0.0239621064363332,0.0,0.0,1.0,0.0,335,1079,2019,2,26,1,0,0.1184905660377358,0.5660202067123448,0.0123793484818017
2019-02-26,83,0.9443387665051524,0.0242407355809417,0.0,0.0,1.0,0.0,336,1336,2019,2,26,1,0,0.1172327044025157,0.5685750783881083,0.010886914337422
2019-02-26,84,0.9443387665051524,0.0206185567010309,0.0,0.0,1.0,0.0,337,1871,2019,2,26,1,0,0.1164779874213836,0.5710138195331553,0.0098312135531872
2019-02-26,81,0.0556612334948475,0.0094733909166898,0.0,0.0,1.0,0.0,338,1747,2019,2,26,1,0,0.1044025157232704,0.5683428173266751,0.0106449829077015
2019-02-26,85,0.9443387665051524,0.0158818612426859,0.0,0.0,1.0,0.0,339,805,2019,2,26,1,0,0.1021383647798742,0.5684589478573918,0.0121122813191232
2019-02-27,80,0.9547001659548184,0.9921983839509614,1.0,0.0,1.0,0.0,340,726,2019,2,27,2,0,0.9808805031446542,0.9729415863430496,0.1742251910315704
2019-02-27,82,0.9547001659548184,0.0220117024240735,0.0,0.0,1.0,0.0,341,629,2019,2,27,2,0,0.9833962264150946,0.9746835443037976,0.0126275638447617
2019-02-27,83,0.9547001659548184,0.0225689607132906,0.0,0.0,1.0,0.0,342,1170,2019,2,27,2,0,0.9821383647798744,0.977470677040994,0.0111414136336215
2019-02-27,87,0.9547001659548184,0.0206185567010309,0.0,0.0,1.0,0.0,343,406,2019,2,27,2,0,0.978867924528302,0.9786319823481592,0.0371254775789262
2019-02-27,81,0.9547001659548184,0.0178322652549456,0.0,0.0,1.0,0.0,344,201,2019,2,27,2,0,0.976352201257862,0.9780513296945764,0.0108460687713653
2019-02-27,85,0.9547001659548184,0.0214544441348565,0.0,0.0,1.0,0.0,345,1098,2019,2,27,2,0,0.987169811320755,0.9777029381024273,0.0123542127488437
2019-02-28,80,1.0,0.0231262190025076,0.0,0.0,1.0,0.0,346,359,2019,2,28,3,0,0.9937106918238994,0.981419115085356,0.1744859742610094
2019-02-28,82,1.0,0.0181108943995541,0.0,0.0,1.0,0.0,347,2049,2019,2,28,3,0,0.1142138364779874,0.981419115085356,0.0128317916750452
2025-03-15,83,1.0,0.0208971858456394,0.0,0.0,1.0,0.0,348,307,2025,3,15,5,1,0.1132075471698113,0.9842062478225526,0.0113770611301025
2019-02-28,84,1.0,0.0197826692672053,0.0,0.0,1.0,0.0,349,236,2019,2,28,3,0,0.110691823899371,0.9871095110904656,0.0100542931831892
2019-02-28,31,1.0,0.0200612984118138,0.0,0.0,1.0,0.0,350,1885,2019,2,28,3,0,0.110188679245283,0.9886192079897804,0.0002136537301427
2019-02-28,85,1.0,0.0245193647255502,0.0,0.0,1.0,0.0,351,437,2019,2,28,3,0,0.1162264150943396,0.992451515503426,0.0126307058113814
2019-03-01,80,0.9331264417364116,0.0189467818333797,0.0,0.0,1.0,0.003204232873786,352,1082,2019,3,1,4,0,0.1139622641509434,0.9927999070955752,0.1746996279911522
2019-03-01,82,0.9331264417364116,0.0183895235441627,0.0,0.0,1.0,0.003204232873786,353,21,2019,3,1,4,0,0.1096855345911949,0.5880850075484845,0.0130391614719485
2019-03-01,83,0.9331264417364116,0.0206185567010309,0.0,0.0,1.0,0.003204232873786,354,197,2019,3,1,4,0,0.1119496855345912,0.5901753571013819,0.0116095666599638
2019-03-01,84,0.9331264417364116,0.0197826692672053,0.0,0.0,1.0,0.003204232873786,355,1662,2019,3,1,4,0,0.1109433962264151,0.5895947044477994,0.0102773728131912
2019-03-01,81,0.9331264417364116,0.0286988018946781,0.0,0.0,1.0,0.003204232873786,356,872,2019,3,1,4,0,0.1189937106918239,0.5935431424921611,0.0111696913331992
2019-03-01,85,0.9331264417364116,0.0195040401225968,0.0,0.0,1.0,0.003204232873786,357,1528,2019,3,1,4,0,0.1184905660377358,0.5942399256764603,0.0128506434747637
2019-03-01,87,0.0145159755862301,0.9846753970465312,1.0,0.0,1.0,0.003204232873786,358,1359,2019,3,1,4,0,0.9854088050314468,0.9959354314249216,0.0482291876131108
2019-03-02,82,0.9854840244137698,0.0197826692672053,0.0,0.0,1.0,0.003204232873786,359,763,2019,3,2,5,1,0.9861635220125788,0.9934966902798744,0.0132622411019505
2019-03-02,83,0.9854840244137698,0.0225689607132906,0.0,0.0,1.0,0.003204232873786,360,1521,2019,3,2,5,1,0.9899371069182392,0.9939612124027408,0.0118640659561632
2019-03-02,84,0.9854840244137698,0.0192254109779883,0.0,0.0,1.0,0.003204232873786,361,1077,2019,3,2,5,1,0.9886792452830192,0.992451515503426,0.0104941685099537
2019-03-02,81,0.9854840244137698,0.0220117024240735,0.0,0.0,1.0,0.003204232873786,362,1440,2019,3,2,5,1,0.9906918238993712,0.9939612124027408,0.0114179066961592
2019-03-02,85,0.9854840244137698,0.0261911395932014,0.0,0.0,1.0,0.003204232873786,363,1572,2019,3,2,5,1,0.9884276729559748,0.9969806062013702,0.0131459883370199
2019-03-03,80,0.8222044279334446,0.0231262190025076,0.0,0.0,1.0,0.003204232873786,364,1899,2019,3,3,6,1,0.9916981132075472,0.9986064336314018,0.1749604112205912
2019-03-03,82,0.8222044279334446,0.0200612984118138,0.0,0.0,1.0,0.003204232873786,365,730,2019,3,3,6,1,0.1207547169811321,0.9969806062013702,0.0134884626985722
2019-03-03,83,0.8222044279334446,0.0195040401225968,0.0,0.0,1.0,0.003204232873786,366,945,2019,3,3,6,1,0.120503144654088,0.9950063871791894,0.0120840036195455
2019-03-03,84,0.8222044279334446,0.0186681526887712,0.0,0.0,1.0,0.003204232873786,367,839,2019,3,3,6,1,0.1169811320754717,0.9941934734641736,0.0107046802734767
2019-03-03,81,0.8222044279334446,0.0214544441348565,0.0,0.0,1.0,0.003204232873786,368,1238,2019,3,3,6,1,0.1189937106918239,0.9991870862849844,0.0116598381258797
2019-03-03,85,0.8222044279334446,0.0178322652549456,0.0,0.0,1.0,0.003204232873786,369,185,2019,3,3,6,1,0.1152201257861635,1.0,0.0133470742006836
2019-03-04,80,0.8620983073362587,0.0172750069657286,0.0,0.0,1.0,0.003204232873786,370,336,2019,3,4,0,0,0.1071698113207547,0.5936592730228778,0.1751552131510154
2019-03-04,82,0.8620983073362587,0.0234048481471161,0.0,0.0,1.0,0.003204232873786,371,1146,2019,3,4,0,0,0.1074213836477987,0.5942399256764603,0.013752387894631
2019-03-04,39,0.8620983073362587,0.016439119531903,0.0,0.0,1.0,0.003204232873786,372,1996,2019,3,4,0,0,0.1041509433962264,0.5916850540006968,0.000172808164086
2025-03-15,87,0.8620983073362587,0.01699637782112,0.0,0.0,1.0,0.003204232873786,373,1576,2025,3,15,5,1,0.1018867924528302,0.5901753571013819,0.0484208475769153
2019-03-04,81,0.8620983073362587,0.0186681526887712,0.0,0.0,1.0,0.003204232873786,374,1846,2019,3,4,0,0,0.1018867924528302,0.5905237486935315,0.0118703498894027
2019-03-04,85,0.8620983073362587,0.0161604903872945,0.0,0.0,1.0,0.003204232873786,375,1478,2019,3,4,0,0,0.0971069182389937,0.5883172686099176,0.0135293082646289
2019-03-05,80,0.9042947171573152,0.9910838673725272,1.0,0.0,1.0,0.003204232873786,376,1248,2019,3,5,1,0,0.9758490566037736,0.9917547323191268,0.1863311884174542
2019-03-05,82,0.9042947171573152,0.0172750069657286,0.0,0.0,1.0,0.003204232873786,377,1877,2019,3,5,1,0,0.9758490566037736,0.9914063407269772,0.0139471898250552
2019-03-05,83,0.0957052828426847,0.0089161326274728,0.0,0.0,1.0,0.003204232873786,378,875,2019,3,5,1,0,0.9627672955974844,0.9864127279061664,0.0121845465513774
2019-03-05,84,0.9042947171573152,0.0211758149902479,0.0,0.0,1.0,0.003204232873786,379,1921,2019,3,5,1,0,0.9670440251572328,0.9869933805597492,0.0109434697365775
2019-03-05,81,0.9042947171573152,0.0192254109779883,0.0,0.0,1.0,0.003204232873786,380,1539,2019,3,5,1,0,0.969056603773585,0.9866449889675996,0.0120871455861652
2019-03-05,85,0.9042947171573152,0.0211758149902479,0.0,0.0,1.0,0.003204232873786,381,648,2019,3,5,1,0,0.9713207547169812,0.9852514225990014,0.0137680977277297
2019-03-06,80,0.8824206656164364,0.0220117024240735,0.0,0.0,1.0,0.003204232873786,382,1133,2019,3,6,2,0,0.9766037735849058,0.986528858436883,0.1865794037804142
2019-03-06,82,0.8824206656164364,0.0242407355809417,0.0,0.0,1.0,0.003204232873786,383,1470,2019,3,6,2,0,0.1036477987421383,0.9889675995819304,0.0142205409209732
2019-03-06,83,0.8824206656164364,0.0247979938701588,0.0,0.0,1.0,0.003204232873786,384,1934,2019,3,6,2,0,0.110440251572327,0.990709557542678,0.0124641815805348
2019-03-06,84,0.8824206656164364,0.0200612984118138,0.0,0.0,1.0,0.003204232873786,385,691,2019,3,6,2,0,0.120503144654088,0.9908256880733946,0.0111696913331992
2019-03-06,81,0.8824206656164364,0.016439119531903,0.0,0.0,1.0,0.003204232873786,386,1020,2019,3,6,2,0,0.1162264150943396,0.9857159447218676,0.0122725216167303
2019-03-06,85,0.8824206656164364,0.0236834772917247,0.0,0.0,1.0,0.003204232873786,387,216,2019,3,6,2,0,0.120251572327044,0.9874579026826154,0.0140351648904082
2019-03-06,87,0.913705077991224,0.0211758149902479,0.0,0.0,1.0,0.003204232873786,388,1267,2019,3,6,2,0,0.120251572327044,0.5858785274648706,0.048659637040016
2019-03-07,82,0.913705077991224,0.0239621064363332,0.0,0.0,1.0,0.003204232873786,389,603,2019,3,7,3,0,0.1220125786163522,0.5876204854256184,0.0144907500502714
2019-03-07,83,0.913705077991224,0.0220117024240735,0.0,0.0,1.0,0.003204232873786,390,649,2019,3,7,3,0,0.12,0.5873882243641855,0.0127123969434948
2019-03-07,84,0.913705077991224,0.0225689607132906,0.0,0.0,1.0,0.003204232873786,391,448,2019,3,7,3,0,0.1179874213836478,0.5887817907327837,0.0114241906293987
2019-03-07,81,0.913705077991224,0.0186681526887712,0.0,0.0,1.0,0.003204232873786,392,180,2019,3,7,3,0,0.1167295597484276,0.5873882243641855,0.0124830333802533
2019-03-07,85,0.913705077991224,0.0195040401225968,0.0,0.0,1.0,0.003204232873786,393,25,2019,3,7,3,0,0.1194968553459119,0.5846010916269888,0.0142551025537904
2019-03-07,40,0.8722094235442193,0.9944274171078296,1.0,0.0,1.0,0.003204232873786,394,799,2019,3,7,3,0,0.995974842767296,0.9894321217047964,0.0112011109993967
2019-03-08,82,0.8722094235442193,0.0144887155196433,0.0,0.0,1.0,0.003204232873786,395,599,2019,3,8,4,0,0.9899371069182392,0.9871095110904656,0.0146541323144982
2019-03-08,83,0.8722094235442193,0.016439119531903,0.0,0.0,1.0,0.003204232873786,396,1012,2019,3,8,4,0,0.9831446540880504,0.9858320752525838,0.0128977729740599
2019-03-08,84,0.8722094235442193,0.021733073279465,0.0,0.0,1.0,0.003204232873786,397,1328,2019,3,8,4,0,0.9828930817610064,0.9871095110904656,0.0116692640257389
2025-03-15,81,0.1277905764557806,0.0130955697966007,0.0,0.0,1.0,0.003204232873786,398,1350,2025,3,15,5,1,0.9743396226415096,0.98362559516897,0.0126307058113814
2019-03-08,85,0.8722094235442193,0.0214544441348565,0.0,0.0,1.0,0.003204232873786,399,1522,2019,3,8,4,0,0.9768553459119498,0.9851352920682848,0.0144970339835109
2019-03-09,80,0.8030333348623881,0.0214544441348565,0.0,0.0,1.0,0.003204232873786,400,1437,2019,3,9,5,1,0.978616352201258,0.9868772500290326,0.1868213352101347
2019-03-09,82,0.8030333348623881,0.0161604903872945,0.0,0.0,1.0,0.003204232873786,401,2082,2019,3,9,5,1,0.0953459119496855,0.983857856230403,0.0148363663784435
2019-03-09,83,0.8030333348623881,0.0183895235441627,0.0,0.0,1.0,0.003204232873786,402,1515,2019,3,9,5,1,0.0988679245283019,0.9846707699454188,0.0131051427709632
2019-03-09,87,0.8030333348623881,0.0183895235441627,0.0,0.0,1.0,0.003204232873786,403,1322,2019,3,9,5,1,0.10062893081761,0.9852514225990014,0.0488670068369193
2019-03-09,81,0.8030333348623881,0.0183895235441627,0.0,0.0,1.0,0.003204232873786,404,2054,2019,3,9,5,1,0.0976100628930818,0.9851352920682848,0.0128380756082847
2019-03-09,85,0.8030333348623881,0.0203399275564224,0.0,0.0,1.0,0.003204232873786,405,1411,2019,3,9,5,1,0.1041509433962264,0.9868772500290326,0.0147263975467524
2019-03-10,80,0.8901791947578135,0.01699637782112,0.0,0.0,1.0,0.003204232873786,406,1824,2019,3,10,6,1,0.100125786163522,0.58088491464406,0.1870129951739392
2019-03-10,82,0.8901791947578135,0.0250766230147673,0.0,0.0,1.0,0.003204232873786,407,165,2019,3,10,6,1,0.1033962264150943,0.5841365695041227,0.0151191433742207
2019-03-10,83,0.8901791947578135,0.0150459738088604,0.0,0.0,1.0,0.003204232873786,408,353,2019,3,10,6,1,0.1023899371069182,0.5866914411798863,0.0132748089684295
2019-03-10,84,0.8901791947578135,0.0181108943995541,0.0,0.0,1.0,0.003204232873786,409,333,2019,3,10,6,1,0.1021383647798742,0.5854140053420045,0.0118734918560225
2019-03-10,81,0.8901791947578135,0.0186681526887712,0.0,0.0,1.0,0.003204232873786,410,1785,2019,3,10,6,1,0.1023899371069182,0.5851817442805713,0.0130485873718077
2019-03-10,85,0.8901791947578135,0.016439119531903,0.0,0.0,1.0,0.003204232873786,411,773,2019,3,10,6,1,0.10062893081761,0.5832075252583904,0.0149117735773175
2019-03-11,80,0.9740714730516646,0.9949846753970466,1.0,0.0,1.0,0.003204232873786,412,2099,2019,3,11,0,0,0.9806289308176102,0.9887353385204972,0.1982329579730544
2019-03-11,82,0.9740714730516646,0.0195040401225968,0.0,0.0,1.0,0.003204232873786,413,1033,2019,3,11,0,0,0.9828930817610064,0.986761119498316,0.015339081037603
2019-03-11,83,0.9740714730516646,0.01699637782112,0.0,0.0,1.0,0.003204232873786,414,415,2019,3,11,0,0,0.9755974842767298,0.9835094646382534,0.013466468932234
2019-03-11,84,0.9740714730516646,0.0189467818333797,0.0,0.0,1.0,0.003204232873786,415,1520,2019,3,11,0,0,0.9791194968553462,0.9830449425153872,0.0120871455861652
2019-03-11,33,0.9740714730516646,0.0231262190025076,0.0,0.0,1.0,0.003204232873786,416,863,2019,3,11,0,0,0.9836477987421386,0.9858320752525838,0.0002482153629599
2019-03-11,85,0.9740714730516646,0.0178322652549456,0.0,0.0,1.0,0.003204232873786,417,1132,2019,3,11,0,0,0.9828930817610064,0.9833933341075368,0.0151128594409813
2019-03-11,87,0.0512063300358112,0.0083588743382557,0.0,0.0,1.0,0.003204232873786,418,1729,2019,3,11,0,0,0.9755974842767298,0.9780513296945764,0.0489612658355117
2019-03-12,82,0.9487936699641888,0.016439119531903,0.0,0.0,1.0,0.003204232873786,419,1357,2019,3,12,1,0,0.0920754716981132,0.9749158053652304,0.0155244570681681
2019-03-12,83,0.9487936699641888,0.016439119531903,0.0,0.0,1.0,0.003204232873786,420,1684,2019,3,12,1,0,0.0893081761006289,0.9725931947509,0.0136518449627991
2019-03-12,84,0.9487936699641888,0.021733073279465,0.0,0.0,1.0,0.003204232873786,421,1531,2019,3,12,1,0,0.0935849056603773,0.9722448031587504,0.0123322189825055
2019-03-12,81,0.9487936699641888,0.0206185567010309,0.0,0.0,1.0,0.003204232873786,422,625,2019,3,12,1,0,0.0950943396226415,0.9730577168737662,0.013281092901669
2025-03-15,85,0.9487936699641888,0.022290331568682,0.0,0.0,1.0,0.003204232873786,423,1700,2025,3,15,5,1,0.0943396226415094,0.9742190221809316,0.015364216770561
2019-03-13,80,0.8614475960429735,0.01699637782112,0.0,0.0,1.0,0.003204232873786,424,1158,2019,3,13,2,0,0.0935849056603773,0.5668331204273604,0.198424617936859
2019-03-13,82,0.8614475960429735,0.0200612984118138,0.0,0.0,1.0,0.003204232873786,425,263,2019,3,13,2,0,0.1041509433962264,0.5691557310416908,0.0157506786647898
2019-03-13,83,0.8614475960429735,0.0158818612426859,0.0,0.0,1.0,0.003204232873786,426,191,2019,3,13,2,0,0.1036477987421383,0.5689234699802579,0.0138309370601246
2019-03-13,84,0.8614475960429735,0.0158818612426859,0.0,0.0,1.0,0.003204232873786,427,1406,2019,3,13,2,0,0.1031446540880503,0.5664847288352108,0.012511311079831
2019-03-13,81,0.8614475960429735,0.0214544441348565,0.0,0.0,1.0,0.003204232873786,428,1054,2019,3,13,2,0,0.1028930817610063,0.5699686447567065,0.0135230243313895
2019-03-13,85,0.8614475960429735,0.0220117024240735,0.0,0.0,1.0,0.003204232873786,429,457,2019,3,13,2,0,0.1041509433962264,0.5702009058181396,0.015612432133521
2019-03-14,80,0.838922808073661,0.9913624965171358,1.0,0.0,1.0,0.003204232873786,430,1924,2019,3,14,3,0,0.9791194968553462,0.9744512832423644,0.2096037351699175
2019-03-14,82,0.838922808073661,0.022290331568682,0.0,0.0,1.0,0.003204232873786,431,1474,2019,3,14,3,0,0.9838993710691826,0.977006154918128,0.0160020359943695
2019-03-14,83,0.838922808073661,0.0200612984118138,0.0,0.0,1.0,0.003204232873786,432,570,2019,3,14,3,0,0.9838993710691826,0.9777029381024273,0.0140571586567464
2019-03-14,87,0.838922808073661,0.0195040401225968,0.0,0.0,1.0,0.003204232873786,433,831,2019,3,14,3,0,0.987169811320755,0.9781674602252932,0.049181203498894
2019-03-14,81,0.838922808073661,0.022290331568682,0.0,0.0,1.0,0.003204232873786,434,1237,2019,3,14,3,0,0.9929559748427674,0.9797932876553246,0.0137743816609692
2019-03-14,85,0.838922808073661,0.0206185567010309,0.0,0.0,1.0,0.003204232873786,435,815,2019,3,14,3,0,0.9922012578616356,0.979909418186041,0.0158449376633822
2019-03-15,80,0.8848233093313611,0.0195040401225968,0.0,0.0,1.0,0.003204232873786,436,1492,2019,3,15,4,0,0.9899371069182392,0.98095459296249,0.2098236728332998
2019-03-15,82,0.8848233093313611,0.0186681526887712,0.0,0.0,1.0,0.003204232873786,437,352,2019,3,15,4,0,0.1116981132075471,0.97828359075601,0.0162125477578926
2019-03-15,86,0.1151766906686389,0.011702424073558,0.0,0.0,1.0,0.003204232873786,438,302,2019,3,15,4,0,0.1021383647798742,0.9768900243874116,0.000458727126483
2019-03-15,84,0.8848233093313611,0.0195040401225968,0.0,0.0,1.0,0.003204232873786,439,1410,2019,3,15,4,0,0.1016352201257861,0.977470677040994,0.0127312487432133
2019-03-15,81,0.8848233093313611,0.0197826692672053,0.0,0.0,1.0,0.003204232873786,440,1536,2019,3,15,4,0,0.1018867924528302,0.97793519916386,0.0139974612909712
2019-03-15,85,0.8848233093313611,0.0220117024240735,0.0,0.0,1.0,0.003204232873786,441,995,2019,3,15,4,0,0.1016352201257861,0.9802578097781908,0.0160931530263422
2019-03-16,80,0.9079987960263844,0.016439119531903,0.0,0.0,1.0,0.003204232873786,442,1741,2019,3,16,5,1,0.0978616352201258,0.5724073859017536,0.2100090488638648
2019-03-16,82,0.9079987960263844,0.0211758149902479,0.0,0.0,1.0,0.003204232873786,443,271,2019,3,16,5,1,0.0993710691823899,0.5731041690860528,0.0164513372209933
2019-03-16,83,0.9079987960263844,0.0195040401225968,0.0,0.0,1.0,0.003204232873786,444,852,2019,3,16,5,1,0.100125786163522,0.5741493438625014,0.0142770963201286
2019-03-16,84,0.9079987960263844,0.0203399275564224,0.0,0.0,1.0,0.003204232873786,445,881,2019,3,16,5,1,0.1079245283018867,0.5747299965160841,0.0129606123064548
2019-03-16,81,0.9079987960263844,0.0267483978824185,0.0,0.0,1.0,0.003204232873786,446,1524,2019,3,16,5,1,0.1144654088050314,0.5762396934153988,0.0142990900864669
2019-03-16,85,0.9079987960263844,0.0220117024240735,0.0,0.0,1.0,0.003204232873786,447,1431,2019,3,16,5,1,0.1164779874213836,0.5779816513761469,0.0163413683893022
2025-03-15,87,0.9755230781508322,0.9933129005293956,1.0,0.0,1.0,0.003204232873786,448,906,2025,3,15,5,1,0.9934591194968556,0.988503077459064,0.0603823144982907
2019-03-17,82,0.9755230781508322,0.0186681526887712,0.0,0.0,1.0,0.003204232873786,449,1844,2019,3,17,6,1,0.9954716981132076,0.9894321217047964,0.0166618489845163
2019-03-17,83,0.9755230781508322,0.0200612984118138,0.0,0.0,1.0,0.003204232873786,450,1009,2019,3,17,6,1,0.9944654088050316,0.990941818604111,0.0145033179167504
2019-03-17,84,0.9755230781508322,0.0208971858456394,0.0,0.0,1.0,0.003204232873786,451,1808,2019,3,17,6,1,0.995723270440252,0.9905934270119614,0.0131962598029358
2019-03-17,81,0.9755230781508322,0.0192254109779883,0.0,0.0,1.0,0.003204232873786,452,1134,2019,3,17,6,1,0.9947169811320756,0.9900127743583786,0.0145158857832294
2019-03-17,85,0.9755230781508322,0.016439119531903,0.0,0.0,1.0,0.003204232873786,453,1501,2019,3,17,6,1,0.9854088050314468,0.9875740332133318,0.0165267444198672
2019-03-18,80,0.90254279730325,0.0153246029534689,0.0,0.0,1.0,0.003204232873786,454,308,2019,3,18,0,0,0.97937106918239,0.9868772500290326,0.2101818570279509
2019-03-18,82,0.90254279730325,0.0231262190025076,0.0,0.0,1.0,0.003204232873786,455,1538,2019,3,18,0,0,0.1033962264150943,0.9881546858669144,0.0169226322139553
2019-03-18,83,0.90254279730325,0.0156032320980774,0.0,0.0,1.0,0.003204232873786,456,1920,2019,3,18,0,0,0.10062893081761,0.988038555336198,0.0146792680474562
2019-03-18,84,0.90254279730325,0.0203399275564224,0.0,0.0,1.0,0.003204232873786,457,1800,2019,3,18,0,0,0.1008805031446541,0.9898966438276624,0.0134256233661773
2019-03-18,81,0.09745720269675,0.0147673446642518,0.0,0.0,1.0,0.003204232873786,458,146,2019,3,18,0,0,0.0953459119496855,0.9871095110904656,0.014682410014076
2019-03-18,85,0.90254279730325,0.022290331568682,0.0,0.0,1.0,0.003204232873786,459,1122,2019,3,18,0,0,0.0981132075471698,0.9872256416211822,0.016778101749447
2019-03-18,35,0.8765141696258067,0.0153246029534689,0.0,0.0,1.0,0.003204232873786,460,635,2019,3,18,0,0,0.0971069182389937,0.5804203925211939,0.000160240297607
2019-03-19,82,0.8765141696258067,0.021733073279465,0.0,0.0,1.0,0.003204232873786,461,1430,2019,3,19,1,0,0.1028930817610063,0.5801881314597608,0.0171677056102955
2019-03-19,83,0.8765141696258067,0.0192254109779883,0.0,0.0,1.0,0.003204232873786,462,1559,2019,3,19,1,0,0.0993710691823899,0.5798397398676112,0.0148960637442187
2019-03-19,87,0.8765141696258067,0.01699637782112,0.0,0.0,1.0,0.003204232873786,463,2003,2019,3,19,1,0,0.10062893081761,0.5787945650911626,0.0605739744620953
2019-03-19,81,0.8765141696258067,0.01699637782112,0.0,0.0,1.0,0.003204232873786,464,1171,2019,3,19,1,0,0.0976100628930818,0.5765880850075484,0.0148740699778805
2019-03-19,85,0.8765141696258067,0.0167177486765115,0.0,0.0,1.0,0.003204232873786,465,378,2019,3,19,1,0,0.0993710691823899,0.5749622575775173,0.0169666197466318
2019-03-20,80,0.938282113137074,0.9933129005293956,1.0,0.0,1.0,0.003204232873786,466,1935,2019,3,20,2,0,0.9761006289308176,0.9808384624317732,0.2213829680273476
2019-03-20,82,0.938282113137074,0.0153246029534689,0.0,0.0,1.0,0.003204232873786,467,722,2019,3,20,2,0,0.9761006289308176,0.979444896063175,0.0173405137743816
2019-03-20,83,0.938282113137074,0.0183895235441627,0.0,0.0,1.0,0.003204232873786,468,683,2019,3,20,2,0,0.9730817610062896,0.9822320288003716,0.015103433541122
2019-03-20,84,0.938282113137074,0.0228475898578991,0.0,0.0,1.0,0.003204232873786,469,1091,2019,3,20,2,0,0.976352201257862,0.98362559516897,0.0136832646289965
2019-03-20,81,0.938282113137074,0.0186681526887712,0.0,0.0,1.0,0.003204232873786,470,843,2019,3,20,2,0,0.977861635220126,0.9831610730461038,0.0150845817414035
2019-03-20,85,0.938282113137074,0.0206185567010309,0.0,0.0,1.0,0.003204232873786,471,973,2019,3,20,2,0,0.9811320754716982,0.982580420392521,0.017199125276493
2019-03-21,80,0.8426268869427302,0.0167177486765115,0.0,0.0,1.0,0.003204232873786,472,98,2019,3,21,3,0,0.9811320754716982,0.9826965509232376,0.2215714860245324
2025-03-15,82,0.8426268869427302,0.0186681526887712,0.0,0.0,1.0,0.003204232873786,473,354,2025,3,15,5,1,0.1011320754716981,0.9816513761467888,0.0175510255379046
2019-03-21,83,0.8426268869427302,0.0192254109779883,0.0,0.0,1.0,0.003204232873786,474,227,2019,3,21,3,0,0.1046540880503144,0.9815352456160724,0.0153202292378845
2019-03-21,84,0.8426268869427302,0.0167177486765115,0.0,0.0,1.0,0.003204232873786,475,1631,2019,3,21,3,0,0.1031446540880503,0.9800255487167576,0.0138717826261813
2019-03-21,81,0.8426268869427302,0.0153246029534689,0.0,0.0,1.0,0.003204232873786,476,248,2019,3,21,3,0,0.0963522012578616,0.97526419695738,0.0152573899054896
2019-03-21,85,0.8426268869427302,0.0203399275564224,0.0,0.0,1.0,0.003204232873786,477,1629,2019,3,21,3,0,0.0978616352201258,0.9745674137730808,0.0174284888397345
2019-03-21,87,0.1341475697139054,0.0114237949289495,0.0,0.0,1.0,0.003204232873786,478,579,2019,3,21,3,0,0.0895597484276729,0.5653234235280455,0.0607027950935049
2019-03-22,82,0.8658524302860946,0.0208971858456394,0.0,0.0,1.0,0.003204232873786,479,1265,2019,3,22,4,0,0.0933333333333333,0.5662524677737777,0.0177866730343856
2019-03-22,83,0.8658524302860946,0.01699637782112,0.0,0.0,1.0,0.003204232873786,480,1400,2019,3,22,4,0,0.0918238993710691,0.5649750319358959,0.0155118892016891
2019-03-22,84,0.8658524302860946,0.0133741989412092,0.0,0.0,1.0,0.003204232873786,481,637,2019,3,22,4,0,0.0865408805031446,0.5618395076065499,0.0140225970239292
2019-03-22,36,0.8658524302860946,0.0195040401225968,0.0,0.0,1.0,0.003204232873786,482,1144,2019,3,22,4,0,0.0890566037735849,0.5619556381372663,0.0002073697969032
2019-03-22,85,0.8658524302860946,0.0253552521593758,0.0,0.0,1.0,0.003204232873786,483,767,2019,3,22,4,0,0.0981132075471698,0.5656718151201952,0.0177144078021315
2019-03-23,80,0.8439783787452158,0.9877403176372248,1.0,0.0,1.0,0.003204232873786,484,1251,2019,3,23,5,1,0.9715723270440252,0.9709673673208687,0.2327097576915343
2019-03-23,82,0.8439783787452158,0.0192254109779883,0.0,0.0,1.0,0.003204232873786,485,1622,2019,3,23,5,1,0.978616352201258,0.9693415398908372,0.0180034687311482
2019-03-23,83,0.8439783787452158,0.0231262190025076,0.0,0.0,1.0,0.003204232873786,486,1744,2019,3,23,5,1,0.9806289308176102,0.9724770642201834,0.015772672431128
2019-03-23,84,0.8439783787452158,0.0178322652549456,0.0,0.0,1.0,0.003204232873786,487,1782,2019,3,23,5,1,0.9813836477987422,0.9714318894437348,0.014223682887593
2019-03-23,81,0.8439783787452158,0.0206185567010309,0.0,0.0,1.0,0.003204232873786,488,1313,2019,3,23,5,1,0.9879245283018868,0.9738706305887816,0.0154898954353508
2019-03-23,85,0.8439783787452158,0.0197826692672053,0.0,0.0,1.0,0.003204232873786,489,1335,2019,3,23,5,1,0.9881761006289308,0.972825455812333,0.0179374874321335
2019-03-24,80,0.9233656969316896,0.0186681526887712,0.0,0.0,1.0,0.003204232873786,490,1603,2019,3,24,6,1,0.9821383647798744,0.9742190221809316,0.2329202694550573
2019-03-24,82,0.9233656969316896,0.0195040401225968,0.0,0.0,1.0,0.003204232873786,491,1812,2019,3,24,6,1,0.1079245283018867,0.9732899779351992,0.0182234063945304
2019-03-24,83,0.9233656969316896,0.0167177486765115,0.0,0.0,1.0,0.003204232873786,492,1345,2019,3,24,6,1,0.1056603773584906,0.9722448031587504,0.0159611904283128
2019-03-24,87,0.9233656969316896,0.021733073279465,0.0,0.0,1.0,0.003204232873786,493,1475,2019,3,24,6,1,0.1044025157232704,0.9742190221809316,0.0609478684898451
2019-03-24,81,0.9233656969316896,0.0172750069657286,0.0,0.0,1.0,0.003204232873786,494,1587,2019,3,24,6,1,0.1038993710691824,0.9743351527116476,0.0156846973657751
2019-03-24,85,0.9233656969316896,0.0167177486765115,0.0,0.0,1.0,0.003204232873786,495,1321,2019,3,24,6,1,0.100377358490566,0.9743351527116476,0.0181260054293183
2019-03-25,80,0.9712183320692448,0.0231262190025076,0.0,0.0,1.0,0.003204232873786,496,132,2019,3,25,0,0,0.1033962264150943,0.5699686447567065,0.2331810526844963
2019-03-25,82,0.9712183320692448,0.0236834772917247,0.0,0.0,1.0,0.003204232873786,497,972,2019,3,25,0,0,0.1079245283018867,0.5734525606782024,0.0184904735572089
2025-03-15,83,0.0287816679307551,0.0128169406519921,0.0,0.0,1.0,0.003204232873786,498,1161,2025,3,15,5,1,0.1018867924528302,0.5711299500638718,0.0161057208928212
2019-03-25,84,0.9712183320692448,0.0153246029534689,0.0,0.0,1.0,0.003204232873786,499,1502,2019,3,25,0,0,0.10062893081761,0.5679944257345257,0.014396491051679
2019-03-25,81,0.9712183320692448,0.0186681526887712,0.0,0.0,1.0,0.003204232873786,500,2070,2019,3,25,0,0,0.0978616352201258,0.5679944257345257,0.0158952091292982
2019-03-25,85,0.9712183320692448,0.0186681526887712,0.0,0.0,1.0,0.003204232873786,501,1637,2019,3,25,0,0,0.0991194968553459,0.5671815120195098,0.0183365171928413
2019-03-26,80,0.9443387665051524,0.99247701309557,1.0,0.0,1.0,0.003204232873786,502,1932,2019,3,26,1,0,0.9801257861635222,0.9738706305887816,0.2443727377840338
2019-03-26,82,0.9443387665051524,0.0189467818333797,0.0,0.0,1.0,0.003204232873786,503,1552,2019,3,26,1,0,0.976352201257862,0.9739867611194984,0.0187041272873517
2019-03-26,37,0.9443387665051524,0.0128169406519921,0.0,0.0,1.0,0.003204232873786,504,233,2019,3,26,1,0,0.9665408805031448,0.9713157589130184,0.0001319625980293
2019-03-26,84,0.9443387665051524,0.0214544441348565,0.0,0.0,1.0,0.003204232873786,505,183,2019,3,26,1,0,0.9743396226415096,0.9732899779351992,0.0146384224813995
2019-03-26,81,0.9443387665051524,0.0197826692672053,0.0,0.0,1.0,0.003204232873786,506,1361,2019,3,26,1,0,0.978364779874214,0.9751480664266636,0.0161182887593002
2019-03-26,85,0.9443387665051524,0.0225689607132906,0.0,0.0,1.0,0.003204232873786,507,1898,2019,3,26,1,0,0.9818867924528304,0.9760771106723958,0.0185910164890408
2019-03-26,87,0.9547001659548184,0.022290331568682,0.0,0.0,1.0,0.003204232873786,508,1947,2019,3,26,1,0,0.9851572327044028,0.9806062013703404,0.0611992258194249
2019-03-27,82,0.9547001659548184,0.0197826692672053,0.0,0.0,1.0,0.003204232873786,509,1421,2019,3,27,2,0,0.1069182389937107,0.9801416792474742,0.0189272069173537
2019-03-27,83,0.9547001659548184,0.0144887155196433,0.0,0.0,1.0,0.003204232873786,510,2057,2019,3,27,2,0,0.1028930817610063,0.9790965044710254,0.016269103157048
2019-03-27,84,0.9547001659548184,0.0197826692672053,0.0,0.0,1.0,0.003204232873786,511,1868,2019,3,27,2,0,0.1091823899371069,0.9817675066775056,0.0148615021114015
2019-03-27,81,0.9547001659548184,0.0144887155196433,0.0,0.0,1.0,0.003204232873786,512,1547,2019,3,27,2,0,0.1028930817610063,0.979677157124608,0.016281671023527
2019-03-27,85,0.9547001659548184,0.0211758149902479,0.0,0.0,1.0,0.003204232873786,513,1657,2019,3,27,2,0,0.1041509433962264,0.97793519916386,0.0188298059521415
2019-03-28,80,1.0,0.0239621064363332,0.0,0.0,1.0,0.003204232873786,514,176,2019,3,28,3,0,0.1054088050314465,0.5762396934153988,0.244642946913332
2019-03-28,82,1.0,0.0181108943995541,0.0,0.0,1.0,0.003204232873786,515,696,2019,3,28,3,0,0.1016352201257861,0.5757751712925328,0.0191314347476372
2019-03-28,83,1.0,0.0231262190025076,0.0,0.0,1.0,0.003204232873786,516,292,2019,3,28,3,0,0.1046540880503144,0.5757751712925328,0.016529886386487
2019-03-28,84,1.0,0.0178322652549456,0.0,0.0,1.0,0.003204232873786,517,1454,2019,3,28,3,0,0.1076729559748427,0.5757751712925328,0.0150625879750653
2019-03-28,81,0.0,0.0078016160490387,0.0,0.0,1.0,0.003204232873786,518,439,2019,3,28,3,0,0.0968553459119497,0.5704331668795726,0.0163696460888799
2019-03-28,85,1.0,0.0195040401225968,0.0,0.0,1.0,0.003204232873786,519,1436,2019,3,28,3,0,0.1013836477987421,0.5703170363488561,0.0190497436155238
2019-03-29,80,0.9977475262300984,0.9921983839509614,1.0,0.0,1.0,0.003204232873786,520,891,2019,3,29,4,0,0.97811320754717,0.9760771106723958,0.2558314900462498
2019-03-29,82,0.9977475262300984,0.0231262190025076,0.0,0.0,1.0,0.003204232873786,521,554,2019,3,29,4,0,0.977358490566038,0.9775868075717103,0.0193922179770762
2019-03-29,83,0.9977475262300984,0.022290331568682,0.0,0.0,1.0,0.003204232873786,522,1049,2019,3,29,4,0,0.9811320754716982,0.979909418186041,0.0167812437160667
2025-03-15,87,0.9977475262300984,0.0236834772917247,0.0,0.0,1.0,0.003204232873786,523,1967,2025,3,15,5,1,0.9816352201257864,0.9807223319010568,0.0614662929821033
2019-03-29,81,0.9977475262300984,0.0167177486765115,0.0,0.0,1.0,0.003204232873786,524,1805,2019,3,29,4,0,0.9806289308176102,0.9804900708396238,0.0165581640860647
2019-03-29,85,0.9977475262300984,0.0211758149902479,0.0,0.0,1.0,0.003204232873786,525,259,2019,3,29,4,0,0.9927044025157234,0.982348159331088,0.0192885330786245
2019-03-29,38,0.9010912047716566,0.0203399275564224,0.0,0.0,1.0,0.003204232873786,526,1413,2019,3,29,4,0,0.9934591194968556,0.9811868540239228,0.0002167956967625
2019-03-30,82,0.9010912047716566,0.0153246029534689,0.0,0.0,1.0,0.003204232873786,527,1379,2019,3,30,5,1,0.1114465408805031,0.9777029381024273,0.0195650261411622
2019-03-30,83,0.9010912047716566,0.011145165784341,0.0,0.0,1.0,0.003204232873786,528,235,2019,3,30,5,1,0.10062893081761,0.977006154918128,0.0169069223808566
2019-03-30,84,0.9010912047716566,0.0214544441348565,0.0,0.0,1.0,0.003204232873786,529,257,2019,3,30,5,1,0.0998742138364779,0.9795610265938914,0.0153045194047858
2019-03-30,81,0.9010912047716566,0.0225689607132906,0.0,0.0,1.0,0.003204232873786,530,1848,2019,3,30,5,1,0.0988679245283019,0.9811868540239228,0.0168126633822642
2019-03-30,85,0.9010912047716566,0.0195040401225968,0.0,0.0,1.0,0.003204232873786,531,6,2019,3,30,5,1,0.1013836477987421,0.9815352456160724,0.0195084707420068
2019-03-31,80,0.8449794740093138,0.021733073279465,0.0,0.0,1.0,0.003204232873786,532,338,2019,3,31,6,1,0.1018867924528302,0.576936476599698,0.25607656344259
2019-03-31,82,0.8449794740093138,0.0181108943995541,0.0,0.0,1.0,0.003204232873786,533,909,2019,3,31,6,1,0.0998742138364779,0.5765880850075484,0.0197692539714458
2019-03-31,83,0.8449794740093138,0.0189467818333797,0.0,0.0,1.0,0.003204232873786,534,2114,2019,3,31,6,1,0.1031446540880503,0.5791429566833122,0.0171205761109993
2019-03-31,84,0.8449794740093138,0.0228475898578991,0.0,0.0,1.0,0.003204232873786,535,555,2019,3,31,6,1,0.1137106918238994,0.5797236093368947,0.015562160667605
2019-03-31,81,0.8449794740093138,0.0195040401225968,0.0,0.0,1.0,0.003204232873786,536,226,2019,3,31,6,1,0.1119496855345912,0.5796074788061782,0.0170326010456464
2019-03-31,85,0.8449794740093138,0.0200612984118138,0.0,0.0,1.0,0.003204232873786,537,1199,2019,3,31,6,1,0.1096855345911949,0.5785623040297294,0.0197346923386285
2019-03-31,87,0.0668735582635885,0.96600724435776,1.0,0.0,0.0,0.003204232873786,538,1553,2019,3,31,6,1,0.9642767295597486,0.9718964115666008,0.0723594912527649
2019-04-01,82,0.9331264417364116,0.0002786291446085,0.0,0.0,0.0,0.003204232873786,539,1196,2019,4,1,0,0,0.9449056603773588,0.963767274416444,0.0197723959380655
2019-04-01,83,0.9331264417364116,0.0100306492059069,0.0,0.0,0.0,0.003204232873786,540,772,2019,4,1,0,0,0.937610062893082,0.9619091859249796,0.0172336869093102
2019-04-01,84,0.9331264417364116,0.0025076623014767,0.0,0.0,0.0,0.003204232873786,541,1841,2019,4,1,0,0,0.9227672955974844,0.9547090930205552,0.0155904383671827
2019-04-01,81,0.9331264417364116,0.0016717748676511,0.0,0.0,0.0,0.003204232873786,542,36,2019,4,1,0,0,0.9036477987421384,0.9493670886075948,0.0170514528453649
2019-04-01,85,0.9331264417364116,0.0072443577598216,0.0,0.0,0.0,0.003204232873786,543,1821,2019,4,1,0,0,0.8925786163522013,0.9435605620717686,0.019816383470742
2019-04-02,80,0.9854840244137698,0.0061298411813875,0.0,0.0,0.0,0.003204232873786,544,1412,2019,4,2,1,0,0.8800000000000001,0.936128208105911,0.2561456867082244
2019-04-02,82,0.9854840244137698,0.0108665366397325,0.0,0.0,0.0,0.003204232873786,545,834,2019,4,2,1,0,0.0176100628930817,0.9331088143072814,0.0198949326362356
2019-04-02,83,0.9854840244137698,0.0078016160490387,0.0,0.0,0.0,0.003204232873786,546,759,2019,4,2,1,0,0.0244025157232704,0.9267216351178726,0.0173216619746631
2019-04-02,84,0.9854840244137698,0.0083588743382557,0.0,0.0,0.0,0.003204232873786,547,1713,2019,4,2,1,0,0.0228930817610062,0.9227731970735108,0.0156846973657751
2019-04-02,34,0.9854840244137698,0.0019504040122596,0.0,0.0,0.0,0.003204232873786,548,1206,2019,4,2,1,0,0.0223899371069182,0.9203344559284636,9.425899859239894e-06
2019-04-02,85,0.9854840244137698,0.0039008080245193,0.0,0.0,0.0,0.003204232873786,549,1811,2019,4,2,1,0,0.0244025157232704,0.9138311462083384,0.0198603710034184
2019-04-03,80,0.8222044279334446,0.0036221788799108,0.0,0.0,0.0,0.003204232873786,550,153,2019,4,3,2,0,0.0211320754716981,0.5018000232261062,0.2561865322742811
2019-04-03,82,0.8222044279334446,0.0,0.0,0.0,0.0,0.003204232873786,551,517,2019,4,3,2,0,0.0155974842767295,0.4921611891766346,0.0198949326362356
2019-04-03,83,0.8222044279334446,0.0061298411813875,0.0,0.0,0.0,0.003204232873786,552,1369,2019,4,3,2,0,0.0113207547169811,0.4854256183950761,0.0173907852402976
2019-04-03,87,0.8222044279334446,0.0097520200612984,0.0,0.0,0.0,0.003204232873786,553,313,2019,4,3,2,0,0.0130817610062893,0.4796190918592498,0.072469460084456
2019-04-03,81,0.8222044279334446,0.0052939537475619,0.0,0.0,0.0,0.003204232873786,554,1446,2019,4,3,2,0,0.010314465408805,0.4748577400998723,0.0171111502111401
2019-04-04,80,0.8620983073362587,0.9813318473112288,1.0,0.0,0.0,0.003204232873786,555,1948,2019,4,4,3,0,0.8945911949685537,0.8750435489490187,0.2672525387090287
2019-04-04,82,0.8620983073362587,0.0103092783505154,0.0,0.0,0.0,0.003204232873786,556,757,2019,4,4,3,0,0.9003773584905661,0.8708628498432238,0.0200111854011663
2019-04-04,84,0.8620983073362587,0.0052939537475619,0.0,0.0,0.0,0.003204232873786,557,876,2019,4,4,3,0,0.9018867924528304,0.8666821507374289,0.0157443947315503
2019-04-04,81,0.8620983073362587,0.0052939537475619,0.0,0.0,0.0,0.003204232873786,558,1510,2019,4,4,3,0,0.9066666666666668,0.8642434095923819,0.0171708475769153
2019-04-04,85,0.8620983073362587,0.0050153246029534,0.0,0.0,0.0,0.003204232873786,559,1567,2019,4,4,3,0,0.9056603773584908,0.8573917082801068,0.0199169264025739
2019-04-05,80,0.9042947171573152,0.0027862914460852,0.0,0.0,0.0,0.003204232873786,560,1000,2019,4,5,4,0,0.8993710691823901,0.8491464405992335,0.2672839583752262
2019-04-05,82,0.9042947171573152,0.0044580663137364,0.0,0.0,0.0,0.003204232873786,561,841,2019,4,5,4,0,0.8986163522012579,0.8428753919405412,0.0200614568670822
2019-04-05,83,0.9042947171573152,0.0066870994706046,0.0,0.0,0.0,0.003204232873786,562,1483,2019,4,5,4,0,0.0186163522012578,0.8366043432818489,0.0174661924391715
2019-04-05,84,0.9042947171573152,0.0069657286152131,0.0,0.0,0.0,0.003204232873786,563,2009,2019,4,5,4,0,0.0155974842767295,0.8319591220531879,0.015822943897044
2019-04-05,81,0.9042947171573152,0.0041794371691278,0.0,0.0,0.0,0.003204232873786,564,802,2019,4,5,4,0,0.0145911949685534,0.8258042039252118,0.0172179770762115
2019-04-05,85,0.9042947171573152,0.0044580663137364,0.0,0.0,0.0,0.003204232873786,565,1153,2019,4,5,4,0,0.0138364779874213,0.8181395888979213,0.0199671978684898
2019-04-05,87,0.8824206656164364,0.0044580663137364,0.0,0.0,0.0,0.003204232873786,566,794,2019,4,5,4,0,0.0133333333333333,0.8118685402392289,0.072519731550372
2019-04-06,82,0.8824206656164364,0.006408470325996,0.0,0.0,0.0,0.003204232873786,567,76,2019,4,6,5,1,0.0166037735849056,0.8061781442341192,0.0201337220993364
2019-04-06,45,0.8824206656164364,0.0066870994706046,0.0,0.0,0.0,0.003204232873786,568,1966,2019,4,6,5,1,0.0186163522012578,0.4063407269771223,6.283933239493264e-05
2019-04-06,84,0.8824206656164364,0.0016717748676511,0.0,0.0,0.0,0.003204232873786,569,1409,2019,4,6,5,1,0.0140880503144654,0.4069213796307049,0.0158417956967625
2025-03-15,85,0.8824206656164364,0.0052939537475619,0.0,0.0,0.0,0.003204232873786,570,1546,2025,3,15,5,1,0.0125786163522012,0.404947160608524,0.020026895234265
2019-04-07,80,0.913705077991224,0.9804959598774032,1.0,0.0,0.0,0.003204232873786,571,1810,2019,4,7,6,1,0.8940880503144655,0.8125653234235282,0.2783405389101147
2019-04-07,82,0.913705077991224,0.0047366954583449,0.0,0.0,0.0,0.003204232873786,572,1694,2019,4,7,6,1,0.8943396226415095,0.8138427592614099,0.0201871355318721
2019-04-07,83,0.913705077991224,0.005851212036779,0.0,0.0,0.0,0.003204232873786,573,1958,2019,4,7,6,1,0.8955974842767297,0.8132621066078272,0.0175321737381862
2019-04-07,84,0.913705077991224,0.0078016160490387,0.0,0.0,0.0,0.003204232873786,574,455,2019,4,7,6,1,0.8968553459119498,0.8139588897921264,0.0159297707621154
2019-04-07,85,0.913705077991224,0.0044580663137364,0.0,0.0,0.0,0.003204232873786,575,681,2019,4,7,6,1,0.8948427672955976,0.8112878875856462,0.0200771667001809
2019-04-08,80,0.8722094235442193,0.0052939537475619,0.0,0.0,0.0,0.003204232873786,576,87,2019,4,8,0,0,0.8981132075471701,0.8102427128091976,0.2784002362758898
2019-04-08,82,0.8722094235442193,0.0050153246029534,0.0,0.0,0.0,0.003204232873786,577,1972,2019,4,8,0,0,0.8978616352201259,0.8088491464405994,0.0202436909310275
2019-04-08,83,0.8722094235442193,0.0030649205906937,0.0,0.0,0.0,0.003204232873786,578,1344,2019,4,8,0,0,0.0153459119496855,0.8093136685634654,0.0175667353710034
2019-04-08,87,0.8722094235442193,0.0078016160490387,0.0,0.0,0.0,0.003204232873786,579,622,2019,4,8,0,0,0.0181132075471698,0.8109394959934968,0.0726077066157249
2019-04-08,81,0.8722094235442193,0.0078016160490387,0.0,0.0,0.0,0.003204232873786,580,1796,2019,4,8,0,0,0.0198742138364779,0.8126814539542446,0.0173059521415644
2019-04-08,85,0.8722094235442193,0.011145165784341,0.0,0.0,0.0,0.003204232873786,581,1765,2019,4,8,0,0,0.0228930817610062,0.8173266751829056,0.0202028453649708
2019-04-09,80,0.8030333348623881,0.0041794371691278,0.0,0.0,0.0,0.003204232873786,582,66,2019,4,9,1,0,0.0226415094339622,0.8165137614678899,0.278447365775186
2019-04-09,82,0.8030333348623881,0.006408470325996,0.0,0.0,0.0,0.003204232873786,583,930,2019,4,9,1,0,0.0236477987421383,0.8151201950992917,0.0203159561632817
2019-04-09,83,0.8030333348623881,0.0027862914460852,0.0,0.0,0.0,0.003204232873786,584,386,2019,4,9,1,0,0.0216352201257861,0.8140750203228428,0.0175981550372008
2019-04-09,84,0.8030333348623881,0.0,0.0,0.0,0.0,0.003204232873786,585,1149,2019,4,9,1,0,0.0188679245283018,0.4050632911392405,0.0159297707621154
2019-04-09,81,0.8030333348623881,0.0075229869044302,0.0,0.0,0.0,0.003204232873786,586,252,2019,4,9,1,0,0.0186163522012578,0.4039019858320752,0.0173907852402976
2019-04-09,85,0.8030333348623881,0.0002786291446085,0.0,0.0,0.0,0.003204232873786,587,265,2019,4,9,1,0,0.0118238993710691,0.4018116362791778,0.0202059873315905
2019-04-09,41,0.8901791947578135,0.9760378935636668,1.0,0.0,0.0,0.003204232873786,588,370,2019,4,9,1,0,0.8830188679245284,0.8064104052955523,0.0109937412024934
2019-04-10,82,0.8901791947578135,0.0055725828921705,0.0,0.0,0.0,0.003204232873786,589,1581,2019,4,10,2,0,0.8842767295597486,0.8066426663569852,0.0203787954956766
2019-04-10,83,0.8901791947578135,0.0089161326274728,0.0,0.0,0.0,0.003204232873786,590,1014,2019,4,10,2,0,0.8865408805031448,0.8091975380327487,0.0176986979690327
2019-04-10,84,0.8901791947578135,0.0066870994706046,0.0,0.0,0.0,0.003204232873786,591,725,2019,4,10,2,0,0.8900628930817612,0.8101265822784811,0.0160051779609893
2019-04-10,81,0.8901791947578135,0.0108665366397325,0.0,0.0,0.0,0.003204232873786,592,1310,2019,4,10,2,0,0.8998742138364781,0.8118685402392289,0.0175133219384677
2019-04-10,85,0.8901791947578135,0.0080802451936472,0.0,0.0,0.0,0.003204232873786,593,1032,2019,4,10,2,0,0.9003773584905661,0.812333062362095,0.0202971043635632
2019-04-11,82,0.9740714730516646,0.0066870994706046,0.0,0.0,0.0,0.003204232873786,594,1117,2019,4,11,3,0,0.9061635220125788,0.8133782371385436,0.0204542026945505
2019-04-11,83,0.9740714730516646,0.0105879074951239,0.0,0.0,0.0,0.003204232873786,595,281,2019,4,11,3,0,0.0344654088050314,0.8159331088143074,0.0178180927005831
2019-04-11,84,0.9740714730516646,0.0039008080245193,0.0,0.0,0.0,0.003204232873786,596,589,2019,4,11,3,0,0.0329559748427673,0.8157008477528742,0.0160491654936657
2019-04-11,81,0.9740714730516646,0.0061298411813875,0.0,0.0,0.0,0.003204232873786,597,2083,2019,4,11,3,0,0.030440251572327,0.8155847172221578,0.0175824452041021
2019-04-11,85,0.9740714730516646,0.0078016160490387,0.0,0.0,0.0,0.003204232873786,598,1613,2019,4,11,3,0,0.0314465408805031,0.8160492393450238,0.0203850794289161
2019-04-12,80,0.9487936699641888,0.006408470325996,0.0,0.0,0.0,0.003204232873786,599,1486,2019,4,12,4,0,0.0274213836477987,0.8180234583672048,0.2785196310074402
2019-04-12,82,0.9487936699641888,0.0050153246029534,0.0,0.0,0.0,0.003204232873786,600,316,2019,4,12,4,0,0.0246540880503144,0.8179073278364883,0.020510758093706
2019-04-12,83,0.9487936699641888,0.0089161326274728,0.0,0.0,0.0,0.003204232873786,601,1851,2019,4,12,4,0,0.0266666666666666,0.4129601672279643,0.017918635632415
2019-04-12,84,0.9487936699641888,0.0080802451936472,0.0,0.0,0.0,0.003204232873786,602,422,2019,4,12,4,0,0.0244025157232704,0.4143537335965625,0.0161402825256384
2019-04-12,81,0.9487936699641888,0.0050153246029534,0.0,0.0,0.0,0.003204232873786,603,1563,2019,4,12,4,0,0.0254088050314465,0.4140053420044129,0.0176390006032575
2019-04-12,85,0.9487936699641888,0.0069657286152131,0.0,0.0,0.0,0.003204232873786,604,585,2019,4,12,4,0,0.0261635220125786,0.4136569504122634,0.0204636285944098
2019-04-13,80,0.8614475960429735,0.9799387015881862,1.0,0.0,0.0,0.003204232873786,605,1187,2019,4,13,5,1,0.9038993710691824,0.8202299384508187,0.2895699276090891
2019-04-13,82,0.8614475960429735,0.0025076623014767,0.0,0.0,0.0,0.003204232873786,606,1067,2019,4,13,5,1,0.9003773584905661,0.8190686331436536,0.0205390357932837
2019-04-13,83,0.8614475960429735,0.0036221788799108,0.0,0.0,0.0,0.003204232873786,607,596,2019,4,13,5,1,0.8991194968553461,0.8184879804900709,0.0179594811984717
2019-04-13,87,0.8614475960429735,0.0075229869044302,0.0,0.0,0.0,0.003204232873786,608,833,2019,4,13,5,1,0.8978616352201259,0.8203460689815352,0.072692539714458
2019-04-13,85,0.8614475960429735,0.0052939537475619,0.0,0.0,0.0,0.003204232873786,609,985,2019,4,13,5,1,0.8953459119496857,0.8193008942050866,0.020523325960185
2019-04-14,80,0.838922808073661,0.0008358874338255,0.0,0.0,0.0,0.003204232873786,610,82,2019,4,14,6,1,0.8915723270440252,0.8163976309371734,0.2895793535089483
2019-04-14,82,0.838922808073661,0.0072443577598216,0.0,0.0,0.0,0.003204232873786,611,474,2019,4,14,6,1,0.8918238993710694,0.8147718035071421,0.0206207269253971
2019-04-14,83,0.1610771919263389,0.0016717748676511,0.0,0.0,0.0,0.003204232873786,612,1126,2019,4,14,6,1,0.0085534591194968,0.8137266287306935,0.0179783329981902
2019-04-14,84,0.838922808073661,0.0066870994706046,0.0,0.0,0.0,0.003204232873786,613,923,2019,4,14,6,1,0.0123270440251572,0.8138427592614099,0.0162156897245123
2019-04-14,81,0.838922808073661,0.0022290331568682,0.0,0.0,0.0,0.003204232873786,614,342,2019,4,14,6,1,0.0110691823899371,0.8136104981999768,0.0176641363362155
2019-04-14,85,0.838922808073661,0.0039008080245193,0.0,0.0,0.0,0.003204232873786,615,947,2019,4,14,6,1,0.0077987421383647,0.8152363256300081,0.0205673134928614
2019-04-15,80,0.8848233093313611,0.0002786291446085,0.0,0.0,0.0,0.003204232873786,616,380,2019,4,15,0,0,0.0032704402515723,0.8122169318313786,0.2895824954755681
2025-03-15,82,0.8848233093313611,0.0091947617720813,0.0,0.0,0.0,0.003204232873786,617,349,2025,3,15,5,1,0.010817610062893,0.8159331088143074,0.0207244118238487
2019-04-15,83,0.8848233093313611,0.006408470325996,0.0,0.0,0.0,0.003204232873786,618,1783,2019,4,15,0,0,0.010062893081761,0.411798861920799,0.0180505982304444
2019-04-15,84,0.8848233093313611,0.0036221788799108,0.0,0.0,0.0,0.003204232873786,619,166,2019,4,15,0,0,0.0118238993710691,0.4109859482057832,0.016256535290569
2019-04-15,81,0.8848233093313611,0.0047366954583449,0.0,0.0,0.0,0.003204232873786,620,1333,2019,4,15,0,0,0.010062893081761,0.4092439902450354,0.0177175497687512
2019-04-15,85,0.8848233093313611,0.0083588743382557,0.0,0.0,0.0,0.003204232873786,621,485,2019,4,15,0,0,0.0155974842767295,0.4099407734293346,0.0206615724914538
2019-04-15,87,0.9079987960263844,0.9782669267205352,1.0,0.0,0.0,0.003204232873786,622,543,2019,4,15,0,0,0.8953459119496857,0.8131459760771107,0.0837239845163884
2019-04-16,82,0.9079987960263844,0.0019504040122596,0.0,0.0,0.0,0.003204232873786,623,177,2019,4,16,1,0,0.8968553459119498,0.8105911044013472,0.020746405590187
2019-04-16,83,0.9079987960263844,0.006408470325996,0.0,0.0,0.0,0.003204232873786,624,961,2019,4,16,1,0,0.8943396226415095,0.8104749738706307,0.0181228634626985
2019-04-16,84,0.9079987960263844,0.0036221788799108,0.0,0.0,0.0,0.003204232873786,625,2108,2019,4,16,1,0,0.8918238993710694,0.8075717106027174,0.0162973808566257
2019-04-16,81,0.9079987960263844,0.0103092783505154,0.0,0.0,0.0,0.003204232873786,626,431,2019,4,16,1,0,0.8978616352201259,0.8102427128091976,0.0178338025336818
2019-04-16,85,0.9079987960263844,0.006408470325996,0.0,0.0,0.0,0.003204232873786,627,1048,2019,4,16,1,0,0.8993710691823901,0.810358843339914,0.020733837723708
2019-04-17,80,0.9755230781508322,0.0078016160490387,0.0,0.0,0.0,0.003204232873786,628,389,2019,4,17,2,0,0.8988679245283021,0.810358843339914,0.289670470540921
2019-04-17,82,0.9755230781508322,0.0025076623014767,0.0,0.0,0.0,0.003204232873786,629,1104,2019,4,17,2,0,0.0178616352201257,0.8087330159098827,0.0207746832897647
2019-04-17,42,0.9755230781508322,0.0011145165784341,0.0,0.0,0.0,0.003204232873786,630,1756,2019,4,17,2,0,0.0171069182389937,0.8071071884798513,0.0
2019-04-17,84,0.9755230781508322,0.0044580663137364,0.0,0.0,0.0,0.003204232873786,631,1579,2019,4,17,2,0,0.0153459119496855,0.805249099988387,0.0163476523225417
2019-04-17,85,0.9755230781508322,0.0069657286152131,0.0,0.0,0.0,0.003204232873786,632,339,2019,4,17,2,0,0.0183647798742138,0.8047845778655209,0.0208123868892016
2019-04-18,80,0.90254279730325,0.0050153246029534,0.0,0.0,0.0,0.003204232873786,633,636,2019,4,18,3,0,0.0135849056603773,0.8047845778655209,0.2897270259400764
2019-04-18,82,0.90254279730325,0.0055725828921705,0.0,0.0,0.0,0.003204232873786,634,115,2019,4,18,3,0,0.0128301886792452,0.8042039252119382,0.0208375226221596
2019-04-18,83,0.90254279730325,0.0050153246029534,0.0,0.0,0.0,0.003204232873786,635,1544,2019,4,18,3,0,0.010314465408805,0.397863198234816,0.018179418861854
2019-04-18,87,0.90254279730325,0.0066870994706046,0.0,0.0,0.0,0.003204232873786,636,1548,2019,4,18,3,0,0.0140880503144654,0.3996051561955638,0.0837993917152624
2019-04-18,81,0.90254279730325,0.0080802451936472,0.0,0.0,0.0,0.003204232873786,637,1505,2019,4,18,3,0,0.020377358490566,0.4014632446870282,0.0179249195656545
2019-04-18,85,0.90254279730325,0.0013931457230426,0.0,0.0,0.0,0.003204232873786,638,2102,2019,4,18,3,0,0.0176100628930817,0.3989083730112646,0.0208280967223004
2019-04-19,80,0.8765141696258067,0.9818891056004458,1.0,0.0,0.0,0.003204232873786,639,647,2019,4,19,4,0,0.8978616352201259,0.8059458831726862,0.3007993163080635
2019-04-19,82,0.8765141696258067,0.005851212036779,0.0,0.0,0.0,0.003204232873786,640,1469,2019,4,19,4,0,0.8986163522012579,0.8080362327255834,0.0209035039211743
2025-03-15,83,0.8765141696258067,0.0066870994706046,0.0,0.0,0.0,0.003204232873786,641,704,2025,3,15,5,1,0.899622641509434,0.8078039716641505,0.0182548260607279
2019-04-19,84,0.8765141696258067,0.0011145165784341,0.0,0.0,0.0,0.003204232873786,642,835,2019,4,19,4,0,0.8961006289308177,0.8075717106027174,0.0163602201890207
2019-04-19,81,0.8765141696258067,0.0047366954583449,0.0,0.0,0.0,0.003204232873786,643,401,2019,4,19,4,0,0.8943396226415095,0.8067587968877019,0.0179783329981902
2019-04-19,85,0.8765141696258067,0.0041794371691278,0.0,0.0,0.0,0.003204232873786,644,1798,2019,4,19,4,0,0.8908176100628932,0.8075717106027174,0.0208752262215966
2019-04-20,80,0.938282113137074,0.0086375034828643,0.0,0.0,0.0,0.003204232873786,645,1766,2019,4,20,5,1,0.8973584905660379,0.8095459296248984,0.3008967172732757
2019-04-20,82,0.938282113137074,0.0016717748676511,0.0,0.0,0.0,0.003204232873786,646,269,2019,4,20,5,1,0.0123270440251572,0.8101265822784811,0.0209223557208928
2019-04-20,84,0.938282113137074,0.000557258289217,0.0,0.0,0.0,0.003204232873786,647,566,2019,4,20,5,1,0.0075471698113207,0.8065265358262688,0.0163665041222602
2019-04-20,81,0.938282113137074,0.0041794371691278,0.0,0.0,0.0,0.003204232873786,648,1781,2019,4,20,5,1,0.0052830188679245,0.8055974915805366,0.0180254624974864
2019-04-20,85,0.938282113137074,0.0047366954583449,0.0,0.0,0.0,0.003204232873786,649,1164,2019,4,20,5,1,0.0085534591194968,0.8060620137034027,0.0209286396541323
2019-04-21,82,0.8426268869427302,0.0055725828921705,0.0,0.0,0.0,0.003204232873786,650,167,2019,4,21,6,1,0.0093081761006289,0.8064104052955523,0.0209851950532877
2019-04-21,83,0.8426268869427302,0.0086375034828643,0.0,0.0,0.0,0.003204232873786,651,325,2019,4,21,6,1,0.0133333333333333,0.8065265358262688,0.01835222702594
2019-04-21,84,0.8426268869427302,0.0036221788799108,0.0,0.0,0.0,0.003204232873786,652,1578,2019,4,21,6,1,0.0088050314465408,0.4003019393798629,0.0164073496883169
2019-04-21,81,0.8426268869427302,0.0013931457230426,0.0,0.0,0.0,0.003204232873786,653,214,2019,4,21,6,1,0.0085534591194968,0.4000696783184299,0.0180411723305851
2019-04-21,85,0.8426268869427302,0.0011145165784341,0.0,0.0,0.0,0.003204232873786,654,93,2019,4,21,6,1,0.0090566037735849,0.397863198234816,0.0209412075206113
2019-04-22,80,0.8658524302860946,0.9793814432989691,1.0,0.0,0.0,0.003204232873786,655,929,2019,4,22,0,0,0.889559748427673,0.8045523168040878,0.3119407299416851
2019-04-22,82,0.8658524302860946,0.005851212036779,0.0,0.0,0.0,0.003204232873786,656,889,2019,4,22,0,0,0.8905660377358492,0.8026942283126235,0.0210511763523024
2019-04-22,83,0.8658524302860946,0.0055725828921705,0.0,0.0,0.0,0.003204232873786,657,192,2019,4,22,0,0,0.8905660377358492,0.8023458367204739,0.018415066358335
2019-04-22,84,0.8658524302860946,0.0030649205906937,0.0,0.0,0.0,0.003204232873786,658,1773,2019,4,22,0,0,0.8855345911949686,0.8003716176982929,0.0164419113211341
2019-04-22,81,0.8658524302860946,0.0047366954583449,0.0,0.0,0.0,0.003204232873786,659,1494,2019,4,22,0,0,0.8865408805031448,0.801300661944025,0.0180945857631208
2019-04-22,85,0.8658524302860946,0.011145165784341,0.0,0.0,0.0,0.003204232873786,660,1006,2019,4,22,0,0,0.8953459119496857,0.8054813610498202,0.0210668861854011
2019-04-23,80,0.8439783787452158,0.006408470325996,0.0,0.0,0.0,0.003204232873786,661,1340,2019,4,23,1,0,0.9001257861635221,0.8062942747648356,0.3120129951739393
2019-04-23,82,0.8439783787452158,0.0050153246029534,0.0,0.0,0.0,0.003204232873786,662,1193,2019,4,23,1,0,0.020377358490566,0.8054813610498202,0.0211077317514578
2019-04-23,83,0.8439783787452158,0.0086375034828643,0.0,0.0,0.0,0.003204232873786,663,1208,2019,4,23,1,0,0.0228930817610062,0.8069910579491348,0.0185124673235471
2025-03-15,87,0.8439783787452158,0.0025076623014767,0.0,0.0,0.0,0.003204232873786,664,838,2025,3,15,5,1,0.020125786163522,0.8057136221112531,0.0838276694148401
2019-04-23,81,0.8439783787452158,0.0050153246029534,0.0,0.0,0.0,0.003204232873786,665,49,2019,4,23,1,0,0.0218867924528301,0.8057136221112531,0.0181511411622762
2019-04-23,85,0.8439783787452158,0.0025076623014767,0.0,0.0,0.0,0.003204232873786,666,1961,2019,4,23,1,0,0.0198742138364779,0.8039716641505052,0.0210951638849788
2019-04-24,80,0.9233656969316896,0.0008358874338255,0.0,0.0,0.0,0.003204232873786,667,979,2019,4,24,2,0,0.010566037735849,0.8009522703518754,0.3120224210737985
2019-04-24,82,0.9233656969316896,0.000557258289217,0.0,0.0,0.0,0.003204232873786,668,616,2019,4,24,2,0,0.0052830188679245,0.800603878759726,0.0211140156846973
2019-04-24,84,0.9233656969316896,0.0066870994706046,0.0,0.0,0.0,0.003204232873786,669,646,2019,4,24,2,0,0.0067924528301886,0.3941470212518871,0.016517318520008
2019-04-24,43,0.9233656969316896,0.0091947617720813,0.0,0.0,0.0,0.003204232873786,670,1860,2019,4,24,2,0,0.0072955974842767,0.3955405876204855,9.111703197265232e-05
2019-04-24,85,0.9233656969316896,0.0061298411813875,0.0,0.0,0.0,0.003204232873786,671,755,2019,4,24,2,0,0.010566037735849,0.3953083265590523,0.0211642871506133
2019-04-25,80,0.9712183320692448,0.9754806352744498,1.0,0.0,0.0,0.003204232873786,672,664,2019,4,25,3,0,0.8867924528301888,0.8014167924747417,0.3230224462095315
2019-04-25,82,0.9712183320692448,0.0055725828921705,0.0,0.0,0.0,0.003204232873786,673,670,2019,4,25,3,0,0.889559748427673,0.8017651840668913,0.0211768550170922
2019-04-25,83,0.9712183320692448,0.0041794371691278,0.0,0.0,0.0,0.003204232873786,674,2064,2019,4,25,3,0,0.8925786163522013,0.8017651840668913,0.0185595968228433
2019-04-25,84,0.9712183320692448,0.0027862914460852,0.0,0.0,0.0,0.003204232873786,675,239,2019,4,25,3,0,0.8945911949685537,0.7993264429218441,0.0165487381862055
2019-04-25,81,0.9712183320692448,0.0030649205906937,0.0,0.0,0.0,0.003204232873786,676,365,2019,4,25,3,0,0.8913207547169812,0.7999070955754268,0.0181857027950935
2019-04-25,85,0.9712183320692448,0.0050153246029534,0.0,0.0,0.0,0.003204232873786,677,1701,2019,4,25,3,0,0.887547169811321,0.8017651840668913,0.0212208425497687
2019-04-25,87,0.9443387665051524,0.0055725828921705,0.0,0.0,0.0,0.003204232873786,678,695,2019,4,25,3,0,0.8870440251572328,0.8023458367204739,0.083890508747235
2019-04-26,82,0.9443387665051524,0.0,0.0,0.0,0.0,0.003204232873786,679,521,2019,4,26,4,0,0.0062893081761006,0.8003716176982929,0.0211768550170922
2019-04-26,83,0.9443387665051524,0.0075229869044302,0.0,0.0,0.0,0.003204232873786,680,1294,2019,4,26,4,0,0.0080503144654088,0.8011845314133086,0.0186444299215765
2019-04-26,84,0.9443387665051524,0.0044580663137364,0.0,0.0,0.0,0.003204232873786,681,652,2019,4,26,4,0,0.0083018867924528,0.7994425734525608,0.0165990096521214
2019-04-26,81,0.9443387665051524,0.0105879074951239,0.0,0.0,0.0,0.003204232873786,682,967,2019,4,26,4,0,0.0153459119496855,0.8023458367204739,0.0183050975266438
2019-04-26,85,0.9443387665051524,0.0091947617720813,0.0,0.0,0.0,0.003204232873786,683,1346,2019,4,26,4,0,0.020880503144654,0.8055974915805366,0.0213245274482203
2019-04-27,80,0.9547001659548184,0.0078016160490387,0.0,0.0,0.0,0.003204232873786,684,1791,2019,4,27,5,1,0.0233962264150943,0.8083846243177333,0.3231104212748844
2019-04-27,82,0.9547001659548184,0.0050153246029534,0.0,0.0,0.0,0.003204232873786,685,1869,2019,4,27,5,1,0.0228930817610062,0.4022761584020439,0.0212334104162477
2019-04-27,83,0.9547001659548184,0.0022290331568682,0.0,0.0,0.0,0.003204232873786,686,1928,2019,4,27,5,1,0.0249056603773584,0.4007664615027291,0.0186695656545344
2019-04-27,84,0.9547001659548184,0.0136528280858177,0.0,0.0,0.0,0.003204232873786,687,405,2019,4,27,5,1,0.030440251572327,0.4041342468935083,0.016752966016489
2025-03-15,81,0.0452998340451816,0.0,0.0,0.0,0.0,0.003204232873786,688,138,2025,3,15,5,1,0.0264150943396226,0.4028568110556265,0.0183050975266438
2019-04-27,85,0.9547001659548184,0.0039008080245193,0.0,0.0,0.0,0.003204232873786,689,1565,2019,4,27,5,1,0.020377358490566,0.402508419463477,0.0213685149808968
2019-04-28,80,1.0,0.9818891056004458,1.0,0.0,0.0,0.003204232873786,690,1807,2019,4,28,6,1,0.8986163522012579,0.8071071884798513,0.3341827116428715
2019-04-28,82,1.0,0.0044580663137364,0.0,0.0,0.0,0.003204232873786,691,1969,2019,4,28,6,1,0.8955974842767297,0.8062942747648356,0.0212836818821636
2019-04-28,44,1.0,0.0022290331568682,0.0,0.0,0.0,0.003204232873786,692,1004,2019,4,28,6,1,0.8930817610062894,0.8051329694576705,1.2567866478986528e-05
2019-04-28,87,1.0,0.0080802451936472,0.0,0.0,0.0,0.003204232873786,693,1826,2019,4,28,6,1,0.8983647798742139,0.8049007083962374,0.0839816257792077
2019-04-28,81,1.0,0.0094733909166898,0.0,0.0,0.0,0.003204232873786,694,1619,2019,4,28,6,1,0.8945911949685537,0.8078039716641505,0.0184119243917152
2019-04-28,85,1.0,0.0033435497353023,0.0,0.0,0.0,0.003204232873786,695,1057,2019,4,28,6,1,0.8976100628930819,0.8071071884798513,0.0214062185803338
2019-04-29,80,0.9977475262300984,0.0041794371691278,0.0,0.0,0.0,0.003204232873786,696,1257,2019,4,29,0,0,0.8978616352201259,0.8078039716641505,0.3342298411421677
2019-04-29,82,0.9977475262300984,0.0027862914460852,0.0,0.0,0.0,0.003204232873786,697,1517,2019,4,29,0,0,0.0138364779874213,0.8086168853791662,0.0213151015483611
2019-04-29,83,0.9977475262300984,0.0097520200612984,0.0,0.0,0.0,0.003204232873786,698,61,2019,4,29,0,0,0.0186163522012578,0.8124491928928115,0.0187795344862256
2019-04-29,84,0.9977475262300984,0.0094733909166898,0.0,0.0,0.0,0.003204232873786,699,1253,2019,4,29,0,0,0.0251572327044025,0.8136104981999768,0.0168597928815604
2019-04-29,81,0.9977475262300984,0.0066870994706046,0.0,0.0,0.0,0.003204232873786,700,1726,2019,4,29,0,0,0.0238993710691823,0.8125653234235282,0.0184873315905891
2019-04-29,85,0.9977475262300984,0.0039008080245193,0.0,0.0,0.0,0.003204232873786,701,936,2019,4,29,0,0,0.0188679245283018,0.8116362791777958,0.0214502061130102
2019-04-30,80,0.9010912047716566,0.0041794371691278,0.0,0.0,0.0,0.003204232873786,702,20,2019,4,30,1,0,0.0196226415094339,0.4068052490999884,0.3342769706414639
2019-04-30,82,0.9010912047716566,0.0030649205906937,0.0,0.0,0.0,0.003204232873786,703,988,2019,4,30,1,0,0.0186163522012578,0.4057600743235396,0.0213496631811783
2019-04-30,83,0.9010912047716566,0.0041794371691278,0.0,0.0,0.0,0.003204232873786,704,600,2019,4,30,1,0,0.0198742138364779,0.4057600743235396,0.0188266639855218
2019-04-30,84,0.9010912047716566,0.005851212036779,0.0,0.0,0.0,0.003204232873786,705,1558,2019,4,30,1,0,0.0163522012578616,0.4070375101614214,0.0169257741805751
2019-04-30,81,0.9010912047716566,0.0047366954583449,0.0,0.0,0.0,0.003204232873786,706,249,2019,4,30,1,0,0.0120754716981132,0.4077342933457206,0.0185407450231248
2019-04-30,85,0.9010912047716566,0.0022290331568682,0.0,0.0,0.0,0.003204232873786,707,798,2019,4,30,1,0,0.0080503144654088,0.4065729880385553,0.0214753418459682
2019-04-30,87,0.0668735582635885,0.9685149066592368,1.0,0.0,0.0,0.003204232873786,708,1566,2019,4,30,1,0,0.8789937106918241,0.807920102194867,0.094903101749447
2019-05-01,82,0.9331264417364116,0.0008358874338255,0.0,0.0,0.0,0.003204232873786,709,54,2019,5,1,2,0,0.8759748427672958,0.8082684937870166,0.0213590890810376
2019-05-01,83,0.9331264417364116,0.0061298411813875,0.0,0.0,0.0,0.003204232873786,710,10,2019,5,1,2,0,0.87874213836478,0.8076878411334341,0.0188957872511562
2019-05-01,84,0.9331264417364116,0.0089161326274728,0.0,0.0,0.0,0.003204232873786,711,1612,2019,5,1,2,0,0.8830188679245284,0.8095459296248984,0.0170263171124069
2019-05-01,81,0.9331264417364116,0.0055725828921705,0.0,0.0,0.0,0.003204232873786,712,1073,2019,5,1,2,0,0.8827672955974845,0.8074555800720009,0.0186035843555198
2025-03-15,85,0.9331264417364116,0.0039008080245193,0.0,0.0,0.0,0.003204232873786,713,125,2025,3,15,5,1,0.8820125786163524,0.805249099988387,0.0215193293786446
2025-03-15,48,0.9854840244137698,0.0083588743382557,0.0,0.0,0.0,0.003204232873786,714,382,2025,3,15,5,1,0.887547169811321,0.8054813610498202,8.169113211341243e-05
2019-05-02,82,0.9854840244137698,0.0041794371691278,0.0,0.0,0.0,0.003204232873786,715,1568,2019,5,2,3,0,0.0168553459119496,0.8051329694576705,0.0214062185803338
2019-05-02,83,0.9854840244137698,0.0075229869044302,0.0,0.0,0.0,0.003204232873786,716,3,2019,5,2,3,0,0.0228930817610062,0.8073394495412844,0.0189806203498894
2019-05-02,84,0.9854840244137698,0.0052939537475619,0.0,0.0,0.0,0.003204232873786,717,347,2019,5,2,3,0,0.0221383647798742,0.8038555336197888,0.0170860144781821
2019-05-02,81,0.9854840244137698,0.0013931457230426,0.0,0.0,0.0,0.003204232873786,718,2028,2019,5,2,3,0,0.0153459119496855,0.8044361862733713,0.0186192941886185
2019-05-02,85,0.9854840244137698,0.0094733909166898,0.0,0.0,0.0,0.003204232873786,719,1806,2019,5,2,3,0,0.0188679245283018,0.8067587968877019,0.021626156243716
2019-05-03,80,0.8222044279334446,0.0097520200612984,0.0,0.0,0.0,0.003204232873786,720,452,2019,5,3,4,0,0.0241509433962264,0.4015793752177448,0.334386939473155
2019-05-03,82,0.8222044279334446,0.0050153246029534,0.0,0.0,0.0,0.003204232873786,721,335,2019,5,3,4,0,0.0211320754716981,0.4018116362791778,0.0214627739794892
2019-05-03,83,0.8222044279334446,0.0066870994706046,0.0,0.0,0.0,0.003204232873786,722,156,2019,5,3,4,0,0.0233962264150943,0.4036697247706421,0.0190560275487633
2019-05-03,87,0.8222044279334446,0.0097520200612984,0.0,0.0,0.0,0.003204232873786,723,2101,2019,5,3,4,0,0.0254088050314465,0.4043665079549414,0.0950130705811381
2019-05-03,81,0.8222044279334446,0.0013931457230426,0.0,0.0,0.0,0.003204232873786,724,1660,2019,5,3,4,0,0.0218867924528301,0.4009987225641622,0.0186350040217172
2019-05-03,85,0.8222044279334446,0.0008358874338255,0.0,0.0,0.0,0.003204232873786,725,413,2019,5,3,4,0,0.0213836477987421,0.3999535477877134,0.0216355821435753
2019-05-04,80,0.8620983073362587,0.976595151852884,1.0,0.0,0.0,0.003204232873786,726,11,2019,5,4,5,1,0.8945911949685537,0.805249099988387,0.345399532475367
2019-05-04,82,0.8620983073362587,0.0039008080245193,0.0,0.0,0.0,0.003204232873786,727,1291,2019,5,4,5,1,0.8893081761006292,0.8057136221112531,0.0215067615121656
2019-05-04,84,0.8620983073362587,0.0,0.0,0.0,0.0,0.003204232873786,728,1900,2019,5,4,5,1,0.8847798742138367,0.8016490535361747,0.0170860144781821
2019-05-04,81,0.8620983073362587,0.0030649205906937,0.0,0.0,0.0,0.003204232873786,729,1905,2019,5,4,5,1,0.8815094339622643,0.7989780513296947,0.0186695656545344
2019-05-04,85,0.8620983073362587,0.006408470325996,0.0,0.0,0.0,0.003204232873786,730,210,2019,5,4,5,1,0.878490566037736,0.798861920798978,0.0217078473758294
2019-05-05,80,0.9042947171573152,0.0033435497353023,0.0,0.0,0.0,0.003204232873786,731,777,2019,5,5,6,1,0.8802515723270442,0.7986296597375451,0.345437236074804
2019-05-05,82,0.9042947171573152,0.0019504040122596,0.0,0.0,0.0,0.003204232873786,732,1880,2019,5,5,6,1,0.8812578616352202,0.7977006154918127,0.0215287552785039
2019-05-05,83,0.9042947171573152,0.0069657286152131,0.0,0.0,0.0,0.003204232873786,733,1404,2019,5,5,6,1,0.0057861635220125,0.7993264429218441,0.0191345767142569
2019-05-05,84,0.9042947171573152,0.0050153246029534,0.0,0.0,0.0,0.003204232873786,734,1100,2019,5,5,6,1,0.0067924528301886,0.7996748345139939,0.0171425698773376
2019-05-05,52,0.9042947171573152,0.0066870994706046,0.0,0.0,0.0,0.003204232873786,735,729,2019,5,5,6,1,0.0128301886792452,0.8000232261061433,6.283933239493264e-05
2019-05-05,85,0.9042947171573152,0.0069657286152131,0.0,0.0,0.0,0.003204232873786,736,1740,2019,5,5,6,1,0.0163522012578616,0.8009522703518754,0.0217863965413231
2025-03-15,87,0.8824206656164364,0.005851212036779,0.0,0.0,0.0,0.003204232873786,737,572,2025,3,15,5,1,0.0158490566037735,0.8024619672511903,0.0950790518801528
2019-05-06,82,0.8824206656164364,0.0069657286152131,0.0,0.0,0.0,0.003204232873786,738,1630,2019,5,6,0,0,0.0191194968553459,0.4016955057484613,0.0216073044439975
2019-05-06,83,0.8824206656164364,0.0103092783505154,0.0,0.0,0.0,0.003204232873786,739,614,2019,5,6,0,0,0.0266666666666666,0.4056439437928231,0.0192508294791876
2019-05-06,84,0.8824206656164364,0.0033435497353023,0.0,0.0,0.0,0.003204232873786,740,1305,2019,5,6,0,0,0.0233962264150943,0.4044826384856579,0.0171802734767745
2019-05-06,81,0.8824206656164364,0.0033435497353023,0.0,0.0,0.0,0.003204232873786,741,915,2019,5,6,0,0,0.0218867924528301,0.4021600278713274,0.0187072692539714
2019-05-06,85,0.8824206656164364,0.0036221788799108,0.0,0.0,0.0,0.003204232873786,742,916,2019,5,6,0,0,0.0191194968553459,0.4013471141563117,0.0218272421073798
2019-05-07,80,0.913705077991224,0.9796600724435776,1.0,0.0,0.0,0.003204232873786,743,903,2019,5,7,1,0,0.8973584905660379,0.8080362327255834,0.3564843907098331
2019-05-07,82,0.913705077991224,0.0066870994706046,0.0,0.0,0.0,0.003204232873786,744,1918,2019,5,7,1,0,0.8981132075471701,0.8073394495412844,0.0216827116428715
2019-05-07,83,0.913705077991224,0.0008358874338255,0.0,0.0,0.0,0.003204232873786,745,136,2019,5,7,1,0,0.8925786163522013,0.8059458831726862,0.0192602553790468
2019-05-07,84,0.913705077991224,0.0086375034828643,0.0,0.0,0.0,0.003204232873786,746,1679,2019,5,7,1,0,0.8910691823899373,0.8064104052955523,0.0172776744419867
2019-05-07,85,0.913705077991224,0.0019504040122596,0.0,0.0,0.0,0.003204232873786,747,927,2019,5,7,1,0,0.889811320754717,0.8050168389269539,0.021849235873718
2019-05-08,80,0.8722094235442193,0.0039008080245193,0.0,0.0,0.0,0.003204232873786,748,1448,2019,5,8,2,0,0.8903144654088052,0.8060620137034027,0.3565283782425096
2019-05-08,82,0.8722094235442193,0.0066870994706046,0.0,0.0,0.0,0.003204232873786,749,1139,2019,5,8,2,0,0.8930817610062894,0.8049007083962374,0.0217581188417454
2019-05-08,83,0.8722094235442193,0.0041794371691278,0.0,0.0,0.0,0.003204232873786,750,971,2019,5,8,2,0,0.0123270440251572,0.8025780977819068,0.019307384878343
2019-05-08,87,0.8722094235442193,0.0019504040122596,0.0,0.0,0.0,0.003204232873786,751,680,2019,5,8,2,0,0.0080503144654088,0.801300661944025,0.095101045646491
2019-05-08,81,0.8722094235442193,0.0047366954583449,0.0,0.0,0.0,0.003204232873786,752,888,2019,5,8,2,0,0.0115723270440251,0.8004877482290094,0.0187606826865071
2019-05-09,80,0.8030333348623881,0.0025076623014767,0.0,0.0,0.0,0.003204232873786,753,208,2019,5,9,3,0,0.0060377358490566,0.7974683544303798,0.3565566559420873
2019-05-09,82,0.8030333348623881,0.0047366954583449,0.0,0.0,0.0,0.003204232873786,754,423,2019,5,9,3,0,0.0085534591194968,0.798861920798978,0.0218115322742811
2019-05-09,86,0.8030333348623881,0.005851212036779,0.0,0.0,0.0,0.003204232873786,755,1371,2019,5,9,3,0,0.010314465408805,0.8009522703518754,0.0005247084254976
2019-05-09,84,0.8030333348623881,0.0030649205906937,0.0,0.0,0.0,0.003204232873786,756,1414,2019,5,9,3,0,0.0070440251572327,0.3951921960283358,0.0173122360748039
2019-05-09,81,0.8030333348623881,0.0011145165784341,0.0,0.0,0.0,0.003204232873786,757,1865,2019,5,9,3,0,0.0042767295597484,0.3940308907211706,0.0187732505529861
2019-05-09,85,0.8030333348623881,0.0052939537475619,0.0,0.0,0.0,0.003204232873786,758,1859,2019,5,9,3,0,0.0072955974842767,0.3962373708047846,0.0219089332394932
2019-05-10,80,0.8901791947578135,0.978824185009752,1.0,0.0,0.0,0.003204232873786,759,964,2019,5,10,4,0,0.8867924528301888,0.8029264893740564,0.3675943846772572
2025-03-15,82,0.8901791947578135,0.0069657286152131,0.0,0.0,0.0,0.003204232873786,760,2074,2025,3,15,5,1,0.8908176100628932,0.8031587504354896,0.0218900814397747
2019-05-10,83,0.8901791947578135,0.0044580663137364,0.0,0.0,0.0,0.003204232873786,761,774,2019,5,10,4,0,0.8905660377358492,0.8036232725583556,0.0193576563442589
2019-05-10,84,0.8901791947578135,0.0072443577598216,0.0,0.0,0.0,0.003204232873786,762,806,2019,5,10,4,0,0.8918238993710694,0.8058297526419695,0.0173939272069173
2019-05-10,81,0.8901791947578135,0.005851212036779,0.0,0.0,0.0,0.003204232873786,763,1496,2019,5,10,4,0,0.8943396226415095,0.8053652305191035,0.0188392318520008
2019-05-10,85,0.8901791947578135,0.0050153246029534,0.0,0.0,0.0,0.003204232873786,764,686,2019,5,10,4,0,0.8978616352201259,0.8053652305191035,0.0219654886386487
2019-05-11,82,0.9740714730516646,0.0061298411813875,0.0,0.0,0.0,0.003204232873786,765,327,2019,5,11,5,1,0.8986163522012579,0.8051329694576705,0.0219592047054092
2019-05-11,83,0.9740714730516646,0.0097520200612984,0.0,0.0,0.0,0.003204232873786,766,832,2019,5,11,5,1,0.0236477987421383,0.8062942747648356,0.0194676251759501
2019-05-11,84,0.9740714730516646,0.0055725828921705,0.0,0.0,0.0,0.003204232873786,767,745,2019,5,11,5,1,0.0223899371069182,0.8061781442341192,0.0174567665393122
2019-05-11,81,0.9740714730516646,0.0094733909166898,0.0,0.0,0.0,0.003204232873786,768,1768,2019,5,11,5,1,0.0269182389937106,0.807223319010568,0.0189460587170721
2019-05-11,85,0.9740714730516646,0.0078016160490387,0.0,0.0,0.0,0.003204232873786,769,1835,2019,5,11,5,1,0.0274213836477987,0.8061781442341192,0.0220534637040016
2019-05-12,80,0.9487936699641888,0.0075229869044302,0.0,0.0,0.0,0.003204232873786,770,1549,2019,5,12,6,1,0.0289308176100628,0.807920102194867,0.3676792177759904
2019-05-12,82,0.9487936699641888,0.0061298411813875,0.0,0.0,0.0,0.003204232873786,771,1317,2019,5,12,6,1,0.0299371069182389,0.8090814075020323,0.0220283279710436
2019-05-12,83,0.9487936699641888,0.0041794371691278,0.0,0.0,0.0,0.003204232873786,772,1123,2019,5,12,6,1,0.0281761006289308,0.8093136685634654,0.0195147546752463
2019-05-12,84,0.9487936699641888,0.000557258289217,0.0,0.0,0.0,0.003204232873786,773,918,2019,5,12,6,1,0.0198742138364779,0.4012309836255952,0.0174630504725517
2019-05-12,81,0.9487936699641888,0.0072443577598216,0.0,0.0,0.0,0.003204232873786,774,1418,2019,5,12,6,1,0.0213836477987421,0.4014632446870282,0.0190277498491856
2019-05-12,85,0.9487936699641888,0.0061298411813875,0.0,0.0,0.0,0.003204232873786,775,776,2019,5,12,6,1,0.0183647798742138,0.4036697247706421,0.022122586969636
2019-05-12,46,0.8614475960429735,0.9768737809974924,1.0,0.0,0.0,0.003204232873786,776,1236,2019,5,12,6,1,0.8933333333333334,0.807223319010568,0.0110031671023527
2019-05-13,82,0.8614475960429735,0.0027862914460852,0.0,0.0,0.0,0.003204232873786,777,1620,2019,5,13,0,0,0.889056603773585,0.8075717106027174,0.0220597476372411
2019-05-13,83,0.8614475960429735,0.0069657286152131,0.0,0.0,0.0,0.003204232873786,778,207,2019,5,13,0,0,0.889811320754717,0.8088491464405994,0.0195933038407399
2019-05-13,87,0.8614475960429735,0.0055725828921705,0.0,0.0,0.0,0.003204232873786,779,1331,2019,5,13,0,0,0.8910691823899373,0.8083846243177333,0.0951638849788859
2019-05-13,81,0.8614475960429735,0.0036221788799108,0.0,0.0,0.0,0.003204232873786,780,1070,2019,5,13,0,0,0.8938364779874215,0.8081523632563001,0.0190685954152423
2019-05-13,85,0.8614475960429735,0.0052939537475619,0.0,0.0,0.0,0.003204232873786,781,163,2019,5,13,0,0,0.8920754716981134,0.8095459296248984,0.0221822843354112
2019-05-14,80,0.838922808073661,0.0044580663137364,0.0,0.0,0.0,0.003204232873786,782,247,2019,5,14,1,0,0.8905660377358492,0.8094297990941819,0.3677294892419063
2019-05-14,82,0.838922808073661,0.0052939537475619,0.0,0.0,0.0,0.003204232873786,783,71,2019,5,14,1,0,0.0133333333333333,0.8105911044013472,0.0221194450030162
2019-05-14,84,0.838922808073661,0.0039008080245193,0.0,0.0,0.0,0.003204232873786,784,1495,2019,5,14,1,0,0.0143396226415094,0.8102427128091976,0.0175070380052282
2019-05-14,81,0.838922808073661,0.006408470325996,0.0,0.0,0.0,0.003204232873786,785,560,2019,5,14,1,0,0.0138364779874213,0.8104749738706307,0.0191408606474964
2019-05-14,85,0.838922808073661,0.0061298411813875,0.0,0.0,0.0,0.003204232873786,786,94,2019,5,14,1,0,0.0143396226415094,0.8117524097085123,0.0222514076010456
2019-05-15,80,0.8848233093313611,0.0033435497353023,0.0,0.0,0.0,0.003204232873786,787,853,2019,5,15,2,0,0.0140880503144654,0.8126814539542446,0.3677671928413433
2019-05-15,82,0.8848233093313611,0.0027862914460852,0.0,0.0,0.0,0.003204232873786,788,1949,2019,5,15,2,0,0.0118238993710691,0.8116362791777958,0.0221508646692137
2019-05-15,83,0.8848233093313611,0.0100306492059069,0.0,0.0,0.0,0.003204232873786,789,303,2019,5,15,2,0,0.0168553459119496,0.4078504238764371,0.0197064146390508
2019-05-15,84,0.8848233093313611,0.0089161326274728,0.0,0.0,0.0,0.003204232873786,790,1083,2019,5,15,2,0,0.020125786163522,0.4086633375914528,0.0176075809370601
2019-05-15,81,0.8848233093313611,0.0030649205906937,0.0,0.0,0.0,0.003204232873786,791,1394,2019,5,15,2,0,0.0193710691823899,0.4080826849378702,0.0191754222803136
2019-05-15,85,0.8848233093313611,0.0055725828921705,0.0,0.0,0.0,0.003204232873786,792,1739,2019,5,15,2,0,0.0186163522012578,0.407385901753571,0.0223142469334405
2019-05-15,87,0.9079987960263844,0.9843967679019228,1.0,0.0,0.0,0.003204232873786,793,1562,2019,5,15,2,0,0.9018867924528304,0.8152363256300081,0.1062644530464508
2019-05-16,82,0.9079987960263844,0.0030649205906937,0.0,0.0,0.0,0.003204232873786,794,1738,2019,5,16,3,0,0.9016352201257865,0.8144234119149925,0.0221854263020309
2019-05-16,83,0.9079987960263844,0.0055725828921705,0.0,0.0,0.0,0.003204232873786,795,1901,2019,5,16,3,0,0.9041509433962266,0.8141911508535595,0.0197692539714458
2019-05-16,84,0.9079987960263844,0.0027862914460852,0.0,0.0,0.0,0.003204232873786,796,139,2019,5,16,3,0,0.8976100628930819,0.8112878875856462,0.0176390006032575
2019-05-16,47,0.9079987960263844,0.0052939537475619,0.0,0.0,0.0,0.003204232873786,797,913,2019,5,16,3,0,0.8943396226415095,0.8111717570549297,4.712949929619948e-05
2019-05-16,85,0.9079987960263844,0.005851212036779,0.0,0.0,0.0,0.003204232873786,798,212,2019,5,16,3,0,0.8968553459119498,0.8096620601556148,0.0223802282324552
2019-05-17,80,0.9755230781508322,0.0078016160490387,0.0,0.0,0.0,0.003204232873786,799,1234,2019,5,17,4,0,0.8988679245283021,0.8096620601556148,0.3678551679066962
2019-05-17,82,0.9755230781508322,0.0044580663137364,0.0,0.0,0.0,0.003204232873786,800,1408,2019,5,17,4,0,0.0140880503144654,0.8083846243177333,0.0222356977679469
2019-05-17,83,0.9755230781508322,0.0033435497353023,0.0,0.0,0.0,0.003204232873786,801,1753,2019,5,17,4,0,0.0143396226415094,0.807223319010568,0.0198069575708827
2019-05-17,84,0.9755230781508322,0.0091947617720813,0.0,0.0,0.0,0.003204232873786,802,607,2019,5,17,4,0,0.0176100628930817,0.8093136685634654,0.0177426855017092
2019-05-17,81,0.0244769218491677,0.0002786291446085,0.0,0.0,0.0,0.003204232873786,803,714,2019,5,17,4,0,0.0153459119496855,0.8091975380327487,0.0191785642469334
2019-05-17,85,0.9755230781508322,0.0044580663137364,0.0,0.0,0.0,0.003204232873786,804,2081,2019,5,17,4,0,0.0145911949685534,0.8080362327255834,0.0224304996983712
2019-05-18,80,0.90254279730325,0.0008358874338255,0.0,0.0,0.0,0.003204232873786,805,542,2019,5,18,5,1,0.010062893081761,0.8058297526419695,0.3678645938065554
2019-05-18,82,0.90254279730325,0.0030649205906937,0.0,0.0,0.0,0.003204232873786,806,661,2019,5,18,5,1,0.0057861635220125,0.3999535477877134,0.0222702594007641
2019-05-18,83,0.90254279730325,0.0080802451936472,0.0,0.0,0.0,0.003204232873786,807,149,2019,5,18,5,1,0.0090566037735849,0.4021600278713274,0.0198980746028554
2025-03-15,87,0.90254279730325,0.0011145165784341,0.0,0.0,0.0,0.003204232873786,808,520,2025,3,15,5,1,0.0070440251572327,0.3997212867262804,0.1062770209129298
2019-05-18,81,0.90254279730325,0.0025076623014767,0.0,0.0,0.0,0.003204232873786,809,1405,2019,5,18,5,1,0.001006289308176,0.3984438508883985,0.0192068419465111
2019-05-18,85,0.90254279730325,0.0047366954583449,0.0,0.0,0.0,0.003204232873786,810,1751,2019,5,18,5,1,0.0050314465408805,0.3989083730112646,0.0224839131309068
2019-05-19,80,0.8765141696258067,0.9791028141543606,1.0,0.0,0.0,0.003204232873786,811,540,2019,5,19,6,1,0.8850314465408806,0.8047845778655209,0.3789054645083451
2019-05-19,82,0.8765141696258067,0.0013931457230426,0.0,0.0,0.0,0.003204232873786,812,1930,2019,5,19,6,1,0.8855345911949686,0.8035071420276392,0.0222859692338628
2019-05-19,83,0.8765141696258067,0.005851212036779,0.0,0.0,0.0,0.003204232873786,813,1489,2019,5,19,6,1,0.8880503144654088,0.8037394030890721,0.01996405590187
2019-05-19,84,0.8765141696258067,0.0108665366397325,0.0,0.0,0.0,0.003204232873786,814,1332,2019,5,19,6,1,0.8905660377358492,0.8066426663569852,0.0178652221998793
2019-05-19,81,0.8765141696258067,0.0027862914460852,0.0,0.0,0.0,0.003204232873786,815,340,2019,5,19,6,1,0.8920754716981134,0.8051329694576705,0.0192382616127086
2019-05-19,85,0.8765141696258067,0.0089161326274728,0.0,0.0,0.0,0.003204232873786,816,143,2019,5,19,6,1,0.8978616352201259,0.8062942747648356,0.0225844560627387
2019-05-20,80,0.938282113137074,0.0069657286152131,0.0,0.0,0.0,0.003204232873786,817,1627,2019,5,20,0,0,0.8998742138364781,0.8078039716641505,0.3789840136738387
2019-05-20,82,0.938282113137074,0.0075229869044302,0.0,0.0,0.0,0.003204232873786,818,509,2019,5,20,0,0,0.0226415094339622,0.8097781906863315,0.022370802332596
2019-05-20,49,0.938282113137074,0.0036221788799108,0.0,0.0,0.0,0.003204232873786,819,242,2019,5,20,0,0,0.0246540880503144,0.8071071884798513,2.8277699577719688e-05
2019-05-20,84,0.938282113137074,0.0080802451936472,0.0,0.0,0.0,0.003204232873786,820,469,2019,5,20,0,0,0.0266666666666666,0.8067587968877019,0.017956339231852
2019-05-20,81,0.938282113137074,0.0069657286152131,0.0,0.0,0.0,0.003204232873786,821,42,2019,5,20,0,0,0.0231446540880503,0.8083846243177333,0.0193168107782022
2019-05-20,85,0.938282113137074,0.0066870994706046,0.0,0.0,0.0,0.003204232873786,822,1349,2019,5,20,0,0,0.0266666666666666,0.8088491464405994,0.0226598632616127
2019-05-21,82,0.8426268869427302,0.0022290331568682,0.0,0.0,0.0,0.003204232873786,823,1159,2019,5,21,1,0,0.02062893081761,0.3994890256648473,0.0223959380655539
2019-05-21,83,0.8426268869427302,0.0019504040122596,0.0,0.0,0.0,0.003204232873786,824,1706,2019,5,21,1,0,0.0161006289308176,0.3990245035419812,0.0199860496682083
2019-05-21,84,0.8426268869427302,0.0069657286152131,0.0,0.0,0.0,0.003204232873786,825,2084,2019,5,21,1,0,0.0155974842767295,0.3996051561955638,0.0180348883973456
2019-05-21,81,0.8426268869427302,0.0047366954583449,0.0,0.0,0.0,0.003204232873786,826,40,2019,5,21,1,0,0.0166037735849056,0.4004180699105795,0.0193702242107379
2019-05-21,85,0.8426268869427302,0.005851212036779,0.0,0.0,0.0,0.003204232873786,827,47,2019,5,21,1,0,0.0145911949685534,0.4006503309720125,0.0227258445606273
2019-05-22,80,0.8658524302860946,0.978824185009752,1.0,0.0,0.0,0.003204232873786,828,866,2019,5,22,2,0,0.8920754716981134,0.8061781442341192,0.3900217424090086
2019-05-22,82,0.8658524302860946,0.006408470325996,0.0,0.0,0.0,0.003204232873786,829,677,2019,5,22,2,0,0.8918238993710694,0.8055974915805366,0.0224682032978081
2019-05-22,83,0.8658524302860946,0.0047366954583449,0.0,0.0,0.0,0.003204232873786,830,1354,2019,5,22,2,0,0.8940880503144655,0.8057136221112531,0.020039463100744
2019-05-22,84,0.8658524302860946,0.0086375034828643,0.0,0.0,0.0,0.003204232873786,831,2041,2019,5,22,2,0,0.9001257861635221,0.807920102194867,0.0181322893625578
2025-03-15,81,0.8658524302860946,0.0047366954583449,0.0,0.0,0.0,0.003204232873786,832,1942,2025,3,15,5,1,0.8981132075471701,0.8060620137034027,0.0194236376432736
2019-05-22,85,0.8658524302860946,0.0052939537475619,0.0,0.0,0.0,0.003204232873786,833,81,2019,5,22,2,0,0.8986163522012579,0.8081523632563001,0.0227855419264025
2019-05-23,80,0.8439783787452158,0.0044580663137364,0.0,0.0,0.0,0.003204232873786,834,1745,2019,5,23,3,0,0.8973584905660379,0.8081523632563001,0.3900720138749246
2019-05-23,82,0.8439783787452158,0.0036221788799108,0.0,0.0,0.0,0.003204232873786,835,689,2019,5,23,3,0,0.0168553459119496,0.8093136685634654,0.0225090488638648
2019-05-23,83,0.8439783787452158,0.0039008080245193,0.0,0.0,0.0,0.003204232873786,836,129,2019,5,23,3,0,0.0145911949685534,0.8096620601556148,0.0200834506334204
2019-05-23,87,0.8439783787452158,0.0075229869044302,0.0,0.0,0.0,0.003204232873786,837,574,2019,5,23,3,0,0.0171069182389937,0.8094297990941819,0.1063618540116629
2019-05-23,81,0.8439783787452158,0.0080802451936472,0.0,0.0,0.0,0.003204232873786,838,1429,2019,5,23,3,0,0.0166037735849056,0.812333062362095,0.0195147546752463
2019-05-23,85,0.8439783787452158,0.0072443577598216,0.0,0.0,0.0,0.003204232873786,839,1638,2019,5,23,3,0,0.0188679245283018,0.814307281384276,0.0228672330585159
2019-05-23,50,0.9233656969316896,0.0039008080245193,0.0,0.0,0.0,0.003204232873786,840,1626,2019,5,23,3,0,0.0176100628930817,0.8139588897921264,3.141966619746632e-05
2019-05-24,82,0.9233656969316896,0.0036221788799108,0.0,0.0,0.0,0.003204232873786,841,657,2019,5,24,4,0,0.0168553459119496,0.407385901753571,0.0225498944299215
2019-05-24,84,0.9233656969316896,0.0114237949289495,0.0,0.0,0.0,0.003204232873786,842,151,2019,5,24,4,0,0.0238993710691823,0.4115666008593659,0.0182611099939674
2019-05-24,81,0.9233656969316896,0.0052939537475619,0.0,0.0,0.0,0.003204232873786,843,778,2019,5,24,4,0,0.0251572327044025,0.4113343397979329,0.0195744520410215
2019-05-24,85,0.9233656969316896,0.0072443577598216,0.0,0.0,0.0,0.003204232873786,844,1569,2019,5,24,4,0,0.0249056603773584,0.4098246428986181,0.0229489241906294
2019-05-25,80,0.9712183320692448,0.9824463638896628,1.0,0.0,0.0,0.003204232873786,845,744,2019,5,25,5,1,0.9046540880503146,0.8181395888979213,0.4011505881761512
2019-05-25,82,0.9712183320692448,0.0041794371691278,0.0,0.0,0.0,0.003204232873786,846,862,2019,5,25,5,1,0.9018867924528304,0.8161653698757403,0.0225970239292177
2019-05-25,83,0.9712183320692448,0.0030649205906937,0.0,0.0,0.0,0.003204232873786,847,1712,2019,5,25,5,1,0.9011320754716984,0.8145395424457089,0.0201180122662376
2019-05-25,84,0.9712183320692448,0.0039008080245193,0.0,0.0,0.0,0.003204232873786,848,894,2019,5,25,5,1,0.901383647798742,0.8130298455463942,0.0183050975266438
2019-05-25,81,0.9712183320692448,0.005851212036779,0.0,0.0,0.0,0.003204232873786,849,752,2019,5,25,5,1,0.8963522012578619,0.8139588897921264,0.0196404333400361
2019-05-25,85,0.9712183320692448,0.0030649205906937,0.0,0.0,0.0,0.003204232873786,850,901,2019,5,25,5,1,0.8943396226415095,0.8118685402392289,0.0229834858234466
2019-05-25,87,0.9443387665051524,0.0080802451936472,0.0,0.0,0.0,0.003204232873786,851,1772,2019,5,25,5,1,0.8950943396226416,0.812333062362095,0.1064529710436356
2019-05-26,82,0.9443387665051524,0.0052939537475619,0.0,0.0,0.0,0.003204232873786,852,662,2019,5,26,6,1,0.0128301886792452,0.8117524097085123,0.0226567212949929
2019-05-26,83,0.9443387665051524,0.0094733909166898,0.0,0.0,0.0,0.003204232873786,853,1396,2019,5,26,6,1,0.0176100628930817,0.8147718035071421,0.020224839131309
2019-05-26,84,0.9443387665051524,0.0066870994706046,0.0,0.0,0.0,0.003204232873786,854,868,2019,5,26,6,1,0.020880503144654,0.816746022529323,0.0183805047255177
2019-05-26,81,0.9443387665051524,0.0055725828921705,0.0,0.0,0.0,0.003204232873786,855,1435,2019,5,26,6,1,0.0223899371069182,0.8161653698757403,0.0197032726724311
2025-03-15,85,0.9443387665051524,0.0016717748676511,0.0,0.0,0.0,0.003204232873786,856,412,2025,3,15,5,1,0.0186163522012578,0.8148879340378585,0.023002337623165
2019-05-27,80,0.9547001659548184,0.0041794371691278,0.0,0.0,0.0,0.003204232873786,857,721,2019,5,27,0,0,0.0196226415094339,0.8141911508535595,0.4011977176754474
2019-05-27,82,0.9547001659548184,0.0078016160490387,0.0,0.0,0.0,0.003204232873786,858,1599,2019,5,27,0,0,0.0193710691823899,0.4094762513064685,0.0227446963603458
2019-05-27,83,0.9547001659548184,0.0039008080245193,0.0,0.0,0.0,0.003204232873786,859,1040,2019,5,27,0,0,0.0181132075471698,0.4084310765300197,0.0202688266639855
2019-05-27,84,0.9547001659548184,0.0072443577598216,0.0,0.0,0.0,0.003204232873786,860,885,2019,5,27,0,0,0.0161006289308176,0.4094762513064685,0.0184621958576312
2019-05-27,86,0.0452998340451816,0.0,0.0,0.0,0.0,0.003204232873786,861,1463,2019,5,27,0,0,0.010062893081761,0.4058762048542561,0.0005247084254976
2019-05-27,85,0.9547001659548184,0.0041794371691278,0.0,0.0,0.0,0.003204232873786,862,732,2019,5,27,0,0,0.0088050314465408,0.4056439437928231,0.0230494671224612
2019-05-28,80,1.0,0.9768737809974924,1.0,0.0,0.0,0.003204232873786,863,1670,2019,5,28,1,0,0.8893081761006292,0.8105911044013472,0.4122134526442791
2019-05-28,82,1.0,0.0086375034828643,0.0,0.0,0.0,0.003204232873786,864,1245,2019,5,28,1,0,0.8933333333333334,0.812333062362095,0.022842097325558
2019-05-28,83,1.0,0.0097520200612984,0.0,0.0,0.0,0.003204232873786,865,1213,2019,5,28,1,0,0.8950943396226416,0.8148879340378585,0.0203787954956766
2019-05-28,87,1.0,0.0044580663137364,0.0,0.0,0.0,0.003204232873786,866,530,2019,5,28,1,0,0.8955974842767297,0.8151201950992917,0.1065032425095515
2019-05-28,81,1.0,0.0050153246029534,0.0,0.0,0.0,0.003204232873786,867,1452,2019,5,28,1,0,0.8935849056603776,0.8140750203228428,0.0197598280715865
2019-05-28,85,1.0,0.0047366954583449,0.0,0.0,0.0,0.003204232873786,868,533,2019,5,28,1,0,0.8978616352201259,0.8126814539542446,0.0231028805549969
2019-05-29,80,0.9977475262300984,0.0044580663137364,0.0,0.0,0.0,0.003204232873786,869,90,2019,5,29,2,0,0.8981132075471701,0.8115201486470793,0.4122637241101951
2019-05-29,82,0.9977475262300984,0.0016717748676511,0.0,0.0,0.0,0.003204232873786,870,1987,2019,5,29,2,0,0.0176100628930817,0.8105911044013472,0.0228609491252764
2019-05-29,83,0.9977475262300984,0.0089161326274728,0.0,0.0,0.0,0.003204232873786,871,2025,2019,5,29,2,0,0.0178616352201257,0.8127975844849611,0.0204793384275085
2019-05-29,84,0.9977475262300984,0.0066870994706046,0.0,0.0,0.0,0.003204232873786,872,301,2019,5,29,2,0,0.0150943396226415,0.8108233654627801,0.0185376030565051
2019-05-29,81,0.9977475262300984,0.0047366954583449,0.0,0.0,0.0,0.003204232873786,873,823,2019,5,29,2,0,0.0153459119496855,0.8105911044013472,0.0198132415041222
2019-05-29,85,0.9977475262300984,0.0,0.0,0.0,0.0,0.003204232873786,874,1936,2019,5,29,2,0,0.010817610062893,0.8075717106027174,0.0231028805549969
2019-05-30,80,0.9010912047716566,0.0030649205906937,0.0,0.0,0.0,0.003204232873786,875,417,2019,5,30,3,0,0.0093081761006289,0.3993728951341308,0.4122982857430123
2019-05-30,82,0.9010912047716566,0.0041794371691278,0.0,0.0,0.0,0.003204232873786,876,2088,2019,5,30,3,0,0.0090566037735849,0.3993728951341308,0.0229080786245726
2019-05-30,83,0.9010912047716566,0.0008358874338255,0.0,0.0,0.0,0.003204232873786,877,693,2019,5,30,3,0,0.0083018867924528,0.3984438508883985,0.0204887643273677
2019-05-30,81,0.9010912047716566,0.0039008080245193,0.0,0.0,0.0,0.003204232873786,878,1021,2019,5,30,3,0,0.0037735849056603,0.3984438508883985,0.0198572290367987
2019-05-30,85,0.9010912047716566,0.0025076623014767,0.0,0.0,0.0,0.003204232873786,879,1526,2019,5,30,3,0,0.0,0.3970502845198002,0.0231311582545747
2025-03-15,87,0.1550205259906861,0.9721370855391476,1.0,0.0,0.0,0.003204232873786,880,545,2025,3,15,5,1,0.8734591194968554,0.8009522703518754,0.1174655640458475
2019-05-31,82,0.8449794740093138,0.0050153246029534,0.0,0.0,0.0,0.003204232873786,881,1468,2019,5,31,4,0,0.8779874213836479,0.7996748345139939,0.0229646340237281
2019-05-31,51,0.8449794740093138,0.0052939537475619,0.0,0.0,0.0,0.003204232873786,882,369,2019,5,31,4,0,0.8800000000000001,0.7996748345139939,4.712949929619948e-05
2019-05-31,84,0.8449794740093138,0.0027862914460852,0.0,0.0,0.0,0.003204232873786,883,1681,2019,5,31,4,0,0.87874213836478,0.7968877017767972,0.0185690227227025
2019-05-31,81,0.8449794740093138,0.0036221788799108,0.0,0.0,0.0,0.003204232873786,884,2018,2019,5,31,4,0,0.8812578616352202,0.7956102659389153,0.0198980746028554
2019-05-31,85,0.8449794740093138,0.0080802451936472,0.0,0.0,0.0,0.003204232873786,885,1985,2019,5,31,4,0,0.8850314465408806,0.7966554407153641,0.0232222752865473
2019-06-01,80,0.9331264417364116,0.0066870994706046,0.0,0.0,0.0,0.003204232873786,886,1717,2019,6,1,5,1,0.888805031446541,0.7987457902682615,0.4123736929418862
2019-06-01,82,0.9331264417364116,0.0036221788799108,0.0,0.0,0.0,0.003204232873786,887,1609,2019,6,1,5,1,0.0143396226415094,0.7985135292068286,0.0230054795897848
2019-06-01,83,0.9331264417364116,0.0061298411813875,0.0,0.0,0.0,0.003204232873786,888,548,2019,6,1,5,1,0.0153459119496855,0.7978167460225294,0.0205578875930022
2019-06-01,84,0.9331264417364116,0.000557258289217,0.0,0.0,0.0,0.003204232873786,889,133,2019,6,1,5,1,0.0110691823899371,0.7964231796539312,0.018575306655942
2019-06-01,81,0.9331264417364116,0.0013931457230426,0.0,0.0,0.0,0.003204232873786,890,454,2019,6,1,5,1,0.0098113207547169,0.7939844385088839,0.0199137844359541
2019-06-01,85,0.9331264417364116,0.0114237949289495,0.0,0.0,0.0,0.003204232873786,891,450,2019,6,1,5,1,0.0168553459119496,0.7987457902682615,0.0233510959179569
2019-06-02,80,0.9854840244137698,0.0002786291446085,0.0,0.0,0.0,0.003204232873786,892,1519,2019,6,2,6,1,0.0098113207547169,0.7971199628382302,0.4123768349085059
2019-06-02,82,0.9854840244137698,0.0066870994706046,0.0,0.0,0.0,0.003204232873786,893,1282,2019,6,2,6,1,0.0098113207547169,0.3927534548832888,0.0230808867886587
2019-06-02,83,0.9854840244137698,0.0108665366397325,0.0,0.0,0.0,0.003204232873786,894,1813,2019,6,2,6,1,0.0163522012578616,0.393682499129021,0.0206804242911723
2019-06-02,87,0.9854840244137698,0.0075229869044302,0.0,0.0,0.0,0.003204232873786,895,1902,2019,6,2,6,1,0.0176100628930817,0.3927534548832888,0.1175503971445807
2019-06-02,81,0.9854840244137698,0.0050153246029534,0.0,0.0,0.0,0.003204232873786,896,535,2019,6,2,6,1,0.0216352201257861,0.3929857159447218,0.0199703398351095
2019-06-02,85,0.9854840244137698,0.0011145165784341,0.0,0.0,0.0,0.003204232873786,897,379,2019,6,2,6,1,0.0213836477987421,0.3913598885146905,0.0233636637844359
2019-06-03,80,0.8222044279334446,0.9810532181666204,1.0,0.0,0.0,0.003204232873786,898,711,2019,6,3,0,0,0.8968553459119498,0.7982812681453955,0.4234396993766338
2019-06-03,82,0.8222044279334446,0.0047366954583449,0.0,0.0,0.0,0.003204232873786,899,1658,2019,6,3,0,0,0.9008805031446544,0.7983973986761119,0.0231343002211944
2019-06-03,84,0.8222044279334446,0.0072443577598216,0.0,0.0,0.0,0.003204232873786,900,467,2019,6,3,0,0,0.901383647798742,0.8007200092904425,0.0186569977880555
2019-06-03,85,0.8222044279334446,0.0114237949289495,0.0,0.0,0.0,0.003204232873786,901,1061,2019,6,3,0,0,0.9018867924528304,0.8017651840668913,0.0234924844158455
2019-06-03,58,0.8620983073362587,0.006408470325996,0.0,0.0,0.0,0.003204232873786,902,1970,2019,6,3,0,0,0.9008805031446544,0.8016490535361747,5.9697365775186006e-05
2025-03-15,82,0.8620983073362587,0.0055725828921705,0.0,0.0,0.0,0.003204232873786,903,830,2025,3,15,5,1,0.901383647798742,0.8019974451283243,0.0231971395535893
2019-06-04,83,0.8620983073362587,0.0080802451936472,0.0,0.0,0.0,0.003204232873786,904,403,2019,6,4,1,0,0.907672955974843,0.8053652305191035,0.0207715413231449
2019-06-04,84,0.8620983073362587,0.0069657286152131,0.0,0.0,0.0,0.003204232873786,905,1908,2019,6,4,1,0,0.0281761006289308,0.8069910579491348,0.0187355469535491
2019-06-04,81,0.8620983073362587,0.0044580663137364,0.0,0.0,0.0,0.003204232873786,906,2063,2019,6,4,1,0,0.0279245283018867,0.8071071884798513,0.0200206113010255
2019-06-04,85,0.8620983073362587,0.0008358874338255,0.0,0.0,0.0,0.003204232873786,907,293,2019,6,4,1,0,0.0221383647798742,0.8071071884798513,0.0235019103157048
2019-06-04,87,0.9042947171573152,0.0022290331568682,0.0,0.0,0.0,0.003204232873786,908,1541,2019,6,4,1,0,0.0138364779874213,0.8064104052955523,0.1175755328775387
2019-06-05,82,0.9042947171573152,0.006408470325996,0.0,0.0,0.0,0.003204232873786,909,1625,2019,6,5,2,0,0.0138364779874213,0.8080362327255834,0.0232694047858435
2019-06-05,83,0.9042947171573152,0.0039008080245193,0.0,0.0,0.0,0.003204232873786,910,621,2019,6,5,2,0,0.0123270440251572,0.4044826384856579,0.0208155288558214
2019-06-05,84,0.9042947171573152,0.0039008080245193,0.0,0.0,0.0,0.003204232873786,911,501,2019,6,5,2,0,0.0085534591194968,0.4040181163627918,0.0187795344862256
2019-06-05,81,0.9042947171573152,0.0022290331568682,0.0,0.0,0.0,0.003204232873786,912,640,2019,6,5,2,0,0.0042767295597484,0.40274068052491,0.0200457470339835
2019-06-05,85,0.9042947171573152,0.0002786291446085,0.0,0.0,0.0,0.003204232873786,913,77,2019,6,5,2,0,0.000503144654088,0.4016955057484613,0.0235050522823245
2019-06-06,80,0.8824206656164364,0.977709668431318,1.0,0.0,0.0,0.003204232873786,914,771,2019,6,6,3,0,0.8825157232704404,0.8076878411334341,0.4344648602453247
2019-06-06,82,0.8824206656164364,0.0022290331568682,0.0,0.0,0.0,0.003204232873786,915,1644,2019,6,6,3,0,0.8825157232704404,0.805249099988387,0.0232945405188015
2019-06-06,83,0.8824206656164364,0.0066870994706046,0.0,0.0,0.0,0.003204232873786,916,846,2019,6,6,3,0,0.8827672955974845,0.805249099988387,0.0208909360546953
2019-06-06,84,0.8824206656164364,0.0055725828921705,0.0,0.0,0.0,0.003204232873786,917,1652,2019,6,6,3,0,0.8842767295597486,0.8060620137034027,0.0188423738186205
2019-06-06,85,0.8824206656164364,0.0072443577598216,0.0,0.0,0.0,0.003204232873786,918,1169,2019,6,6,3,0,0.8872955974842768,0.8065265358262688,0.0235867434144379
2019-06-07,80,0.913705077991224,0.0072443577598216,0.0,0.0,0.0,0.003204232873786,919,1774,2019,6,7,4,0,0.8918238993710694,0.8093136685634654,0.4345465513774382
2019-06-07,82,0.913705077991224,0.0030649205906937,0.0,0.0,0.0,0.003204232873786,920,1293,2019,6,7,4,0,0.8943396226415095,0.8100104517477644,0.0233291021516187
2019-06-07,83,0.913705077991224,0.0033435497353023,0.0,0.0,0.0,0.003204232873786,921,667,2019,6,7,4,0,0.0145911949685534,0.8066426663569852,0.0209286396541323
2019-06-07,87,0.913705077991224,0.0039008080245193,0.0,0.0,0.0,0.003204232873786,922,791,2019,6,7,4,0,0.0161006289308176,0.8081523632563001,0.1176195204102151
2019-06-07,59,0.913705077991224,0.006408470325996,0.0,0.0,0.0,0.003204232873786,923,1984,2019,6,7,4,0,0.0158490566037735,0.8080362327255834,5.9697365775186006e-05
2019-06-07,85,0.913705077991224,0.0025076623014767,0.0,0.0,0.0,0.003204232873786,924,976,2019,6,7,4,0,0.0130817610062893,0.8045523168040878,0.0236150211140156
2019-06-08,80,0.8722094235442193,0.0080802451936472,0.0,0.0,0.0,0.003204232873786,925,523,2019,6,8,5,1,0.0138364779874213,0.8047845778655209,0.4346376684094108
2019-06-08,82,0.8722094235442193,0.0030649205906937,0.0,0.0,0.0,0.003204232873786,926,1441,2019,6,8,5,1,0.010062893081761,0.8039716641505052,0.0233636637844359
2019-06-08,84,0.8722094235442193,0.0075229869044302,0.0,0.0,0.0,0.003204232873786,927,1402,2019,6,8,5,1,0.0140880503144654,0.8066426663569852,0.0189272069173537
2019-06-08,81,0.8722094235442193,0.0041794371691278,0.0,0.0,0.0,0.003204232873786,928,1460,2019,6,8,5,1,0.0148427672955974,0.3994890256648473,0.0200928765332797
2019-06-08,85,0.8722094235442193,0.0052939537475619,0.0,0.0,0.0,0.003204232873786,929,1975,2019,6,8,5,1,0.0161006289308176,0.3997212867262804,0.0236747184797908
2019-06-09,80,0.8030333348623881,0.9793814432989691,1.0,0.0,0.0,0.003204232873786,930,426,2019,6,9,6,1,0.8945911949685537,0.8049007083962374,0.4456816810778202
2019-06-09,82,0.8030333348623881,0.0061298411813875,0.0,0.0,0.0,0.003204232873786,931,1278,2019,6,9,6,1,0.8978616352201259,0.8026942283126235,0.0234327870500703
2019-06-09,83,0.8030333348623881,0.0033435497353023,0.0,0.0,0.0,0.003204232873786,932,45,2019,6,9,6,1,0.8935849056603776,0.8014167924747417,0.0209663432535692
2019-06-09,84,0.8030333348623881,0.006408470325996,0.0,0.0,0.0,0.003204232873786,933,321,2019,6,9,6,1,0.8966037735849058,0.8017651840668913,0.0189994721496078
2019-06-09,81,0.8030333348623881,0.0083588743382557,0.0,0.0,0.0,0.003204232873786,934,728,2019,6,9,6,1,0.8973584905660379,0.8018813145976078,0.0201871355318721
2019-06-09,85,0.8030333348623881,0.0041794371691278,0.0,0.0,0.0,0.003204232873786,935,1686,2019,6,9,6,1,0.8973584905660379,0.8007200092904425,0.023721847979087
2019-06-09,87,0.1098208052421865,0.0011145165784341,0.0,0.0,0.0,0.003204232873786,936,1062,2019,6,9,6,1,0.8935849056603776,0.7993264429218441,0.1176320882766941
2019-06-10,82,0.8901791947578135,0.006408470325996,0.0,0.0,0.0,0.003204232873786,937,978,2019,6,10,0,0,0.0150943396226415,0.8016490535361747,0.0235050522823245
2019-06-10,83,0.8901791947578135,0.0086375034828643,0.0,0.0,0.0,0.003204232873786,938,282,2019,6,10,0,0,0.0173584905660377,0.8043200557426549,0.0210637442187814
2019-06-10,84,0.8901791947578135,0.006408470325996,0.0,0.0,0.0,0.003204232873786,939,1037,2019,6,10,0,0,0.020125786163522,0.8043200557426549,0.019071737381862
2019-06-10,81,0.8901791947578135,0.0072443577598216,0.0,0.0,0.0,0.003204232873786,940,991,2019,6,10,0,0,0.020880503144654,0.8057136221112531,0.0202688266639855
2019-06-10,85,0.8901791947578135,0.0039008080245193,0.0,0.0,0.0,0.003204232873786,941,1420,2019,6,10,0,0,0.0168553459119496,0.8057136221112531,0.0237658355117635
2019-06-11,80,0.9740714730516646,0.0050153246029534,0.0,0.0,0.0,0.003204232873786,942,1862,2019,6,11,1,0,0.0176100628930817,0.8068749274184184,0.4457382364769757
2019-06-11,82,0.9740714730516646,0.0078016160490387,0.0,0.0,0.0,0.003204232873786,943,264,2019,6,11,1,0,0.0236477987421383,0.8100104517477644,0.0235930273476774
2019-06-11,53,0.9740714730516646,0.0061298411813875,0.0,0.0,0.0,0.003204232873786,944,1125,2019,6,11,1,0,0.0233962264150943,0.4050632911392405,5.655539915543937e-05
2019-06-11,84,0.9740714730516646,0.0083588743382557,0.0,0.0,0.0,0.003204232873786,945,1986,2019,6,11,1,0,0.0231446540880503,0.407618162815004,0.0191659963804544
2019-06-11,81,0.9740714730516646,0.0086375034828643,0.0,0.0,0.0,0.003204232873786,946,1175,2019,6,11,1,0,0.0251572327044025,0.4084310765300197,0.0203662276291976
2019-06-12,80,0.9487936699641888,0.9813318473112288,1.0,0.0,0.0,0.003204232873786,947,122,2019,6,12,2,0,0.9046540880503146,0.8151201950992917,0.4568042429117233
2019-06-12,82,0.9487936699641888,0.0002786291446085,0.0,0.0,0.0,0.003204232873786,948,1944,2019,6,12,2,0,0.901383647798742,0.8122169318313786,0.0235961693142972
2019-06-12,83,0.9487936699641888,0.0,0.0,0.0,0.0,0.003204232873786,949,1472,2019,6,12,2,0,0.8968553459119498,0.8091975380327487,0.0210637442187814
2025-03-15,87,0.9487936699641888,0.0066870994706046,0.0,0.0,0.0,0.003204232873786,950,1668,2025,3,15,5,1,0.8958490566037737,0.8107072349320636,0.117707495475568
2019-06-12,81,0.9487936699641888,0.0044580663137364,0.0,0.0,0.0,0.003204232873786,951,561,2019,6,12,2,0,0.8943396226415095,0.8111717570549297,0.0204164990951136
2019-06-12,85,0.9487936699641888,0.0103092783505154,0.0,0.0,0.0,0.003204232873786,952,1870,2019,6,12,2,0,0.8961006289308177,0.8138427592614099,0.0238820882766941
2019-06-13,82,0.8614475960429735,0.0044580663137364,0.0,0.0,0.0,0.003204232873786,953,877,2019,6,13,3,0,0.8923270440251574,0.8130298455463942,0.0236464407802131
2019-06-13,84,0.8614475960429735,0.0050153246029534,0.0,0.0,0.0,0.003204232873786,954,1535,2019,6,13,3,0,0.010817610062893,0.8140750203228428,0.0192225517796098
2019-06-13,81,0.8614475960429735,0.0019504040122596,0.0,0.0,0.0,0.003204232873786,955,48,2019,6,13,3,0,0.0123270440251572,0.8115201486470793,0.0204384928614518
2019-06-13,85,0.8614475960429735,0.0025076623014767,0.0,0.0,0.0,0.003204232873786,956,654,2019,6,13,3,0,0.0145911949685534,0.8112878875856462,0.0239103659762718
2019-06-14,80,0.838922808073661,0.0089161326274728,0.0,0.0,0.0,0.003204232873786,957,443,2019,6,14,4,0,0.0166037735849056,0.8118685402392289,0.4569047858435552
2019-06-14,82,0.838922808073661,0.0072443577598216,0.0,0.0,0.0,0.003204232873786,958,951,2019,6,14,4,0,0.0191194968553459,0.8131459760771107,0.0237281319123265
2019-06-14,83,0.838922808073661,0.006408470325996,0.0,0.0,0.0,0.003204232873786,959,314,2019,6,14,4,0,0.0155974842767295,0.8136104981999768,0.0211360094510355
2019-06-14,84,0.838922808073661,0.0047366954583449,0.0,0.0,0.0,0.003204232873786,960,482,2019,6,14,4,0,0.0158490566037735,0.407385901753571,0.0192759652121455
2019-06-14,81,0.838922808073661,0.0061298411813875,0.0,0.0,0.0,0.003204232873786,961,1271,2019,6,14,4,0,0.0168553459119496,0.407385901753571,0.0205076161270862
2019-06-14,85,0.838922808073661,0.0089161326274728,0.0,0.0,0.0,0.003204232873786,962,743,2019,6,14,4,0,0.0231446540880503,0.4097085123679015,0.0240109089081037
2019-06-15,82,0.8848233093313611,0.0039008080245193,0.0,0.0,0.0,0.003204232873786,963,116,2019,6,15,5,1,0.0244025157232704,0.4086633375914528,0.023772119445003
2019-06-15,83,0.8848233093313611,0.0075229869044302,0.0,0.0,0.0,0.003204232873786,964,515,2019,6,15,5,1,0.0231446540880503,0.4083149459993032,0.0212208425497687
2019-06-15,84,0.8848233093313611,0.0080802451936472,0.0,0.0,0.0,0.003204232873786,965,1537,2019,6,15,5,1,0.0238993710691823,0.4099407734293346,0.0193670822441182
2019-06-15,81,0.8848233093313611,0.0052939537475619,0.0,0.0,0.0,0.003204232873786,966,1366,2019,6,15,5,1,0.0228930817610062,0.4116827313900825,0.0205673134928614
2019-06-15,85,0.8848233093313611,0.0114237949289495,0.0,0.0,0.0,0.003204232873786,967,587,2019,6,15,5,1,0.0289308176100628,0.4137730809429799,0.0241397295395133
2019-06-16,80,0.9079987960263844,0.0033435497353023,0.0,0.0,0.0,0.003204232873786,968,547,2019,6,16,6,1,0.0264150943396226,0.4115666008593659,0.4569424894429922
2019-06-16,82,0.9079987960263844,0.0044580663137364,0.0,0.0,0.0,0.003204232873786,969,65,2019,6,16,6,1,0.0223899371069182,0.4107536871443502,0.0238223909109189
2019-06-16,83,0.9079987960263844,0.0027862914460852,0.0,0.0,0.0,0.003204232873786,970,633,2019,6,16,6,1,0.0213836477987421,0.4088955986528858,0.0212522622159662
2019-06-16,84,0.9079987960263844,0.0072443577598216,0.0,0.0,0.0,0.003204232873786,971,1856,2019,6,16,6,1,0.0211320754716981,0.4102891650214841,0.0194487733762316
2019-06-16,85,0.9079987960263844,0.005851212036779,0.0,0.0,0.0,0.003204232873786,972,442,2019,6,16,6,1,0.0191194968553459,0.4106375566136337,0.024205710838528
2019-06-17,80,0.9755230781508322,0.0033435497353023,0.0,0.0,0.0,0.003204232873786,973,1588,2019,6,17,0,0,0.0173584905660377,0.4087794681221693,0.4569801930424291
2019-06-17,82,0.9755230781508322,0.005851212036779,0.0,0.0,0.0,0.003204232873786,974,1653,2019,6,17,0,0,0.0123270440251572,0.4086633375914528,0.0238883722099336
2019-06-17,83,0.9755230781508322,0.005851212036779,0.0,0.0,0.0,0.003204232873786,975,110,2019,6,17,0,0,0.0145911949685534,0.407618162815004,0.0213182435149808
2019-06-17,87,0.9755230781508322,0.006408470325996,0.0,0.0,0.0,0.003204232873786,976,1374,2019,6,17,0,0,0.0163522012578616,0.4066891185692718,0.1177797607078222
2019-06-17,81,0.9755230781508322,0.0055725828921705,0.0,0.0,0.0,0.003204232873786,977,80,2019,6,17,0,0,0.0188679245283018,0.0,0.0206301528252563
2019-06-17,85,0.9755230781508322,0.0052939537475619,0.0,0.0,0.0,0.003204232873786,978,1534,2019,6,17,0,0,0.0171069182389937,0.0020903495528974,0.0242654082043032
2019-06-18,80,0.90254279730325,0.9793814432989691,1.0,0.0,0.0,0.003204232873786,979,86,2019,6,18,1,0,0.8961006289308177,0.4102891650214841,0.4680242057108386
2019-06-18,82,0.90254279730325,0.0069657286152131,0.0,0.0,0.0,0.003204232873786,980,1476,2019,6,18,1,0,0.8993710691823901,0.4104052955522007,0.0239669213754273
2019-06-18,83,0.90254279730325,0.0094733909166898,0.0,0.0,0.0,0.003204232873786,981,955,2019,6,18,1,0,0.9026415094339624,0.4124956451050981,0.0214250703800522
2019-06-18,84,0.90254279730325,0.0036221788799108,0.0,0.0,0.0,0.003204232873786,982,2110,2019,6,18,1,0,0.9006289308176103,0.4097085123679015,0.0194896189422883
2019-06-18,54,0.90254279730325,0.0044580663137364,0.0,0.0,0.0,0.003204232873786,983,72,2019,6,18,1,0,0.8988679245283021,0.4097085123679015,3.7703599436959584e-05
2019-06-18,85,0.90254279730325,0.011145165784341,0.0,0.0,0.0,0.003204232873786,984,1180,2019,6,18,1,0,0.9038993710691824,0.4122633840436651,0.0243910868690931
2019-06-19,80,0.8765141696258067,0.000557258289217,0.0,0.0,0.0,0.003204232873786,985,1270,2019,6,19,2,0,0.899622641509434,0.4116827313900825,0.468030489644078
2019-06-19,82,0.8765141696258067,0.0083588743382557,0.0,0.0,0.0,0.003204232873786,986,425,2019,6,19,2,0,0.0228930817610062,0.4141214725351295,0.0240611803740197
2019-06-19,83,0.8765141696258067,0.006408470325996,0.0,0.0,0.0,0.003204232873786,987,953,2019,6,19,2,0,0.0223899371069182,0.4130762977586808,0.0214973356123064
2019-06-19,84,0.8765141696258067,0.0039008080245193,0.0,0.0,0.0,0.003204232873786,988,1177,2019,6,19,2,0,0.0173584905660377,0.4116827313900825,0.0195336064749648
2019-06-19,81,0.8765141696258067,0.0019504040122596,0.0,0.0,0.0,0.003204232873786,989,1623,2019,6,19,2,0,0.0158490566037735,0.4098246428986181,0.0206521465915946
2019-06-19,85,0.8765141696258067,0.0008358874338255,0.0,0.0,0.0,0.003204232873786,990,1584,2019,6,19,2,0,0.0125786163522012,0.4081988154685867,0.0244005127689523
2019-06-20,82,0.938282113137074,0.0142100863750348,0.0,0.0,0.0,0.003204232873786,991,1888,2019,6,20,3,0,0.0153459119496855,0.4115666008593659,0.0242214206716267
2019-06-20,83,0.938282113137074,0.0011145165784341,0.0,0.0,0.0,0.003204232873786,992,1011,2019,6,20,3,0,0.0158490566037735,0.4083149459993032,0.0215099034787854
2019-06-20,84,0.938282113137074,0.0086375034828643,0.0,0.0,0.0,0.003204232873786,993,1542,2019,6,20,3,0,0.0161006289308176,0.4102891650214841,0.0196310074401769
2019-06-20,81,0.938282113137074,0.0036221788799108,0.0,0.0,0.0,0.003204232873786,994,1115,2019,6,20,3,0,0.0135849056603773,0.4086633375914528,0.0206929921576513
2025-03-15,85,0.938282113137074,0.0078016160490387,0.0,0.0,0.0,0.003204232873786,995,2087,2025,3,15,5,1,0.0171069182389937,0.4085472070607363,0.0244884878343052
2019-06-21,80,0.8426268869427302,0.9802173307327948,1.0,0.0,0.0,0.003204232873786,996,2011,2019,6,21,4,0,0.9003773584905661,0.8148879340378585,0.4790839282123467
2019-06-21,82,0.8426268869427302,0.0036221788799108,0.0,0.0,0.0,0.003204232873786,997,1351,2019,6,21,4,0,0.9028930817610064,0.8116362791777958,0.0242622662376834
2019-06-21,83,0.8426268869427302,0.0019504040122596,0.0,0.0,0.0,0.003204232873786,998,434,2019,6,21,4,0,0.8918238993710694,0.8110556265242133,0.0215318972451236
2019-06-21,84,0.8426268869427302,0.0019504040122596,0.0,0.0,0.0,0.003204232873786,999,1039,2019,6,21,4,0,0.8925786163522013,0.8100104517477644,0.0196530012065151
2019-06-21,81,0.8426268869427302,0.0,0.0,0.0,0.0,0.003204232873786,1000,2062,2019,6,21,4,0,0.8847798742138367,0.8088491464405994,0.0206929921576513
2019-06-21,85,0.8426268869427302,0.0044580663137364,0.0,0.0,0.0,0.003204232873786,1001,708,2019,6,21,4,0,0.8855345911949686,0.8076878411334341,0.0245387593002211
2019-06-22,80,0.8658524302860946,0.0033435497353023,0.0,0.0,0.0,0.003204232873786,1002,1204,2019,6,22,5,1,0.8815094339622643,0.8066426663569852,0.4791216318117837
2019-06-22,82,0.8658524302860946,0.0041794371691278,0.0,0.0,0.0,0.003204232873786,1003,2090,2019,6,22,5,1,0.000251572327044,0.8069910579491348,0.0243093957369796
2019-06-22,55,0.8658524302860946,0.011702424073558,0.0,0.0,0.0,0.003204232873786,1004,2112,2019,6,22,5,1,0.0075471698113207,0.8094297990941819,0.0001193947315503
2019-06-22,87,0.8658524302860946,0.0047366954583449,0.0,0.0,0.0,0.003204232873786,1005,2058,2019,6,22,5,1,0.010062893081761,0.8089652769713158,0.1178331741403579
2019-06-22,81,0.8658524302860946,0.005851212036779,0.0,0.0,0.0,0.003204232873786,1006,827,2019,6,22,5,1,0.0135849056603773,0.8087330159098827,0.0207589734566659
2019-06-22,85,0.8658524302860946,0.0030649205906937,0.0,0.0,0.0,0.003204232873786,1007,51,2019,6,22,5,1,0.0163522012578616,0.8076878411334341,0.0245733209330384
2019-06-23,80,0.8439783787452158,0.0061298411813875,0.0,0.0,0.0,0.003204232873786,1008,1977,2019,6,23,6,1,0.0178616352201257,0.8080362327255834,0.4791907550774181
2019-06-23,82,0.8439783787452158,0.0033435497353023,0.0,0.0,0.0,0.003204232873786,1009,1691,2019,6,23,6,1,0.0178616352201257,0.4012309836255952,0.0243470993364166
2019-06-23,84,0.8439783787452158,0.005851212036779,0.0,0.0,0.0,0.003204232873786,1010,748,2019,6,23,6,1,0.0193710691823899,0.4007664615027291,0.0197189825055298
2019-06-23,81,0.8439783787452158,0.0,0.0,0.0,0.0,0.003204232873786,1011,738,2019,6,23,6,1,0.0088050314465408,0.3968180234583672,0.0207589734566659
2019-06-23,85,0.8439783787452158,0.0030649205906937,0.0,0.0,0.0,0.003204232873786,1012,818,2019,6,23,6,1,0.0072955974842767,0.3965857623969341,0.0246078825658556
2019-06-24,80,0.9233656969316896,0.9813318473112288,1.0,0.0,0.0,0.003204232873786,1013,99,2019,6,24,0,0,0.8880503144654088,0.8037394030890721,0.4902567615121657
2019-06-24,82,0.9233656969316896,0.006408470325996,0.0,0.0,0.0,0.003204232873786,1014,984,2019,6,24,0,0,0.8910691823899373,0.8017651840668913,0.0244193645686708
2019-06-24,83,0.9233656969316896,0.0041794371691278,0.0,0.0,0.0,0.003204232873786,1015,486,2019,6,24,0,0,0.8893081761006292,0.803274880966206,0.0215790267444198
2019-06-24,84,0.9233656969316896,0.0083588743382557,0.0,0.0,0.0,0.003204232873786,1016,642,2019,6,24,0,0,0.8938364779874215,0.803274880966206,0.0198132415041222
2019-06-24,81,0.9233656969316896,0.0052939537475619,0.0,0.0,0.0,0.003204232873786,1017,1750,2019,6,24,0,0,0.8933333333333334,0.80281035884334,0.0208186708224411
2019-06-24,85,0.9233656969316896,0.0047366954583449,0.0,0.0,0.0,0.003204232873786,1018,492,2019,6,24,0,0,0.8976100628930819,0.8031587504354896,0.0246612959983913
2025-03-15,87,0.9712183320692448,0.0030649205906937,0.0,0.0,0.0,0.003204232873786,1019,1274,2025,3,15,5,1,0.8976100628930819,0.8036232725583556,0.1178677357731751
2019-06-25,82,0.9712183320692448,0.0078016160490387,0.0,0.0,0.0,0.003204232873786,1020,1839,2019,6,25,1,0,0.0186163522012578,0.8065265358262688,0.0245073396340237
2019-06-25,83,0.9712183320692448,0.0066870994706046,0.0,0.0,0.0,0.003204232873786,1021,1264,2019,6,25,1,0,0.0188679245283018,0.8033910114969227,0.0216544339432937
2019-06-25,84,0.9712183320692448,0.0072443577598216,0.0,0.0,0.0,0.003204232873786,1022,121,2019,6,25,1,0,0.0216352201257861,0.8059458831726862,0.0198949326362356
2019-06-25,81,0.9712183320692448,0.0050153246029534,0.0,0.0,0.0,0.003204232873786,1023,710,2019,6,25,1,0,0.0186163522012578,0.8044361862733713,0.0208752262215966
2019-06-25,85,0.9712183320692448,0.0036221788799108,0.0,0.0,0.0,0.003204232873786,1024,458,2019,6,25,1,0,0.0171069182389937,0.8044361862733713,0.024702141564448
2019-06-25,56,0.9443387665051524,0.0047366954583449,0.0,0.0,0.0,0.003204232873786,1025,1594,2019,6,25,1,0,0.0171069182389937,0.8031587504354896,4.084556605670621e-05
2019-06-26,82,0.9443387665051524,0.0055725828921705,0.0,0.0,0.0,0.003204232873786,1026,1641,2019,6,26,2,0,0.0193710691823899,0.3969341539890837,0.0245701789664186
2019-06-26,83,0.9443387665051524,0.0036221788799108,0.0,0.0,0.0,0.003204232873786,1027,873,2019,6,26,2,0,0.0155974842767295,0.3969341539890837,0.0216952795093504
2019-06-26,84,0.9443387665051524,0.0097520200612984,0.0,0.0,0.0,0.003204232873786,1028,1953,2019,6,26,2,0,0.0183647798742138,0.4001858088491464,0.0200049014679268
2019-06-26,85,0.9443387665051524,0.0011145165784341,0.0,0.0,0.0,0.003204232873786,1029,283,2019,6,26,2,0,0.0128301886792452,0.3998374172569969,0.024714709430927
2019-06-27,80,0.9547001659548184,0.9816104764558372,1.0,0.0,0.0,0.003204232873786,1030,807,2019,6,27,3,0,0.8945911949685537,0.8089652769713158,0.5013259099135331
2019-06-27,82,0.9547001659548184,0.0050153246029534,0.0,0.0,0.0,0.003204232873786,1031,1353,2019,6,27,3,0,0.8958490566037737,0.8091975380327487,0.0246267343655741
2019-06-27,83,0.9547001659548184,0.0033435497353023,0.0,0.0,0.0,0.003204232873786,1032,513,2019,6,27,3,0,0.8945911949685537,0.8091975380327487,0.0217329831087874
2019-06-27,87,0.9547001659548184,0.0039008080245193,0.0,0.0,0.0,0.003204232873786,1033,1683,2019,6,27,3,0,0.8930817610062894,0.8090814075020323,0.1179117233058516
2019-06-27,81,0.9547001659548184,0.0050153246029534,0.0,0.0,0.0,0.003204232873786,1034,861,2019,6,27,3,0,0.8943396226415095,0.8062942747648356,0.020931781620752
2019-06-27,85,0.9547001659548184,0.0091947617720813,0.0,0.0,0.0,0.003204232873786,1035,1832,2019,6,27,3,0,0.8938364779874215,0.8081523632563001,0.0248183943293786
2019-06-28,80,1.0,0.0066870994706046,0.0,0.0,0.0,0.003204232873786,1036,1075,2019,6,28,4,0,0.8988679245283021,0.8085007548484497,0.501401317112407
2019-06-28,82,1.0,0.0030649205906937,0.0,0.0,0.0,0.003204232873786,1037,1939,2019,6,28,4,0,0.0153459119496855,0.8085007548484497,0.0246612959983913
2019-06-28,83,1.0,0.0069657286152131,0.0,0.0,0.0,0.003204232873786,1038,1822,2019,6,28,4,0,0.0171069182389937,0.8088491464405994,0.0218115322742811
2019-06-28,84,1.0,0.0103092783505154,0.0,0.0,0.0,0.003204232873786,1039,1221,2019,6,28,4,0,0.0233962264150943,0.8117524097085123,0.0201211542328574
2019-06-28,81,1.0,0.0072443577598216,0.0,0.0,0.0,0.003204232873786,1040,1698,2019,6,28,4,0,0.0264150943396226,0.812333062362095,0.0210134727528654
2019-06-28,85,1.0,0.0066870994706046,0.0,0.0,0.0,0.003204232873786,1041,1191,2019,6,28,4,0,0.0279245283018867,0.8151201950992917,0.0248938015282525
2019-06-29,80,0.9977475262300984,0.0078016160490387,0.0,0.0,0.0,0.003204232873786,1042,780,2019,6,29,5,1,0.0266666666666666,0.8170944141214727,0.50148929217776
2025-03-15,82,0.9977475262300984,0.0072443577598216,0.0,0.0,0.0,0.003204232873786,1043,1748,2025,3,15,5,1,0.0271698113207547,0.4111020787364998,0.0247429871305047
2019-06-29,83,0.9977475262300984,0.0061298411813875,0.0,0.0,0.0,0.003204232873786,1044,617,2019,6,29,5,1,0.0299371069182389,0.4109859482057832,0.0218806555399155
2019-06-29,84,0.9977475262300984,0.005851212036779,0.0,0.0,0.0,0.003204232873786,1045,758,2019,6,29,5,1,0.0289308176100628,0.4116827313900825,0.0201871355318721
2019-06-29,57,0.9977475262300984,0.0011145165784341,0.0,0.0,0.0,0.003204232873786,1046,1656,2019,6,29,5,1,0.02062893081761,0.4086633375914528,0.0
2019-06-29,85,0.9977475262300984,0.0016717748676511,0.0,0.0,0.0,0.003204232873786,1047,123,2019,6,29,5,1,0.0155974842767295,0.4071536406921379,0.024912653327971
2019-06-29,87,0.0989087952283434,0.9687935358038452,1.0,0.0,0.0,0.003204232873786,1048,1659,2019,6,29,5,1,0.8842767295597486,0.8089652769713158,0.1288363412427106
2019-06-30,82,0.9010912047716566,0.0033435497353023,0.0,0.0,0.0,0.003204232873786,1049,1338,2019,6,30,6,1,0.8802515723270442,0.8090814075020323,0.0247806907299416
2019-06-30,83,0.9010912047716566,0.0052939537475619,0.0,0.0,0.0,0.003204232873786,1050,940,2019,6,30,6,1,0.878490566037736,0.8080362327255834,0.0219403529056907
2019-06-30,84,0.9010912047716566,0.0033435497353023,0.0,0.0,0.0,0.003204232873786,1051,2023,2019,6,30,6,1,0.8759748427672958,0.8066426663569852,0.020224839131309
2019-06-30,81,0.9010912047716566,0.0,0.0,0.0,0.0,0.003204232873786,1052,372,2019,6,30,6,1,0.8706918238993712,0.8036232725583556,0.0210134727528654
2019-06-30,85,0.9010912047716566,0.0027862914460852,0.0,0.0,0.0,0.003204232873786,1053,737,2019,6,30,6,1,0.8722012578616354,0.8026942283126235,0.0249440729941685
2019-07-01,80,0.9331264417364116,0.0080802451936472,0.0,0.0,0.0,0.1700412442282728,1054,1789,2019,7,1,0,0,0.8779874213836479,0.8045523168040878,0.5015804092097326
2019-07-01,82,0.9331264417364116,0.0055725828921705,0.0,0.0,0.0,0.1700412442282728,1055,170,2019,7,1,0,0,0.0083018867924528,0.8049007083962374,0.0248435300623366
2019-07-01,83,0.9331264417364116,0.0050153246029534,0.0,0.0,0.0,0.1700412442282728,1056,1724,2019,7,1,0,0,0.0098113207547169,0.8046684473348042,0.0219969083048461
2019-07-01,84,0.9331264417364116,0.0047366954583449,0.0,0.0,0.0,0.1700412442282728,1057,858,2019,7,1,0,0,0.0093081761006289,0.8051329694576705,0.0202782525638447
2019-07-01,81,0.9331264417364116,0.0094733909166898,0.0,0.0,0.0,0.1700412442282728,1058,1461,2019,7,1,0,0,0.0148427672955974,0.8050168389269539,0.0211202996179368
2019-07-01,85,0.9331264417364116,0.006408470325996,0.0,0.0,0.0,0.1700412442282728,1059,507,2019,7,1,0,0,0.02062893081761,0.807223319010568,0.0250163382264226
2019-07-02,80,0.9854840244137698,0.0019504040122596,0.0,0.0,0.0,0.1700412442282728,1060,1329,2019,7,2,1,0,0.0198742138364779,0.3989083730112646,0.5016024029760708
2019-07-02,82,0.9854840244137698,0.0052939537475619,0.0,0.0,0.0,0.1700412442282728,1061,1028,2019,7,2,1,0,0.0173584905660377,0.3990245035419812,0.0249032274281118
2019-07-02,83,0.9854840244137698,0.0027862914460852,0.0,0.0,0.0,0.1700412442282728,1062,1849,2019,7,2,1,0,0.0148427672955974,0.3987922424805481,0.0220283279710436
2019-07-02,87,0.9854840244137698,0.0061298411813875,0.0,0.0,0.0,0.1700412442282728,1063,385,2019,7,2,1,0,0.0158490566037735,0.3997212867262804,0.128905464508345
2019-07-02,81,0.9854840244137698,0.0069657286152131,0.0,0.0,0.0,0.1700412442282728,1064,1358,2019,7,2,1,0,0.0178616352201257,0.400534200441296,0.0211988487834305
2019-07-02,85,0.9854840244137698,0.0041794371691278,0.0,0.0,0.0,0.1700412442282728,1065,44,2019,7,2,1,0,0.0130817610062893,0.3984438508883985,0.0250634677257188
2019-07-03,80,0.8222044279334446,0.9810532181666204,1.0,0.0,0.0,0.1700412442282728,1066,228,2019,7,3,2,0,0.8930817610062894,0.8045523168040878,0.5126652674441987
2019-07-03,82,0.8222044279334446,0.0016717748676511,0.0,0.0,0.0,0.1700412442282728,1067,1633,2019,7,3,2,0,0.8928301886792455,0.8039716641505052,0.0249220792278302
2019-07-03,84,0.8222044279334446,0.0055725828921705,0.0,0.0,0.0,0.1700412442282728,1068,1959,2019,7,3,2,0,0.8930817610062894,0.8033910114969227,0.0203410918962396
2019-07-03,81,0.8222044279334446,0.0094733909166898,0.0,0.0,0.0,0.1700412442282728,1069,653,2019,7,3,2,0,0.8991194968553461,0.8030426199047729,0.0213056756485019
2019-07-03,85,0.8222044279334446,0.0050153246029534,0.0,0.0,0.0,0.1700412442282728,1070,989,2019,7,3,2,0,0.8981132075471701,0.8021135756590407,0.0251200231248743
2019-07-04,80,0.8620983073362587,0.0103092783505154,0.0,0.0,0.0,0.1700412442282728,1071,429,2019,7,4,3,0,0.9011320754716984,0.8036232725583556,0.5127815202091294
2019-07-04,82,0.8620983073362587,0.0055725828921705,0.0,0.0,0.0,0.1700412442282728,1072,675,2019,7,4,3,0,0.9023899371069184,0.8026942283126235,0.0249849185602252
2019-07-04,83,0.8620983073362587,0.0052939537475619,0.0,0.0,0.0,0.1700412442282728,1073,1457,2019,7,4,3,0,0.0213836477987421,0.8018813145976078,0.0220880253368188
2019-07-04,84,0.8620983073362587,0.0052939537475619,0.0,0.0,0.0,0.1700412442282728,1074,1695,2019,7,4,3,0,0.0246540880503144,0.8015329230054582,0.0204007892620148
2019-07-04,81,0.8620983073362587,0.0047366954583449,0.0,0.0,0.0,0.1700412442282728,1075,315,2019,7,4,3,0,0.0238993710691823,0.8010684008825921,0.0213590890810376
2019-07-04,85,0.8620983073362587,0.0008358874338255,0.0,0.0,0.0,0.1700412442282728,1076,1992,2019,7,4,3,0,0.0161006289308176,0.8009522703518754,0.0251294490247335
2019-07-04,87,0.9042947171573152,0.0130955697966007,0.0,0.0,0.0,0.1700412442282728,1077,1272,2019,7,4,3,0,0.0233962264150943,0.8057136221112531,0.1290531369394731
2019-07-05,82,0.9042947171573152,0.0055725828921705,0.0,0.0,0.0,0.1700412442282728,1078,926,2019,7,5,4,0,0.0191194968553459,0.4042503774242248,0.0250477578926201
2019-07-05,83,0.9042947171573152,0.0036221788799108,0.0,0.0,0.0,0.1700412442282728,1079,476,2019,7,5,4,0,0.0173584905660377,0.4043665079549414,0.0221288709028755
2019-07-05,84,0.9042947171573152,0.0047366954583449,0.0,0.0,0.0,0.1700412442282728,1080,1225,2019,7,5,4,0,0.0168553459119496,0.4041342468935083,0.0204542026945505
2019-07-05,81,0.9042947171573152,0.0047366954583449,0.0,0.0,0.0,0.1700412442282728,1081,1207,2019,7,5,4,0,0.0163522012578616,0.4047148995470909,0.0214125025135732
2019-07-05,85,0.9042947171573152,0.0019504040122596,0.0,0.0,0.0,0.1700412442282728,1082,291,2019,7,5,4,0,0.0138364779874213,0.4055278132621066,0.0251514427910717
2019-07-06,80,0.8824206656164364,0.9791028141543606,1.0,0.0,0.0,0.1700412442282728,1083,975,2019,7,6,5,1,0.8971069182389939,0.8124491928928115,0.523822390910919
2019-07-06,82,0.8824206656164364,0.0019504040122596,0.0,0.0,0.0,0.1700412442282728,1084,553,2019,7,6,5,1,0.8870440251572328,0.809894321217048,0.0250697516589583
2019-07-06,83,0.8824206656164364,0.0022290331568682,0.0,0.0,0.0,0.1700412442282728,1085,1551,2019,7,6,5,1,0.8840251572327045,0.8085007548484497,0.0221540066358335
2019-07-06,84,0.8824206656164364,0.0089161326274728,0.0,0.0,0.0,0.1700412442282728,1086,1775,2019,7,6,5,1,0.888805031446541,0.8101265822784811,0.0205547456263824
2019-07-06,85,0.8824206656164364,0.0066870994706046,0.0,0.0,0.0,0.1700412442282728,1087,792,2019,7,6,5,1,0.8905660377358492,0.8109394959934968,0.0252268499899457
2019-07-06,65,0.913705077991224,0.0094733909166898,0.0,0.0,0.0,0.1700412442282728,1088,1699,2019,7,6,5,1,0.8948427672955976,0.8109394959934968,9.425899859239896e-05
2019-07-07,82,0.913705077991224,0.0061298411813875,0.0,0.0,0.0,0.1700412442282728,1089,2021,2019,7,7,6,1,0.8986163522012579,0.8108233654627801,0.0251388749245928
2019-07-07,83,0.913705077991224,0.006408470325996,0.0,0.0,0.0,0.1700412442282728,1090,1224,2019,7,7,6,1,0.020377358490566,0.8126814539542446,0.0222262718680876
2025-03-15,87,0.913705077991224,0.0052939537475619,0.0,0.0,0.0,0.1700412442282728,1091,546,2025,3,15,5,1,0.0233962264150943,0.8126814539542446,0.1291128343052483
2019-07-07,81,0.913705077991224,0.0019504040122596,0.0,0.0,0.0,0.1700412442282728,1092,847,2019,7,7,6,1,0.0231446540880503,0.812333062362095,0.0214344962799115
2019-07-07,85,0.913705077991224,0.0089161326274728,0.0,0.0,0.0,0.1700412442282728,1093,2115,2019,7,7,6,1,0.0231446540880503,0.8134943676692603,0.0253273929217776
2019-07-08,80,0.8722094235442193,0.0078016160490387,0.0,0.0,0.0,0.1700412442282728,1094,609,2019,7,8,0,0,0.0241509433962264,0.8138427592614099,0.5239103659762719
2019-07-08,82,0.8722094235442193,0.0078016160490387,0.0,0.0,0.0,0.1700412442282728,1095,299,2019,7,8,0,0,0.0226415094339622,0.8153524561607248,0.0252268499899457
2019-07-08,83,0.8722094235442193,0.0027862914460852,0.0,0.0,0.0,0.1700412442282728,1096,418,2019,7,8,0,0,0.0196226415094339,0.407618162815004,0.0222576915342851
2019-07-08,84,0.8722094235442193,0.0078016160490387,0.0,0.0,0.0,0.1700412442282728,1097,1540,2019,7,8,0,0,0.020880503144654,0.4101730344907676,0.0206427206917353
2019-07-08,81,0.8722094235442193,0.0041794371691278,0.0,0.0,0.0,0.1700412442282728,1098,1639,2019,7,8,0,0,0.0198742138364779,0.409592381837185,0.0214816257792077
2019-07-08,85,0.8722094235442193,0.0091947617720813,0.0,0.0,0.0,0.1700412442282728,1099,1465,2019,7,8,0,0,0.0264150943396226,0.4094762513064685,0.0254310778202292
2019-07-09,80,0.8030333348623881,0.976595151852884,1.0,0.0,0.0,0.1700412442282728,1100,558,2019,7,9,1,0,0.9001257861635221,0.8144234119149925,0.5349229589784839
2019-07-09,82,0.8030333348623881,0.0011145165784341,0.0,0.0,0.0,0.1700412442282728,1101,215,2019,7,9,1,0,0.8940880503144655,0.8105911044013472,0.0252394178564246
2019-07-09,83,0.8030333348623881,0.0033435497353023,0.0,0.0,0.0,0.1700412442282728,1102,2068,2019,7,9,1,0,0.8900628930817612,0.8096620601556148,0.0222953951337221
2019-07-09,84,0.8030333348623881,0.0069657286152131,0.0,0.0,0.0,0.1700412442282728,1103,1363,2019,7,9,1,0,0.8938364779874215,0.810358843339914,0.020721269857229
2019-07-09,81,0.8030333348623881,0.0086375034828643,0.0,0.0,0.0,0.1700412442282728,1104,441,2019,7,9,1,0,0.8945911949685537,0.8117524097085123,0.0215790267444198
2019-07-09,85,0.8030333348623881,0.0039008080245193,0.0,0.0,0.0,0.1700412442282728,1105,1140,2019,7,9,1,0,0.8943396226415095,0.8114040181163629,0.0254750653529056
2019-07-10,82,0.8901791947578135,0.0061298411813875,0.0,0.0,0.0,0.1700412442282728,1106,484,2019,7,10,2,0,0.8915723270440252,0.8136104981999768,0.0253085411220591
2019-07-10,83,0.8901791947578135,0.0036221788799108,0.0,0.0,0.0,0.1700412442282728,1107,1788,2019,7,10,2,0,0.0130817610062893,0.8096620601556148,0.0223362406997788
2019-07-10,84,0.8901791947578135,0.006408470325996,0.0,0.0,0.0,0.1700412442282728,1108,793,2019,7,10,2,0,0.0178616352201257,0.8100104517477644,0.0207935350894832
2019-07-10,60,0.8901791947578135,0.0016717748676511,0.0,0.0,0.0,0.1700412442282728,1109,2001,2019,7,10,2,0,0.0163522012578616,0.8091975380327487,6.283933239493265e-06
2019-07-10,85,0.8901791947578135,0.0069657286152131,0.0,0.0,0.0,0.1700412442282728,1110,960,2019,7,10,2,0,0.0163522012578616,0.8101265822784811,0.0255536145183993
2019-07-11,80,0.9740714730516646,0.0027862914460852,0.0,0.0,0.0,0.1700412442282728,1111,666,2019,7,11,3,0,0.0110691823899371,0.8093136685634654,0.5349543786446813
2019-07-11,82,0.9740714730516646,0.0025076623014767,0.0,0.0,0.0,0.1700412442282728,1112,57,2019,7,11,3,0,0.0098113207547169,0.8095459296248984,0.0253368188216368
2019-07-11,83,0.9740714730516646,0.0086375034828643,0.0,0.0,0.0,0.1700412442282728,1113,473,2019,7,11,3,0,0.0120754716981132,0.4050632911392405,0.0224336416649909
2019-07-11,84,0.9740714730516646,0.0094733909166898,0.0,0.0,0.0,0.1700412442282728,1114,824,2019,7,11,3,0,0.0173584905660377,0.4081988154685867,0.0209003619545545
2025-03-15,81,0.9740714730516646,0.0105879074951239,0.0,0.0,0.0,0.1700412442282728,1115,552,2025,3,15,5,1,0.0211320754716981,0.4116827313900825,0.0216984214759702
2019-07-11,85,0.9740714730516646,0.0052939537475619,0.0,0.0,0.0,0.1700412442282728,1116,2073,2019,7,11,3,0,0.0244025157232704,0.4101730344907676,0.0256133118841745
2019-07-12,80,0.9487936699641888,0.9802173307327948,1.0,0.0,0.0,0.1700412442282728,1117,463,2019,7,12,4,0,0.9031446540880504,0.8159331088143074,0.54600781721295
2019-07-12,82,0.9487936699641888,0.0075229869044302,0.0,0.0,0.0,0.1700412442282728,1118,154,2019,7,12,4,0,0.9074213836477988,0.8151201950992917,0.02542165192037
2019-07-12,83,0.9487936699641888,0.0103092783505154,0.0,0.0,0.0,0.1700412442282728,1119,1758,2019,7,12,4,0,0.9144654088050316,0.8168621530600395,0.0225498944299215
2019-07-12,87,0.9487936699641888,0.0061298411813875,0.0,0.0,0.0,0.1700412442282728,1120,1878,2019,7,12,4,0,0.9122012578616354,0.816746022529323,0.1291819575708827
2019-07-12,81,0.9487936699641888,0.0061298411813875,0.0,0.0,0.0,0.1700412442282728,1121,1994,2019,7,12,4,0,0.909182389937107,0.8170944141214727,0.0217675447416046
2019-07-12,85,0.9487936699641888,0.0050153246029534,0.0,0.0,0.0,0.1700412442282728,1122,1442,2019,7,12,4,0,0.9041509433962266,0.8183718499593544,0.0256698672833299
2019-07-13,80,0.8614475960429735,0.0022290331568682,0.0,0.0,0.0,0.1700412442282728,1123,421,2019,7,13,5,1,0.901383647798742,0.8155847172221578,0.5460329529459079
2019-07-13,82,0.8614475960429735,0.0061298411813875,0.0,0.0,0.0,0.1700412442282728,1124,1352,2019,7,13,5,1,0.0218867924528301,0.8148879340378585,0.0254907751860044
2019-07-13,84,0.8614475960429735,0.005851212036779,0.0,0.0,0.0,0.1700412442282728,1125,1982,2019,7,13,5,1,0.020377358490566,0.8140750203228428,0.0209663432535692
2019-07-13,81,0.8614475960429735,0.0030649205906937,0.0,0.0,0.0,0.1700412442282728,1126,803,2019,7,13,5,1,0.0138364779874213,0.8141911508535595,0.0218021063744218
2019-07-13,85,0.8614475960429735,0.0047366954583449,0.0,0.0,0.0,0.1700412442282728,1127,1016,2019,7,13,5,1,0.0125786163522012,0.8129137150156776,0.0257232807158656
2019-07-14,80,0.838922808073661,0.0050153246029534,0.0,0.0,0.0,0.1700412442282728,1128,367,2019,7,14,6,1,0.0115723270440251,0.8132621066078272,0.5460895083450634
2019-07-14,82,0.838922808073661,0.0,0.0,0.0,0.0,0.1700412442282728,1129,1034,2019,7,14,6,1,0.0070440251572327,0.8094297990941819,0.0254907751860044
2019-07-14,61,0.838922808073661,0.0050153246029534,0.0,0.0,0.0,0.1700412442282728,1130,0,2019,7,14,6,1,0.0095597484276729,0.4044826384856579,4.398753267645285e-05
2019-07-14,84,0.838922808073661,0.0008358874338255,0.0,0.0,0.0,0.1700412442282728,1131,396,2019,7,14,6,1,0.0047798742138364,0.4043665079549414,0.0209757691534285
2019-07-14,81,0.838922808073661,0.0039008080245193,0.0,0.0,0.0,0.1700412442282728,1132,1,2019,7,14,6,1,0.0030188679245282,0.4045987690163744,0.0218460939070983
2019-07-14,85,0.838922808073661,0.0061298411813875,0.0,0.0,0.0,0.1700412442282728,1133,939,2019,7,14,6,1,0.0057861635220125,0.4042503774242248,0.0257924039815001
2019-07-14,87,0.8848233093313611,0.9804959598774032,1.0,0.0,0.0,0.1700412442282728,1134,795,2019,7,14,6,1,0.8867924528301888,0.8093136685634654,0.1402385381057711
2019-07-15,82,0.8848233093313611,0.0061298411813875,0.0,0.0,0.0,0.1700412442282728,1135,934,2019,7,15,0,0,0.887798742138365,0.8102427128091976,0.0255598984516388
2019-07-15,83,0.8848233093313611,0.0066870994706046,0.0,0.0,0.0,0.1700412442282728,1136,272,2019,7,15,0,0,0.8938364779874215,0.8104749738706307,0.0226253016287954
2019-07-15,84,0.8848233093313611,0.0078016160490387,0.0,0.0,0.0,0.1700412442282728,1137,1319,2019,7,15,0,0,0.8963522012578619,0.8122169318313786,0.0210637442187814
2019-07-15,81,0.8848233093313611,0.0078016160490387,0.0,0.0,0.0,0.1700412442282728,1138,1157,2019,7,15,0,0,0.9026415094339624,0.8127975844849611,0.0219340689724512
2025-03-15,85,0.8848233093313611,0.0100306492059069,0.0,0.0,0.0,0.1700412442282728,1139,2109,2025,3,15,5,1,0.908176100628931,0.816281500406457,0.0259055147798109
2019-07-16,80,0.9079987960263844,0.0030649205906937,0.0,0.0,0.0,0.1700412442282728,1140,581,2019,7,16,1,0,0.9054088050314468,0.8146556729764256,0.5461240699778805
2019-07-16,82,0.9079987960263844,0.0052939537475619,0.0,0.0,0.0,0.1700412442282728,1141,105,2019,7,16,1,0,0.0249056603773584,0.8157008477528742,0.025619595817414
2019-07-16,83,0.9079987960263844,0.0039008080245193,0.0,0.0,0.0,0.1700412442282728,1142,232,2019,7,16,1,0,0.0228930817610062,0.816281500406457,0.0226692891614719
2019-07-16,84,0.9079987960263844,0.006408470325996,0.0,0.0,0.0,0.1700412442282728,1143,157,2019,7,16,1,0,0.0226415094339622,0.8153524561607248,0.0211360094510355
2019-07-16,85,0.9079987960263844,0.0041794371691278,0.0,0.0,0.0,0.1700412442282728,1144,499,2019,7,16,1,0,0.0193710691823899,0.8131459760771107,0.0259526442791071
2019-07-17,80,0.9755230781508322,0.0080802451936472,0.0,0.0,0.0,0.1700412442282728,1145,615,2019,7,17,2,0,0.0196226415094339,0.8121008013006621,0.5462151870098533
2019-07-17,82,0.9755230781508322,0.0047366954583449,0.0,0.0,0.0,0.1700412442282728,1146,1007,2019,7,17,2,0,0.0148427672955974,0.8118685402392289,0.0256730092499497
2019-07-17,83,0.9755230781508322,0.0069657286152131,0.0,0.0,0.0,0.1700412442282728,1147,374,2019,7,17,2,0,0.0183647798742138,0.4062245964464058,0.0227478383269656
2019-07-17,87,0.9755230781508322,0.0069657286152131,0.0,0.0,0.0,0.1700412442282728,1148,950,2019,7,17,2,0,0.0198742138364779,0.4059923353849727,0.1403170872712648
2019-07-17,81,0.9755230781508322,0.0072443577598216,0.0,0.0,0.0,0.1700412442282728,1149,1722,2019,7,17,2,0,0.0228930817610062,0.4047148995470909,0.0220157601045646
2019-07-17,85,0.9755230781508322,0.0072443577598216,0.0,0.0,0.0,0.1700412442282728,1150,514,2019,7,17,2,0,0.0236477987421383,0.405179421669957,0.0260343354112205
2019-07-17,62,0.90254279730325,0.9779882975759264,1.0,0.0,0.0,0.1700412442282728,1151,108,2019,7,17,2,0,0.9028930817610064,0.8102427128091976,0.0110157349688316
2019-07-18,82,0.90254279730325,0.0080802451936472,0.0,0.0,0.0,0.1700412442282728,1152,769,2019,7,18,3,0,0.9028930817610064,0.8115201486470793,0.0257641262819223
2019-07-18,83,0.90254279730325,0.0072443577598216,0.0,0.0,0.0,0.1700412442282728,1153,707,2019,7,18,3,0,0.9051572327044028,0.8136104981999768,0.022829529459079
2019-07-18,84,0.90254279730325,0.0072443577598216,0.0,0.0,0.0,0.1700412442282728,1154,604,2019,7,18,3,0,0.9054088050314468,0.8140750203228428,0.021217700583149
2019-07-18,81,0.90254279730325,0.0011145165784341,0.0,0.0,0.0,0.1700412442282728,1155,900,2019,7,18,3,0,0.9001257861635221,0.8121008013006621,0.0220283279710436
2019-07-18,85,0.90254279730325,0.0027862914460852,0.0,0.0,0.0,0.1700412442282728,1156,1702,2019,7,18,3,0,0.8961006289308177,0.8119846707699454,0.026065755077418
2019-07-19,80,0.8765141696258067,0.0055725828921705,0.0,0.0,0.0,0.1700412442282728,1157,578,2019,7,19,4,0,0.8945911949685537,0.812333062362095,0.5462780263422482
2019-07-19,82,0.8765141696258067,0.0066870994706046,0.0,0.0,0.0,0.1700412442282728,1158,2111,2019,7,19,4,0,0.0176100628930817,0.8130298455463942,0.0258395334807963
2019-07-19,83,0.8765141696258067,0.0103092783505154,0.0,0.0,0.0,0.1700412442282728,1159,567,2019,7,19,4,0,0.0196226415094339,0.8173266751829056,0.0229457822240096
2019-07-19,84,0.8765141696258067,0.0041794371691278,0.0,0.0,0.0,0.1700412442282728,1160,1261,2019,7,19,4,0,0.0168553459119496,0.816978283590756,0.0212648300824452
2019-07-19,81,0.8765141696258067,0.0069657286152131,0.0,0.0,0.0,0.1700412442282728,1161,1710,2019,7,19,4,0,0.0166037735849056,0.8195331552665197,0.0221068771365373
2019-07-19,85,0.8765141696258067,0.006408470325996,0.0,0.0,0.0,0.1700412442282728,1162,1914,2019,7,19,4,0,0.0213836477987421,0.8205783300429683,0.0261380203096722
2025-03-15,87,0.061717886862926,0.0011145165784341,0.0,0.0,0.0,0.1700412442282728,1163,1051,2025,3,15,5,1,0.0198742138364779,0.8184879804900709,0.1403296551377438
2019-07-20,82,0.938282113137074,0.0047366954583449,0.0,0.0,0.0,0.1700412442282728,1164,851,2019,7,20,5,1,0.0191194968553459,0.411798861920799,0.0258929469133319
2019-07-20,83,0.938282113137074,0.0044580663137364,0.0,0.0,0.0,0.1700412442282728,1165,1720,2019,7,20,5,1,0.0171069182389937,0.4111020787364998,0.0229960536899255
2019-07-20,84,0.938282113137074,0.0050153246029534,0.0,0.0,0.0,0.1700412442282728,1166,532,2019,7,20,5,1,0.0123270440251572,0.4104052955522007,0.0213213854816006
2019-07-20,81,0.938282113137074,0.0011145165784341,0.0,0.0,0.0,0.1700412442282728,1167,350,2019,7,20,5,1,0.0095597484276729,0.407618162815004,0.0221194450030162
2019-07-20,85,0.938282113137074,0.0069657286152131,0.0,0.0,0.0,0.1700412442282728,1168,571,2019,7,20,5,1,0.0095597484276729,0.4072697712228544,0.0262165694751658
2019-07-21,80,0.8426268869427302,0.9796600724435776,1.0,0.0,0.0,0.1700412442282728,1169,2059,2019,7,21,6,1,0.888301886792453,0.8114040181163629,0.5573251809772773
2019-07-21,82,0.8426268869427302,0.0019504040122596,0.0,0.0,0.0,0.1700412442282728,1170,268,2019,7,21,6,1,0.889056603773585,0.8109394959934968,0.0259149406796702
2019-07-21,83,0.8426268869427302,0.0080802451936472,0.0,0.0,0.0,0.1700412442282728,1171,958,2019,7,21,6,1,0.8920754716981134,0.8121008013006621,0.0230871707218982
2019-07-21,84,0.8426268869427302,0.005851212036779,0.0,0.0,0.0,0.1700412442282728,1172,788,2019,7,21,6,1,0.8933333333333334,0.8129137150156776,0.0213873667806153
2019-07-21,86,0.8426268869427302,0.0030649205906937,0.0,0.0,0.0,0.1700412442282728,1173,1561,2019,7,21,6,1,0.8915723270440252,0.8115201486470793,0.0005592700583149
2019-07-21,85,0.8426268869427302,0.0039008080245193,0.0,0.0,0.0,0.1700412442282728,1174,1094,2019,7,21,6,1,0.8940880503144655,0.8114040181163629,0.0262605570078423
2019-07-22,80,0.8658524302860946,0.0033435497353023,0.0,0.0,0.0,0.1700412442282728,1175,468,2019,7,22,0,0,0.8908176100628932,0.8094297990941819,0.5573628845767143
2019-07-22,82,0.8658524302860946,0.0075229869044302,0.0,0.0,0.0,0.1700412442282728,1176,1462,2019,7,22,0,0,0.0130817610062893,0.8105911044013472,0.0259997737784033
2019-07-22,83,0.8658524302860946,0.0044580663137364,0.0,0.0,0.0,0.1700412442282728,1177,751,2019,7,22,0,0,0.0153459119496855,0.8095459296248984,0.0231374421878141
2019-07-22,87,0.8658524302860946,0.0,0.0,0.0,0.0,0.1700412442282728,1178,731,2019,7,22,0,0,0.0080503144654088,0.8066426663569852,0.1403296551377438
2019-07-22,81,0.8658524302860946,0.0036221788799108,0.0,0.0,0.0,0.1700412442282728,1179,1172,2019,7,22,0,0,0.0060377358490566,0.8051329694576705,0.0221602905690729
2019-07-22,85,0.8658524302860946,0.0072443577598216,0.0,0.0,0.0,0.1700412442282728,1180,564,2019,7,22,0,0,0.0098113207547169,0.8051329694576705,0.0263422481399557
2019-07-23,80,0.8439783787452158,0.0072443577598216,0.0,0.0,0.0,0.1700412442282728,1181,1182,2019,7,23,1,0,0.0128301886792452,0.400534200441296,0.5574445757088277
2019-07-23,84,0.8439783787452158,0.006408470325996,0.0,0.0,0.0,0.1700412442282728,1182,700,2019,7,23,1,0,0.0155974842767295,0.3998374172569969,0.0214596320128694
2019-07-23,81,0.8439783787452158,0.0,0.0,0.0,0.0,0.1700412442282728,1183,1250,2019,7,23,1,0,0.0088050314465408,0.3968180234583672,0.0221602905690729
2019-07-23,85,0.8439783787452158,0.0033435497353023,0.0,0.0,0.0,0.1700412442282728,1184,2096,2019,7,23,1,0,0.0077987421383647,0.3951921960283358,0.0263799517393927
2019-07-24,80,0.9233656969316896,0.97353023126219,1.0,0.0,0.0,0.1700412442282728,1185,884,2019,7,24,2,0,0.8867924528301888,0.8004877482290094,0.5684226070782225
2025-03-15,82,0.9233656969316896,0.0033435497353023,0.0,0.0,0.0,0.1700412442282728,1186,957,2025,3,15,5,1,0.8865408805031448,0.8007200092904425,0.0260374773778403
2019-07-24,83,0.9233656969316896,0.0069657286152131,0.0,0.0,0.0,0.1700412442282728,1187,1480,2019,7,24,2,0,0.8862893081761007,0.801300661944025,0.0232159913533078
2019-07-24,84,0.9233656969316896,0.0061298411813875,0.0,0.0,0.0,0.1700412442282728,1188,2039,2019,7,24,2,0,0.8852830188679246,0.8010684008825921,0.0215287552785039
2019-07-24,81,0.9233656969316896,0.0033435497353023,0.0,0.0,0.0,0.1700412442282728,1189,1931,2019,7,24,2,0,0.8825157232704404,0.798165137614679,0.0221979941685099
2019-07-24,85,0.9233656969316896,0.0055725828921705,0.0,0.0,0.0,0.1700412442282728,1190,644,2019,7,24,2,0,0.887547169811321,0.7987457902682615,0.0264427910717876
2019-07-24,87,0.9712183320692448,0.0030649205906937,0.0,0.0,0.0,0.1700412442282728,1191,569,2019,7,24,2,0,0.8872955974842768,0.7971199628382302,0.140364216770561
2019-07-25,82,0.9712183320692448,0.006408470325996,0.0,0.0,0.0,0.1700412442282728,1192,1600,2019,7,25,3,0,0.0140880503144654,0.7971199628382302,0.0261097426100945
2019-07-25,63,0.9712183320692448,0.0069657286152131,0.0,0.0,0.0,0.1700412442282728,1193,487,2019,7,25,3,0,0.0173584905660377,0.7995587039832772,6.598129901467926e-05
2019-07-25,84,0.9712183320692448,0.0080802451936472,0.0,0.0,0.0,0.1700412442282728,1194,531,2019,7,25,3,0,0.0183647798742138,0.8009522703518754,0.0216198723104765
2019-07-25,81,0.9712183320692448,0.011145165784341,0.0,0.0,0.0,0.1700412442282728,1195,102,2019,7,25,3,0,0.0228930817610062,0.8037394030890721,0.0223236728332998
2019-07-25,85,0.9712183320692448,0.0091947617720813,0.0,0.0,0.0,0.1700412442282728,1196,1582,2019,7,25,3,0,0.0281761006289308,0.8054813610498202,0.0265464759702392
2019-07-26,80,0.9443387665051524,0.0041794371691278,0.0,0.0,0.0,0.1700412442282728,1197,1733,2019,7,26,4,0,0.0269182389937106,0.8067587968877019,0.5684697365775186
2019-07-26,82,0.9443387665051524,0.0069657286152131,0.0,0.0,0.0,0.1700412442282728,1198,1148,2019,7,26,4,0,0.030440251572327,0.8067587968877019,0.0261882917755881
2019-07-26,83,0.9443387665051524,0.0069657286152131,0.0,0.0,0.0,0.1700412442282728,1199,1689,2019,7,26,4,0,0.030943396226415,0.4013471141563117,0.0232945405188015
2019-07-26,84,0.9443387665051524,0.0027862914460852,0.0,0.0,0.0,0.1700412442282728,1200,2069,2019,7,26,4,0,0.0271698113207547,0.4016955057484613,0.021651291976674
2019-07-26,85,0.9443387665051524,0.0078016160490387,0.0,0.0,0.0,0.1700412442282728,1201,1135,2019,7,26,4,0,0.0269182389937106,0.4015793752177448,0.0266344510355922
2019-07-27,80,0.9547001659548184,0.9785455558651436,1.0,0.0,0.0,0.1700412442282728,1202,1367,2019,7,27,5,1,0.9003773584905661,0.8069910579491348,0.5795043233460688
2019-07-27,82,0.9547001659548184,0.0114237949289495,0.0,0.0,0.0,0.1700412442282728,1203,1089,2019,7,27,5,1,0.9023899371069184,0.8104749738706307,0.0263171124069977
2019-07-27,83,0.9547001659548184,0.005851212036779,0.0,0.0,0.0,0.1700412442282728,1204,355,2019,7,27,5,1,0.9038993710691824,0.8112878875856462,0.0233605218178162
2019-07-27,87,0.9547001659548184,0.0036221788799108,0.0,0.0,0.0,0.1700412442282728,1205,943,2019,7,27,5,1,0.9008805031446544,0.8114040181163629,0.1404050623366177
2019-07-27,81,0.9547001659548184,0.0072443577598216,0.0,0.0,0.0,0.1700412442282728,1206,1233,2019,7,27,5,1,0.9011320754716984,0.8112878875856462,0.0224053639654132
2019-07-27,85,0.9547001659548184,0.0097520200612984,0.0,0.0,0.0,0.1700412442282728,1207,451,2019,7,27,5,1,0.9074213836477988,0.8134943676692603,0.0267444198672833
2019-07-28,80,1.0,0.0047366954583449,0.0,0.0,0.0,0.1700412442282728,1208,551,2019,7,28,6,1,0.9046540880503146,0.8154685866914413,0.5795577367786044
2019-07-28,82,1.0,0.0072443577598216,0.0,0.0,0.0,0.1700412442282728,1209,1031,2019,7,28,6,1,0.0276729559748427,0.816978283590756,0.0263988035391112
2025-03-15,83,1.0,0.0078016160490387,0.0,0.0,0.0,0.1700412442282728,1210,493,2025,3,15,5,1,0.0244025157232704,0.8172105446521891,0.0234484968831691
2019-07-28,84,1.0,0.0147673446642518,0.0,0.0,0.0,0.1700412442282728,1211,593,2019,7,28,6,1,0.0324528301886792,0.8203460689815352,0.0218178162075206
2019-07-28,81,1.0,0.0061298411813875,0.0,0.0,0.0,0.1700412442282728,1212,409,2019,7,28,6,1,0.0347169811320754,0.8202299384508187,0.0224744872310476
2019-07-28,85,1.0,0.0061298411813875,0.0,0.0,0.0,0.1700412442282728,1213,329,2019,7,28,6,1,0.0337106918238993,0.8227848101265822,0.0268135431329177
2019-07-28,64,0.9977475262300984,0.0128169406519921,0.0,0.0,0.0,0.1700412442282728,1214,1285,2019,7,28,6,1,0.0364779874213836,0.8267332481709442,0.0001319625980293
2019-07-29,82,0.9977475262300984,0.0039008080245193,0.0,0.0,0.0,0.1700412442282728,1215,914,2019,7,29,0,0,0.0357232704402515,0.4225990012774358,0.0264427910717876
2019-07-29,83,0.9977475262300984,0.005851212036779,0.0,0.0,0.0,0.1700412442282728,1216,931,2019,7,29,0,0,0.0344654088050314,0.4236441760538846,0.0235144781821837
2019-07-29,84,0.9977475262300984,0.0094733909166898,0.0,0.0,0.0,0.1700412442282728,1217,1092,2019,7,29,0,0,0.0359748427672956,0.4246893508303332,0.0219246430725919
2019-07-29,81,0.9977475262300984,0.0055725828921705,0.0,0.0,0.0,0.1700412442282728,1218,1664,2019,7,29,0,0,0.0276729559748427,0.4244570897689002,0.0225373265634425
2019-07-29,85,0.9977475262300984,0.0069657286152131,0.0,0.0,0.0,0.1700412442282728,1219,1165,2019,7,29,0,0,0.0284276729559748,0.4259667866682151,0.0268920922984114
2019-07-29,87,0.0989087952283434,0.9738088604067986,1.0,0.0,0.0,0.1700412442282728,1220,341,2019,7,29,0,0,0.9021383647798744,0.8295203809081406,0.1513862356726322
2019-07-30,82,0.9010912047716566,0.0047366954583449,0.0,0.0,0.0,0.1700412442282728,1221,1290,2019,7,30,1,0,0.8948427672955976,0.8302171640924401,0.0264962045043233
2019-07-30,83,0.9010912047716566,0.011145165784341,0.0,0.0,0.0,0.1700412442282728,1222,1586,2019,7,30,1,0,0.901383647798742,0.832191383114621,0.0236401568469736
2019-07-30,84,0.9010912047716566,0.0086375034828643,0.0,0.0,0.0,0.1700412442282728,1223,1692,2019,7,30,1,0,0.9038993710691824,0.83288816629892,0.0220220440378041
2019-07-30,81,0.9010912047716566,0.0052939537475619,0.0,0.0,0.0,0.1700412442282728,1224,1883,2019,7,30,1,0,0.9001257861635221,0.8317268609917547,0.0225970239292177
2019-07-30,85,0.9010912047716566,0.005851212036779,0.0,0.0,0.0,0.1700412442282728,1225,147,2019,7,30,1,0,0.9003773584905661,0.8295203809081406,0.0269580735974261
2019-07-31,80,0.8449794740093138,0.0047366954583449,0.0,0.0,0.0,0.1700412442282728,1226,1368,2019,7,31,2,0,0.8983647798742139,0.8276622924166763,0.5796111502111402
2019-07-31,82,0.8449794740093138,0.0050153246029534,0.0,0.0,0.0,0.1700412442282728,1227,337,2019,7,31,2,0,0.0236477987421383,0.8280106840088259,0.0265527599034787
2019-07-31,83,0.8449794740093138,0.0072443577598216,0.0,0.0,0.0,0.1700412442282728,1228,550,2019,7,31,2,0,0.0259119496855345,0.8281268145395424,0.023721847979087
2019-07-31,84,0.8449794740093138,0.0027862914460852,0.0,0.0,0.0,0.1700412442282728,1229,1055,2019,7,31,2,0,0.0183647798742138,0.8263848565787946,0.0220534637040016
2019-07-31,81,0.8449794740093138,0.006408470325996,0.0,0.0,0.0,0.1700412442282728,1230,1734,2019,7,31,2,0,0.0163522012578616,0.8278945534781095,0.0226692891614719
2019-07-31,85,0.8449794740093138,0.006408470325996,0.0,0.0,0.0,0.1700412442282728,1231,459,2019,7,31,2,0,0.0173584905660377,0.8273139008245267,0.0270303388296802
2019-08-01,80,0.9331264417364116,0.0050153246029534,0.0,0.0,0.0,0.2084222028690207,1232,1186,2019,8,1,3,0,0.0166037735849056,0.4215538265009871,0.5796677056102957
2019-08-01,82,0.9331264417364116,0.0036221788799108,0.0,0.0,0.0,0.2084222028690207,1233,160,2019,8,1,3,0,0.0155974842767295,0.4183021716409245,0.0265936054695354
2019-08-01,83,0.9331264417364116,0.005851212036779,0.0,0.0,0.0,0.2084222028690207,1234,134,2019,8,1,3,0,0.0163522012578616,0.4183021716409245,0.0237878292781017
2025-03-15,87,0.9331264417364116,0.0069657286152131,0.0,0.0,0.0,0.2084222028690207,1235,1876,2025,3,15,5,1,0.0161006289308176,0.4196957380095227,0.1514647848381258
2025-03-15,66,0.9331264417364116,0.0016717748676511,0.0,0.0,0.0,0.2084222028690207,1236,1137,2025,3,15,5,1,0.0150943396226415,0.4173731273951922,6.283933239493265e-06
2019-08-01,85,0.9331264417364116,0.0052939537475619,0.0,0.0,0.0,0.2084222028690207,1237,420,2019,8,1,3,0,0.0140880503144654,0.4155150389037278,0.0270900361954554
2019-08-02,80,0.9854840244137698,0.9796600724435776,1.0,0.0,0.0,0.2084222028690207,1238,563,2019,8,2,4,0,0.8928301886792455,0.8218557658808501,0.5907148602453248
2019-08-02,82,0.9854840244137698,0.0105879074951239,0.0,0.0,0.0,0.2084222028690207,1239,583,2019,8,2,4,0,0.8978616352201259,0.8232493322494485,0.0267130002010858
2019-08-02,84,0.9854840244137698,0.0075229869044302,0.0,0.0,0.0,0.2084222028690207,1240,1086,2019,8,2,4,0,0.901383647798742,0.8231332017187318,0.0221382968027347
2019-08-02,81,0.9854840244137698,0.0075229869044302,0.0,0.0,0.0,0.2084222028690207,1241,1763,2019,8,2,4,0,0.9028930817610064,0.8201138079201022,0.0227541222602051
2019-08-02,85,0.9854840244137698,0.0047366954583449,0.0,0.0,0.0,0.2084222028690207,1242,155,2019,8,2,4,0,0.9008805031446544,0.8195331552665197,0.0271434496279911
2019-08-03,80,0.8222044279334446,0.005851212036779,0.0,0.0,0.0,0.2084222028690207,1243,1249,2019,8,3,5,1,0.9046540880503146,0.819417024735803,0.5907808415443395
2019-08-03,82,0.8222044279334446,0.0041794371691278,0.0,0.0,0.0,0.2084222028690207,1244,262,2019,8,3,5,1,0.9036477987421384,0.8158169782835909,0.026760129700382
2019-08-03,83,0.8222044279334446,0.0011145165784341,0.0,0.0,0.0,0.2084222028690207,1245,1341,2019,8,3,5,1,0.020125786163522,0.8146556729764256,0.0238003971445807
2019-08-03,84,0.8222044279334446,0.0033435497353023,0.0,0.0,0.0,0.2084222028690207,1246,1854,2019,8,3,5,1,0.0135849056603773,0.8136104981999768,0.0221760004021717
2019-08-03,81,0.8222044279334446,0.0072443577598216,0.0,0.0,0.0,0.2084222028690207,1247,850,2019,8,3,5,1,0.0133333333333333,0.8126814539542446,0.0228358133923185
2019-08-03,85,0.8222044279334446,0.0030649205906937,0.0,0.0,0.0,0.2084222028690207,1248,258,2019,8,3,5,1,0.0093081761006289,0.8116362791777958,0.0271780112608083
2019-08-03,87,0.8620983073362587,0.0019504040122596,0.0,0.0,0.0,0.2084222028690207,1249,178,2019,8,3,5,1,0.0067924528301886,0.8095459296248984,0.1514867786044641
2019-08-04,82,0.8620983073362587,0.0039008080245193,0.0,0.0,0.0,0.2084222028690207,1250,1235,2019,8,4,6,1,0.0050314465408805,0.4052955522006735,0.0268041172330585
2019-08-04,83,0.8620983073362587,0.0044580663137364,0.0,0.0,0.0,0.2084222028690207,1251,1019,2019,8,4,6,1,0.0052830188679245,0.405179421669957,0.0238506686104966
2019-08-04,84,0.8620983073362587,0.0030649205906937,0.0,0.0,0.0,0.2084222028690207,1252,606,2019,8,4,6,1,0.0070440251572327,0.4018116362791778,0.0222105620349889
2019-08-04,81,0.8620983073362587,0.0044580663137364,0.0,0.0,0.0,0.2084222028690207,1253,1780,2019,8,4,6,1,0.0080503144654088,0.4000696783184299,0.0228860848582344
2019-08-04,85,0.8620983073362587,0.0055725828921705,0.0,0.0,0.0,0.2084222028690207,1254,74,2019,8,4,6,1,0.0065408805031446,0.4001858088491464,0.0272408505932032
2019-08-05,80,0.9042947171573152,0.977709668431318,1.0,0.0,0.0,0.2084222028690207,1255,1211,2019,8,5,0,0,0.8865408805031448,0.805249099988387,0.6018060024130304
2019-08-05,82,0.9042947171573152,0.0041794371691278,0.0,0.0,0.0,0.2084222028690207,1256,237,2019,8,5,0,0,0.888553459119497,0.8050168389269539,0.0268512467323547
2019-08-05,72,0.9042947171573152,0.0066870994706046,0.0,0.0,0.0,0.2084222028690207,1257,1861,2019,8,5,0,0,0.8910691823899373,0.8057136221112531,6.283933239493264e-05
2019-08-05,84,0.9042947171573152,0.0050153246029534,0.0,0.0,0.0,0.2084222028690207,1258,460,2019,8,5,0,0,0.8915723270440252,0.8047845778655209,0.0222671174341443
2019-08-05,85,0.9042947171573152,0.0,0.0,0.0,0.0,0.2084222028690207,1259,1941,2019,8,5,0,0,0.888805031446541,0.8036232725583556,0.0272408505932032
2019-08-06,80,0.8824206656164364,0.0039008080245193,0.0,0.0,0.0,0.2084222028690207,1260,917,2019,8,6,1,0,0.888301886792453,0.8025780977819068,0.6018499899457068
2019-08-06,83,0.8824206656164364,0.0052939537475619,0.0,0.0,0.0,0.2084222028690207,1261,1209,2019,8,6,1,0,0.8880503144654088,0.8021135756590407,0.0239103659762718
2019-08-06,87,0.8824206656164364,0.0039008080245193,0.0,0.0,0.0,0.2084222028690207,1262,1038,2019,8,6,1,0,0.0088050314465408,0.8016490535361747,0.1515307661371405
2019-08-06,81,0.8824206656164364,0.005851212036779,0.0,0.0,0.0,0.2084222028690207,1263,1214,2019,8,6,1,0,0.010314465408805,0.8025780977819068,0.0229520661572491
2019-08-06,85,0.8824206656164364,0.0050153246029534,0.0,0.0,0.0,0.2084222028690207,1264,1295,2019,8,6,1,0,0.0088050314465408,0.8022297061897574,0.0272974059923587
2019-08-07,80,0.913705077991224,0.0069657286152131,0.0,0.0,0.0,0.2084222028690207,1265,1362,2019,8,7,2,0,0.010566037735849,0.8022297061897574,0.6019285391112005
2019-08-07,83,0.913705077991224,0.0016717748676511,0.0,0.0,0.0,0.2084222028690207,1266,1606,2019,8,7,2,0,0.0120754716981132,0.8022297061897574,0.0239292177759903
2019-08-07,84,0.913705077991224,0.0041794371691278,0.0,0.0,0.0,0.2084222028690207,1267,756,2019,8,7,2,0,0.0123270440251572,0.8017651840668913,0.0223142469334405
2019-08-07,81,0.913705077991224,0.0002786291446085,0.0,0.0,0.0,0.2084222028690207,1268,1491,2019,8,7,2,0,0.0077987421383647,0.3935663685983044,0.0229552081238688
2019-08-07,85,0.913705077991224,0.0039008080245193,0.0,0.0,0.0,0.2084222028690207,1269,1827,2019,8,7,2,0,0.0077987421383647,0.3907792358611079,0.0273413935250351
2019-08-08,80,0.8722094235442193,0.9799387015881862,1.0,0.0,0.0,0.2084222028690207,1270,322,2019,8,8,3,0,0.8872955974842768,0.7960747880617813,0.6129788357128494
2019-08-08,82,0.8722094235442193,0.0052939537475619,0.0,0.0,0.0,0.2084222028690207,1271,627,2019,8,8,3,0,0.887547169811321,0.7951457438160492,0.0269109440981299
2019-08-08,83,0.8722094235442193,0.0055725828921705,0.0,0.0,0.0,0.2084222028690207,1272,320,2019,8,8,3,0,0.8862893081761007,0.7954941354081988,0.0239920571083852
2019-08-08,84,0.8722094235442193,0.0061298411813875,0.0,0.0,0.0,0.2084222028690207,1273,577,2019,8,8,3,0,0.8903144654088052,0.7956102659389153,0.022383370199075
2019-08-08,81,0.8722094235442193,0.0100306492059069,0.0,0.0,0.0,0.2084222028690207,1274,187,2019,8,8,3,0,0.8955974842767297,0.7980490070839625,0.0230683189221797
2019-08-08,85,0.8722094235442193,0.0061298411813875,0.0,0.0,0.0,0.2084222028690207,1275,1980,2019,8,8,3,0,0.9008805031446544,0.80013935663686,0.0274105167906696
2019-08-09,82,0.8030333348623881,0.0008358874338255,0.0,0.0,0.0,0.2084222028690207,1276,1527,2019,8,9,4,0,0.8981132075471701,0.7990941818604111,0.0269203699979891
2019-08-09,83,0.8030333348623881,0.0050153246029534,0.0,0.0,0.0,0.2084222028690207,1277,211,2019,8,9,4,0,0.0178616352201257,0.798165137614679,0.0240486125075407
2019-08-09,81,0.8030333348623881,0.0,0.0,0.0,0.0,0.2084222028690207,1278,1894,2019,8,9,4,0,0.0130817610062893,0.7968877017767972,0.0230683189221797
2025-03-15,85,0.8030333348623881,0.0033435497353023,0.0,0.0,0.0,0.2084222028690207,1279,1065,2025,3,15,5,1,0.0110691823899371,0.7974683544303798,0.0274482203901065
2019-08-10,80,0.8901791947578135,0.0066870994706046,0.0,0.0,0.0,0.2084222028690207,1280,2103,2019,8,10,5,1,0.0115723270440251,0.7986296597375451,0.6130542429117234
2019-08-10,82,0.8901791947578135,0.0027862914460852,0.0,0.0,0.0,0.2084222028690207,1281,562,2019,8,10,5,1,0.0050314465408805,0.7979328765532459,0.0269517896641866
2019-08-10,83,0.8901791947578135,0.0047366954583449,0.0,0.0,0.0,0.2084222028690207,1282,1881,2019,8,10,5,1,0.0037735849056603,0.7986296597375451,0.0241020259400764
2019-08-10,84,0.8901791947578135,0.0072443577598216,0.0,0.0,0.0,0.2084222028690207,1283,229,2019,8,10,5,1,0.0095597484276729,0.7997909650447104,0.0224650613311884
2019-08-10,81,0.8901791947578135,0.0069657286152131,0.0,0.0,0.0,0.2084222028690207,1284,1302,2019,8,10,5,1,0.0113207547169811,0.8003716176982929,0.0231468680876734
2019-08-10,85,0.8901791947578135,0.0094733909166898,0.0,0.0,0.0,0.2084222028690207,1285,392,2019,8,10,5,1,0.0198742138364779,0.3968180234583672,0.0275550472551779
2019-08-11,80,0.9740714730516646,0.9796600724435776,1.0,0.0,0.0,0.2084222028690207,1286,1263,2019,8,11,6,1,0.901383647798742,0.8033910114969227,0.6241013975467525
2019-08-11,82,0.9740714730516646,0.0108665366397325,0.0,0.0,0.0,0.2084222028690207,1287,1010,2019,8,11,6,1,0.9051572327044028,0.8051329694576705,0.0270743263623567
2019-08-11,83,0.9740714730516646,0.0050153246029534,0.0,0.0,0.0,0.2084222028690207,1288,1085,2019,8,11,6,1,0.9071698113207548,0.8051329694576705,0.0241585813392318
2019-08-11,87,0.9740714730516646,0.0044580663137364,0.0,0.0,0.0,0.2084222028690207,1289,1318,2019,8,11,6,1,0.9069182389937108,0.8069910579491348,0.1515810376030565
2019-08-11,81,0.9740714730516646,0.0089161326274728,0.0,0.0,0.0,0.2084222028690207,1290,879,2019,8,11,6,1,0.9084276729559748,0.8090814075020323,0.0232474110195053
2019-08-11,85,0.9740714730516646,0.0061298411813875,0.0,0.0,0.0,0.2084222028690207,1291,817,2019,8,11,6,1,0.907672955974843,0.8094297990941819,0.0276241705208123
2019-08-12,80,0.9487936699641888,0.0044580663137364,0.0,0.0,0.0,0.2084222028690207,1292,219,2019,8,12,0,0,0.9031446540880504,0.8096620601556148,0.6241516690126685
2019-08-12,82,0.9487936699641888,0.0078016160490387,0.0,0.0,0.0,0.2084222028690207,1293,2030,2019,8,12,0,0,0.0256603773584905,0.8104749738706307,0.0271623014277096
2019-08-12,84,0.9487936699641888,0.0083588743382557,0.0,0.0,0.0,0.2084222028690207,1294,1391,2019,8,12,0,0,0.0233962264150943,0.8118685402392289,0.0225593203297808
2019-08-12,67,0.9487936699641888,0.0022290331568682,0.0,0.0,0.0,0.2084222028690207,1295,969,2019,8,12,0,0,0.020880503144654,0.809894321217048,1.2567866478986528e-05
2019-08-12,85,0.9487936699641888,0.0041794371691278,0.0,0.0,0.0,0.2084222028690207,1296,1514,2019,8,12,0,0,0.02062893081761,0.8109394959934968,0.0276713000201085
2019-08-13,80,0.8614475960429735,0.0080802451936472,0.0,0.0,0.0,0.2084222028690207,1297,1895,2019,8,13,1,0,0.0198742138364779,0.8125653234235282,0.6242427860446411
2019-08-13,82,0.8614475960429735,0.0119810532181666,0.0,0.0,0.0,0.2084222028690207,1298,512,2019,8,13,1,0,0.0251572327044025,0.8174428057136223,0.0272974059923587
2019-08-13,83,0.8614475960429735,0.0025076623014767,0.0,0.0,0.0,0.2084222028690207,1299,1306,2019,8,13,1,0,0.0233962264150943,0.8168621530600395,0.0241868590388095
2019-08-13,84,0.8614475960429735,0.0027862914460852,0.0,0.0,0.0,0.2084222028690207,1300,525,2019,8,13,1,0,0.0188679245283018,0.409592381837185,0.0225907399959782
2019-08-13,81,0.8614475960429735,0.0008358874338255,0.0,0.0,0.0,0.2084222028690207,1301,1688,2019,8,13,1,0,0.0120754716981132,0.4077342933457206,0.0232568369193645
2019-08-13,85,0.8614475960429735,0.0033435497353023,0.0,0.0,0.0,0.2084222028690207,1302,175,2019,8,13,1,0,0.0130817610062893,0.4068052490999884,0.0277090036195455
2025-03-15,87,0.838922808073661,0.976595151852884,1.0,0.0,0.0,0.2084222028690207,1303,298,2025,3,15,5,1,0.8910691823899373,0.8112878875856462,0.1625936306052684
2019-08-14,82,0.838922808073661,0.0039008080245193,0.0,0.0,0.0,0.2084222028690207,1304,949,2019,8,14,2,0,0.8872955974842768,0.8087330159098827,0.0273413935250351
2019-08-14,83,0.838922808073661,0.0044580663137364,0.0,0.0,0.0,0.2084222028690207,1305,1757,2019,8,14,2,0,0.8805031446540882,0.8080362327255834,0.0242371305047255
2019-08-14,84,0.838922808073661,0.0036221788799108,0.0,0.0,0.0,0.2084222028690207,1306,363,2019,8,14,2,0,0.8815094339622643,0.8091975380327487,0.0226315855620349
2019-08-14,81,0.838922808073661,0.0027862914460852,0.0,0.0,0.0,0.2084222028690207,1307,1415,2019,8,14,2,0,0.8815094339622643,0.8082684937870166,0.023288256585562
2019-08-14,85,0.838922808073661,0.0019504040122596,0.0,0.0,0.0,0.2084222028690207,1308,181,2019,8,14,2,0,0.8825157232704404,0.8090814075020323,0.0277309973858837
2019-08-15,80,0.8848233093313611,0.0066870994706046,0.0,0.0,0.0,0.2084222028690207,1309,694,2019,8,15,3,0,0.8855345911949686,0.8104749738706307,0.624318193243515
2019-08-15,82,0.8848233093313611,0.0025076623014767,0.0,0.0,0.0,0.2084222028690207,1310,1426,2019,8,15,3,0,0.0060377358490566,0.8087330159098827,0.0273696712246129
2019-08-15,83,0.8848233093313611,0.0041794371691278,0.0,0.0,0.0,0.2084222028690207,1311,1592,2019,8,15,3,0,0.0062893081761006,0.8093136685634654,0.0242842600040217
2019-08-15,84,0.8848233093313611,0.0036221788799108,0.0,0.0,0.0,0.2084222028690207,1312,676,2019,8,15,3,0,0.0055345911949685,0.8088491464405994,0.0226724311280916
2019-08-15,85,0.8848233093313611,0.0047366954583449,0.0,0.0,0.0,0.2084222028690207,1313,1850,2019,8,15,3,0,0.0065408805031446,0.8078039716641505,0.0277844108184194
2019-08-16,80,0.9079987960263844,0.0114237949289495,0.0,0.0,0.0,0.2084222028690207,1314,1198,2019,8,16,4,0,0.0143396226415094,0.8096620601556148,0.6244470138749246
2019-08-16,82,0.9079987960263844,0.0061298411813875,0.0,0.0,0.0,0.2084222028690207,1315,266,2019,8,16,4,0,0.0181132075471698,0.8082684937870166,0.0274387944902473
2019-08-16,68,0.9079987960263844,0.0078016160490387,0.0,0.0,0.0,0.2084222028690207,1316,69,2019,8,16,4,0,0.0191194968553459,0.4032052026477761,7.540719887391916e-05
2019-08-16,87,0.9079987960263844,0.0078016160490387,0.0,0.0,0.0,0.2084222028690207,1317,1106,2019,8,16,4,0,0.0238993710691823,0.4019277668098943,0.1626816056706213
2019-08-16,81,0.9079987960263844,0.0052939537475619,0.0,0.0,0.0,0.2084222028690207,1318,1499,2019,8,16,4,0,0.0249056603773584,0.4020438973406108,0.0233479539513372
2019-08-16,85,0.9079987960263844,0.0011145165784341,0.0,0.0,0.0,0.2084222028690207,1319,472,2019,8,16,4,0,0.0226415094339622,0.4006503309720125,0.0277969786848984
2019-08-17,80,0.9755230781508322,0.9802173307327948,1.0,0.0,0.0,0.2084222028690207,1320,753,2019,8,17,5,1,0.9033962264150944,0.8054813610498202,0.6355004524431933
2019-08-17,82,0.9755230781508322,0.0086375034828643,0.0,0.0,0.0,0.2084222028690207,1321,174,2019,8,17,5,1,0.9008805031446544,0.8065265358262688,0.0275361954554594
2019-08-17,83,0.9755230781508322,0.0078016160490387,0.0,0.0,0.0,0.2084222028690207,1322,312,2019,8,17,5,1,0.9023899371069184,0.807920102194867,0.0243722350693746
2019-08-17,84,0.9755230781508322,0.0066870994706046,0.0,0.0,0.0,0.2084222028690207,1323,243,2019,8,17,5,1,0.901383647798742,0.8074555800720009,0.0227478383269656
2019-08-17,81,0.9755230781508322,0.0086375034828643,0.0,0.0,0.0,0.2084222028690207,1324,522,2019,8,17,5,1,0.9021383647798744,0.8075717106027174,0.0234453549165493
2019-08-17,85,0.9755230781508322,0.0072443577598216,0.0,0.0,0.0,0.2084222028690207,1325,582,2019,8,17,5,1,0.9038993710691824,0.8096620601556148,0.0278786698170118
2019-08-18,80,0.90254279730325,0.005851212036779,0.0,0.0,0.0,0.2084222028690207,1326,1503,2019,8,18,6,1,0.908176100628931,0.810358843339914,0.635566433742208
2025-03-15,82,0.90254279730325,0.0080802451936472,0.0,0.0,0.0,0.2084222028690207,1327,1259,2025,3,15,5,1,0.030440251572327,0.810358843339914,0.0276273124874321
2019-08-18,83,0.90254279730325,0.0069657286152131,0.0,0.0,0.0,0.2084222028690207,1328,1636,2019,8,18,6,1,0.0289308176100628,0.8082684937870166,0.0244507842348682
2019-08-18,81,0.90254279730325,0.000557258289217,0.0,0.0,0.0,0.2084222028690207,1329,1847,2019,8,18,6,1,0.0223899371069182,0.8074555800720009,0.0234516388497888
2019-08-18,85,0.90254279730325,0.0055725828921705,0.0,0.0,0.0,0.2084222028690207,1330,1554,2019,8,18,6,1,0.0213836477987421,0.8086168853791662,0.0279415091494067
2019-08-19,82,0.8765141696258067,0.0075229869044302,0.0,0.0,0.0,0.2084222028690207,1331,96,2019,8,19,0,0,0.020377358490566,0.8114040181163629,0.0277121455861652
2019-08-19,83,0.8765141696258067,0.0094733909166898,0.0,0.0,0.0,0.2084222028690207,1332,1143,2019,8,19,0,0,0.0223899371069182,0.8139588897921264,0.0245576110999396
2019-08-19,84,0.8765141696258067,0.0039008080245193,0.0,0.0,0.0,0.2084222028690207,1333,933,2019,8,19,0,0,0.02062893081761,0.4085472070607363,0.022791825859642
2019-08-19,81,0.8765141696258067,0.0016717748676511,0.0,0.0,0.0,0.2084222028690207,1334,1957,2019,8,19,0,0,0.0148427672955974,0.407618162815004,0.0234704906495073
2019-08-19,85,0.8765141696258067,0.0075229869044302,0.0,0.0,0.0,0.2084222028690207,1335,1269,2019,8,19,0,0,0.0153459119496855,0.4088955986528858,0.0280263422481399
2019-08-19,69,0.938282113137074,0.9810532181666204,1.0,0.0,0.0,0.2084222028690207,1336,489,2019,8,19,0,0,0.9006289308176103,0.816281500406457,0.0110502966016489
2019-08-20,82,0.938282113137074,0.005851212036779,0.0,0.0,0.0,0.2084222028690207,1337,433,2019,8,20,1,0,0.9008805031446544,0.8175589362443387,0.0277781268851799
2019-08-20,83,0.938282113137074,0.0100306492059069,0.0,0.0,0.0,0.2084222028690207,1338,9,2019,8,20,1,0,0.9031446540880504,0.8209267216351179,0.0246707218982505
2019-08-20,84,0.938282113137074,0.011145165784341,0.0,0.0,0.0,0.2084222028690207,1339,1687,2019,8,20,1,0,0.9046540880503146,0.8227848101265822,0.0229175045244319
2019-08-20,81,0.938282113137074,0.0033435497353023,0.0,0.0,0.0,0.2084222028690207,1340,1761,2019,8,20,1,0,0.9041509433962266,0.8231332017187318,0.0235081942489443
2019-08-20,85,0.938282113137074,0.005851212036779,0.0,0.0,0.0,0.2084222028690207,1341,2020,2019,8,20,1,0,0.907924528301887,0.823829984903031,0.0280923235471546
2019-08-21,80,0.8426268869427302,0.0044580663137364,0.0,0.0,0.0,0.2084222028690207,1342,1286,2019,8,21,2,0,0.9051572327044028,0.8241783764951807,0.6356167052081239
2019-08-21,82,0.8426268869427302,0.0097520200612984,0.0,0.0,0.0,0.2084222028690207,1343,962,2019,8,21,2,0,0.0281761006289308,0.8262687260480779,0.0278880957168711
2019-08-21,83,0.8426268869427302,0.0025076623014767,0.0,0.0,0.0,0.2084222028690207,1344,1438,2019,8,21,2,0,0.0251572327044025,0.8225525490651493,0.0246989995978282
2019-08-21,81,0.8426268869427302,0.0044580663137364,0.0,0.0,0.0,0.2084222028690207,1345,1607,2019,8,21,2,0,0.020125786163522,0.8218557658808501,0.0235584657148602
2019-08-21,85,0.8426268869427302,0.0072443577598216,0.0,0.0,0.0,0.2084222028690207,1346,1339,2019,8,21,2,0,0.0166037735849056,0.8216235048194171,0.028174014679268
2019-08-22,80,0.8658524302860946,0.0061298411813875,0.0,0.0,0.0,0.2084222028690207,1347,2031,2019,8,22,3,0,0.0191194968553459,0.8209267216351179,0.6356858284737583
2019-08-22,82,0.8658524302860946,0.0050153246029534,0.0,0.0,0.0,0.2084222028690207,1348,274,2019,8,22,3,0,0.0183647798742138,0.8208105911044015,0.0279446511160265
2019-08-22,84,0.8658524302860946,0.000557258289217,0.0,0.0,0.0,0.2084222028690207,1349,1212,2019,8,22,3,0,0.0148427672955974,0.8205783300429683,0.0229237884576714
2019-08-22,81,0.8658524302860946,0.006408470325996,0.0,0.0,0.0,0.2084222028690207,1350,1725,2019,8,22,3,0,0.0118238993710691,0.4147021251887122,0.0236307309471144
2019-08-22,85,0.8658524302860946,0.0069657286152131,0.0,0.0,0.0,0.2084222028690207,1351,905,2019,8,22,3,0,0.0158490566037735,0.4140053420044129,0.0282525638447617
2019-08-23,80,0.8439783787452158,0.9804959598774032,1.0,0.0,0.0,0.2084222028690207,1352,195,2019,8,23,4,0,0.8971069182389939,0.819417024735803,0.6467424090086468
2019-08-23,82,0.8439783787452158,0.0086375034828643,0.0,0.0,0.0,0.2084222028690207,1353,1675,2019,8,23,4,0,0.8983647798742139,0.8202299384508187,0.0280420520812386
2019-08-23,83,0.8439783787452158,0.0055725828921705,0.0,0.0,0.0,0.2084222028690207,1354,1617,2019,8,23,4,0,0.8978616352201259,0.818952502612937,0.0247618389302232
2019-08-23,84,0.8439783787452158,0.0030649205906937,0.0,0.0,0.0,0.2084222028690207,1355,225,2019,8,23,4,0,0.8961006289308177,0.8172105446521891,0.0229583500904886
2019-08-23,70,0.8439783787452158,0.0069657286152131,0.0,0.0,0.0,0.2084222028690207,1356,1203,2019,8,23,4,0,0.9018867924528304,0.8176750667750552,6.598129901467926e-05
2019-08-23,85,0.8439783787452158,0.0075229869044302,0.0,0.0,0.0,0.2084222028690207,1357,1337,2019,8,23,4,0,0.9028930817610064,0.8174428057136223,0.0283373969434948
2019-08-23,87,0.9233656969316896,0.0036221788799108,0.0,0.0,0.0,0.2084222028690207,1358,528,2019,8,23,4,0,0.8998742138364781,0.8160492393450238,0.162722451236678
2019-08-24,82,0.9233656969316896,0.0066870994706046,0.0,0.0,0.0,0.2084222028690207,1359,874,2019,8,24,5,1,0.02062893081761,0.8186041110207873,0.0281174592801126
2019-08-24,83,0.9233656969316896,0.0103092783505154,0.0,0.0,0.0,0.2084222028690207,1360,17,2019,8,24,5,1,0.0221383647798742,0.8205783300429683,0.0248780916951538
2019-08-24,84,0.9233656969316896,0.0069657286152131,0.0,0.0,0.0,0.2084222028690207,1361,1759,2019,8,24,5,1,0.0233962264150943,0.8203460689815352,0.0230368992559823
2019-08-24,81,0.9233656969316896,0.0050153246029534,0.0,0.0,0.0,0.2084222028690207,1362,88,2019,8,24,5,1,0.0251572327044025,0.8184879804900709,0.0236872863462698
2019-08-24,85,0.9233656969316896,0.0,0.0,0.0,0.0,0.2084222028690207,1363,1884,2019,8,24,5,1,0.0188679245283018,0.8168621530600395,0.0283373969434948
2019-08-25,80,0.9712183320692448,0.0050153246029534,0.0,0.0,0.0,0.2084222028690207,1364,128,2019,8,25,6,1,0.0166037735849056,0.8182557194286377,0.6467989644078022
2019-08-25,82,0.9712183320692448,0.005851212036779,0.0,0.0,0.0,0.2084222028690207,1365,1116,2019,8,25,6,1,0.0186163522012578,0.8175589362443387,0.0281834405791272
2019-08-25,83,0.9712183320692448,0.0025076623014767,0.0,0.0,0.0,0.2084222028690207,1366,1239,2019,8,25,6,1,0.0148427672955974,0.4097085123679015,0.0249063693947315
2019-08-25,84,0.9712183320692448,0.0027862914460852,0.0,0.0,0.0,0.2084222028690207,1367,634,2019,8,25,6,1,0.0080503144654088,0.4084310765300197,0.0230683189221797
2019-08-25,85,0.9712183320692448,0.0108665366397325,0.0,0.0,0.0,0.2084222028690207,1368,1736,2019,8,25,6,1,0.0115723270440251,0.4087794681221693,0.0284599336416649
2019-08-26,80,0.9443387665051524,0.9791028141543606,1.0,0.0,0.0,0.2084222028690207,1369,2038,2019,8,26,0,0,0.8910691823899373,0.8122169318313786,0.6578398351095919
2019-08-26,82,0.9443387665051524,0.0091947617720813,0.0,0.0,0.0,0.2084222028690207,1370,500,2019,8,26,0,0,0.8993710691823901,0.8146556729764256,0.0282871254775789
2019-08-26,83,0.9443387665051524,0.0108665366397325,0.0,0.0,0.0,0.2084222028690207,1371,161,2019,8,26,0,0,0.9046540880503146,0.816746022529323,0.0250289060929016
2025-03-15,87,0.9443387665051524,0.0013931457230426,0.0,0.0,0.0,0.2084222028690207,1372,1925,2025,3,15,5,1,0.9006289308176103,0.8154685866914413,0.1627381610697768
2019-08-26,81,0.9443387665051524,0.0069657286152131,0.0,0.0,0.0,0.2084222028690207,1373,1312,2019,8,26,0,0,0.9046540880503146,0.814307281384276,0.0237658355117635
2019-08-26,85,0.9443387665051524,0.0069657286152131,0.0,0.0,0.0,0.2084222028690207,1374,904,2019,8,26,0,0,0.9084276729559748,0.8161653698757403,0.0285384828071586
2019-08-27,80,0.9547001659548184,0.0033435497353023,0.0,0.0,0.0,0.2084222028690207,1375,2065,2019,8,27,1,0,0.9016352201257865,0.8157008477528742,0.6578775387090288
2019-08-27,82,0.9547001659548184,0.0066870994706046,0.0,0.0,0.0,0.2084222028690207,1376,503,2019,8,27,1,0,0.0236477987421383,0.8154685866914413,0.0283625326764528
2019-08-27,86,0.9547001659548184,0.0094733909166898,0.0,0.0,0.0,0.2084222028690207,1377,1764,2019,8,27,1,0,0.0238993710691823,0.8168621530600395,0.0006660969233862
2019-08-27,84,0.9547001659548184,0.011702424073558,0.0,0.0,0.0,0.2084222028690207,1378,1651,2019,8,27,1,0,0.0246540880503144,0.8196492857972362,0.0232002815202091
2019-08-27,81,0.9547001659548184,0.006408470325996,0.0,0.0,0.0,0.2084222028690207,1379,343,2019,8,27,1,0,0.0291823899371069,0.8220880269422832,0.0238381007440176
2019-08-27,85,0.9547001659548184,0.0083588743382557,0.0,0.0,0.0,0.2084222028690207,1380,29,2019,8,27,1,0,0.030440251572327,0.8229009406572989,0.028632741805751
2019-08-28,80,1.0,0.0097520200612984,0.0,0.0,0.0,0.2084222028690207,1381,1857,2019,8,28,2,0,0.0329559748427673,0.824062245964464,0.6579875075407199
2019-08-28,82,1.0,0.0094733909166898,0.0,0.0,0.0,0.2084222028690207,1382,1273,2019,8,28,2,0,0.0384905660377358,0.4193473464173731,0.0284693595415242
2019-08-28,83,1.0,0.0080802451936472,0.0,0.0,0.0,0.2084222028690207,1383,626,2019,8,28,2,0,0.0397484276729559,0.4191150853559401,0.0251200231248743
2019-08-28,84,1.0,0.0041794371691278,0.0,0.0,0.0,0.2084222028690207,1384,701,2019,8,28,2,0,0.0349685534591195,0.4185344327023575,0.0232474110195053
2019-08-28,81,1.0,0.0094733909166898,0.0,0.0,0.0,0.2084222028690207,1385,963,2019,8,28,2,0,0.0329559748427673,0.4212054349088375,0.023944927609089
2019-08-28,85,1.0,0.0044580663137364,0.0,0.0,0.0,0.2084222028690207,1386,2014,2019,8,28,2,0,0.0311949685534591,0.4201602601323888,0.028683013271667
2019-08-28,87,0.0022524737699015,0.9707439398161049,1.0,0.0,0.0,0.2084222028690207,1387,932,2019,8,28,2,0,0.9001257861635221,0.8216235048194171,0.173684772772974
2019-08-29,82,0.9977475262300984,0.0072443577598216,0.0,0.0,0.0,0.2084222028690207,1388,1192,2019,8,29,3,0,0.8978616352201259,0.8231332017187318,0.0285510506736376
2019-08-29,83,0.9977475262300984,0.0019504040122596,0.0,0.0,0.0,0.2084222028690207,1389,384,2019,8,29,3,0,0.8910691823899373,0.8211589826965511,0.0251420168912125
2019-08-29,84,0.9977475262300984,0.0033435497353023,0.0,0.0,0.0,0.2084222028690207,1390,495,2019,8,29,3,0,0.8867924528301888,0.8182557194286377,0.0232851146189422
2019-08-29,81,0.9977475262300984,0.0027862914460852,0.0,0.0,0.0,0.2084222028690207,1391,114,2019,8,29,3,0,0.8855345911949686,0.8165137614678899,0.0239763472752865
2019-08-29,85,0.9977475262300984,0.0075229869044302,0.0,0.0,0.0,0.2084222028690207,1392,1050,2019,8,29,3,0,0.8837735849056605,0.8175589362443387,0.0287678463704001
2019-08-30,80,0.9010912047716566,0.0008358874338255,0.0,0.0,0.0,0.2084222028690207,1393,1680,2019,8,30,4,0,0.8805031446540882,0.8179073278364883,0.6579969334405792
2019-08-30,82,0.9010912047716566,0.0130955697966007,0.0,0.0,0.0,0.2084222028690207,1394,703,2019,8,30,4,0,0.0158490566037735,0.8212751132272675,0.0286987231047657
2019-08-30,83,0.9010912047716566,0.0016717748676511,0.0,0.0,0.0,0.2084222028690207,1395,465,2019,8,30,4,0,0.010817610062893,0.8195331552665197,0.025160868690931
2025-03-15,81,0.9010912047716566,0.0055725828921705,0.0,0.0,0.0,0.2084222028690207,1396,43,2025,3,15,5,1,0.0140880503144654,0.8208105911044015,0.0240391866076814
2019-08-30,85,0.9010912047716566,0.0039008080245193,0.0,0.0,0.0,0.2084222028690207,1397,84,2019,8,30,4,0,0.0145911949685534,0.8212751132272675,0.0288118339030766
2019-08-30,71,0.8449794740093138,0.0105879074951239,0.0,0.0,0.0,0.2084222028690207,1398,1080,2019,8,30,4,0,0.0216352201257861,0.8211589826965511,0.0001068268650713
2019-08-31,82,0.8449794740093138,0.006408470325996,0.0,0.0,0.0,0.2084222028690207,1399,1632,2019,8,31,5,1,0.02062893081761,0.4157472999651608,0.0287709883370199
2019-08-31,83,0.8449794740093138,0.0052939537475619,0.0,0.0,0.0,0.2084222028690207,1400,26,2019,8,31,5,1,0.0246540880503144,0.4141214725351295,0.0252205660567062
2019-08-31,87,0.8449794740093138,0.0069657286152131,0.0,0.0,0.0,0.2084222028690207,1401,168,2019,8,31,5,1,0.0191194968553459,0.4124956451050981,0.1737633219384677
2019-08-31,85,0.8449794740093138,0.0083588743382557,0.0,0.0,0.0,0.2084222028690207,1402,387,2019,8,31,5,1,0.0251572327044025,0.4153989083730113,0.028906092901669
2019-09-01,80,0.9331264417364116,0.9958205628308722,1.0,0.0,1.0,0.2084222028690207,1403,1647,2019,9,1,6,1,0.919245283018868,0.8275461618859599,0.6692263221395536
2019-09-01,82,0.9331264417364116,0.016439119531903,0.0,0.0,1.0,0.2084222028690207,1404,1042,2019,9,1,6,1,0.9305660377358492,0.8314945999303216,0.0289563643675849
2019-09-01,83,0.0668735582635885,0.0072443577598216,0.0,0.0,1.0,0.2084222028690207,1405,1817,2019,9,1,6,1,0.9275471698113208,0.8331204273603532,0.0253022571888196
2019-09-01,84,0.9331264417364116,0.0208971858456394,0.0,0.0,1.0,0.2084222028690207,1406,481,2019,9,1,6,1,0.9406289308176102,0.8390430844268959,0.0235207621154232
2019-09-01,81,0.9331264417364116,0.0200612984118138,0.0,0.0,1.0,0.2084222028690207,1407,1076,2019,9,1,6,1,0.9539622641509437,0.8434560445941237,0.0242654082043032
2019-09-01,85,0.9331264417364116,0.0161604903872945,0.0,0.0,1.0,0.2084222028690207,1408,1119,2019,9,1,6,1,0.9622641509433963,0.8453141330855882,0.0290883269656143
2019-09-02,80,0.9854840244137698,0.0247979938701588,0.0,0.0,1.0,0.2084222028690207,1409,2050,2019,9,2,0,0,0.9771069182389938,0.852978748112879,0.6695059571687111
2019-09-02,82,0.9854840244137698,0.0231262190025076,0.0,0.0,1.0,0.2084222028690207,1410,619,2019,9,2,0,0,0.0988679245283019,0.8591336662408546,0.0292171475970239
2019-09-02,83,0.9854840244137698,0.0189467818333797,0.0,0.0,1.0,0.2084222028690207,1411,1596,2019,9,2,0,0,0.1011320754716981,0.8629659737545001,0.0255159109189624
2019-09-02,84,0.9854840244137698,0.0172750069657286,0.0,0.0,1.0,0.2084222028690207,1412,1255,2019,9,2,0,0,0.110188679245283,0.8662176286145629,0.0237155640458475
2019-09-02,81,0.9854840244137698,0.0220117024240735,0.0,0.0,1.0,0.2084222028690207,1413,280,2019,9,2,0,0,0.1111949685534591,0.8720241551503891,0.0245136235672632
2019-09-02,85,0.9854840244137698,0.01699637782112,0.0,0.0,1.0,0.2084222028690207,1414,925,2019,9,2,0,0,0.1084276729559748,0.8773661595633493,0.0292799869294188
2019-09-02,87,0.8222044279334446,0.0206185567010309,0.0,0.0,1.0,0.2084222028690207,1415,1991,2019,9,2,0,0,0.1124528301886792,0.8820113807920102,0.1739958274683289
2019-09-03,82,0.8222044279334446,0.0206185567010309,0.0,0.0,1.0,0.2084222028690207,1416,471,2019,9,3,1,0,0.1086792452830188,0.8887469515735686,0.0294496531268851
2019-09-03,83,0.8222044279334446,0.0220117024240735,0.0,0.0,1.0,0.2084222028690207,1417,718,2019,9,3,1,0,0.1076729559748427,0.4933224944837999,0.0257641262819223
2019-09-03,84,0.8222044279334446,0.0161604903872945,0.0,0.0,1.0,0.2084222028690207,1418,1802,2019,9,3,1,0,0.1051572327044025,0.4970386714667286,0.0238977981097928
2019-09-03,78,0.8222044279334446,0.0192254109779883,0.0,0.0,1.0,0.2084222028690207,1419,1863,2019,9,3,1,0,0.1069182389937107,0.5042387643711532,0.0002042278302835
2025-03-15,85,0.8222044279334446,0.0203399275564224,0.0,0.0,1.0,0.2084222028690207,1420,537,2025,3,15,5,1,0.1054088050314465,0.5113227267448612,0.0295093504926603
2019-09-04,80,0.8620983073362587,0.9916411256617444,1.0,0.0,1.0,0.2084222028690207,1421,2106,2019,9,4,2,0,0.9854088050314468,0.92346998025781,0.6806882163683894
2019-09-04,82,0.8620983073362587,0.0200612984118138,0.0,0.0,1.0,0.2084222028690207,1422,1095,2019,9,4,2,0,0.9849056603773584,0.9286958541400534,0.0296758747235069
2019-09-04,83,0.8620983073362587,0.0284201727500696,0.0,0.0,1.0,0.2084222028690207,1423,245,2019,9,4,2,0,0.9919496855345912,0.9401927766809894,0.0260846068771365
2019-09-04,84,0.8620983073362587,0.0197826692672053,0.0,0.0,1.0,0.2084222028690207,1424,1131,2019,9,4,2,0,0.9899371069182392,0.942979909418186,0.0241208777397948
2019-09-04,81,0.1379016926637413,0.0089161326274728,0.0,0.0,1.0,0.2084222028690207,1425,789,2019,9,4,2,0,0.9833962264150946,0.9459993032168156,0.0246141664990951
2019-09-04,85,0.8620983073362587,0.0253552521593758,0.0,0.0,1.0,0.2084222028690207,1426,941,2019,9,4,2,0,0.9889308176100632,0.954244570897689,0.0297952694550573
2019-09-05,80,0.9042947171573152,0.0245193647255502,0.0,0.0,1.0,0.2084222028690207,1427,55,2019,9,5,3,0,0.9927044025157234,0.962838230170712,0.680964709430927
2019-09-05,82,0.9042947171573152,0.0220117024240735,0.0,0.0,1.0,0.2084222028690207,1428,1557,2019,9,5,3,0,0.1172327044025157,0.9675995819300892,0.0299240900864669
2019-09-05,83,0.9042947171573152,0.0183895235441627,0.0,0.0,1.0,0.2084222028690207,1429,1154,2019,9,5,3,0,0.1157232704402515,0.9725931947509,0.0262919766740398
2019-09-05,87,0.9042947171573152,0.0189467818333797,0.0,0.0,1.0,0.2084222028690207,1430,568,2019,9,5,3,0,0.1071698113207547,0.97828359075601,0.1742094811984717
2019-09-05,81,0.9042947171573152,0.0178322652549456,0.0,0.0,1.0,0.2084222028690207,1431,1299,2019,9,5,3,0,0.1054088050314465,0.9828126814539542,0.0248152523627589
2019-09-05,85,0.9042947171573152,0.0208971858456394,0.0,0.0,1.0,0.2084222028690207,1432,1458,2019,9,5,3,0,0.1162264150943396,0.988038555336198,0.0300309169515383
2019-09-06,80,0.8824206656164364,0.0236834772917247,0.0,0.0,1.0,0.2084222028690207,1433,1852,2019,9,6,4,0,0.1147169811320754,0.582859133666241,0.6812317765936056
2019-09-06,82,0.8824206656164364,0.0172750069657286,0.0,0.0,1.0,0.2084222028690207,1434,1575,2019,9,6,4,0,0.1081761006289308,0.5832075252583904,0.0301188920168912
2019-09-06,83,0.8824206656164364,0.0211758149902479,0.0,0.0,1.0,0.2084222028690207,1435,63,2019,9,6,4,0,0.1074213836477987,0.5890140517942168,0.0265307661371405
2019-09-06,84,0.8824206656164364,0.0181108943995541,0.0,0.0,1.0,0.2084222028690207,1436,1666,2019,9,6,4,0,0.1071698113207547,0.5878527464870515,0.0243251055700784
2019-09-06,81,0.8824206656164364,0.0150459738088604,0.0,0.0,1.0,0.2084222028690207,1437,1356,2019,9,6,4,0,0.1036477987421383,0.5857623969341541,0.0249849185602252
2019-09-06,85,0.8824206656164364,0.0203399275564224,0.0,0.0,1.0,0.2084222028690207,1438,897,2019,9,6,4,0,0.1059119496855346,0.5875043548949019,0.0302602805147798
2019-09-07,80,0.913705077991224,0.9944274171078296,1.0,0.0,1.0,0.2084222028690207,1439,2026,2019,9,7,5,1,0.9849056603773584,0.9916386017884102,0.6924454554594812
2019-09-07,82,0.913705077991224,0.01699637782112,0.0,0.0,1.0,0.2084222028690207,1440,987,2019,9,7,5,1,0.978867924528302,0.9890837301126464,0.0303105519806957
2019-09-07,79,0.913705077991224,0.016439119531903,0.0,0.0,1.0,0.2084222028690207,1441,1427,2019,9,7,5,1,0.97811320754717,0.988038555336198,0.000172808164086
2019-09-07,84,0.913705077991224,0.0181108943995541,0.0,0.0,1.0,0.2084222028690207,1442,240,2019,9,7,5,1,0.9753459119496856,0.9883869469283476,0.0245293334003619
2019-09-07,81,0.913705077991224,0.0242407355809417,0.0,0.0,1.0,0.2084222028690207,1443,638,2019,9,7,5,1,0.9808805031446542,0.9893159911740796,0.0252582696561431
2019-09-07,85,0.913705077991224,0.0183895235441627,0.0,0.0,1.0,0.2084222028690207,1444,1118,2019,9,7,5,1,0.9838993710691826,0.9898966438276624,0.030467650311683
2025-03-15,87,0.1277905764557806,0.0142100863750348,0.0,0.0,1.0,0.2084222028690207,1445,1219,2025,3,15,5,1,0.978364779874214,0.9872256416211822,0.1743697214960788
2019-09-08,82,0.8722094235442193,0.0200612984118138,0.0,0.0,1.0,0.2084222028690207,1446,7,2019,9,8,6,1,0.0986163522012578,0.9869933805597492,0.0305367735773175
2019-09-08,83,0.8722094235442193,0.0242407355809417,0.0,0.0,1.0,0.2084222028690207,1447,1998,2019,9,8,6,1,0.1051572327044025,0.9879224248054814,0.0268041172330585
2019-09-08,84,0.8722094235442193,0.0206185567010309,0.0,0.0,1.0,0.2084222028690207,1448,1202,2019,9,8,6,1,0.1089308176100629,0.9897805132969456,0.0247618389302232
2019-09-08,81,0.8722094235442193,0.0206185567010309,0.0,0.0,1.0,0.2084222028690207,1449,1060,2019,9,8,6,1,0.1111949685534591,0.9903611659505284,0.0254907751860044
2019-09-08,85,0.8722094235442193,0.0172750069657286,0.0,0.0,1.0,0.2084222028690207,1450,1665,2019,9,8,6,1,0.1049056603773585,0.9890837301126464,0.0306624522421073
2019-09-09,80,0.8030333348623881,0.0175536361103371,0.0,0.0,1.0,0.2084222028690207,1451,935,2019,9,9,0,0,0.1041509433962264,0.5830913947276739,0.6926433993565253
2019-09-09,82,0.8030333348623881,0.016439119531903,0.0,0.0,1.0,0.2084222028690207,1452,1064,2019,9,9,0,0,0.1061635220125786,0.581581697828359,0.0307221496078825
2019-09-09,83,0.8030333348623881,0.0197826692672053,0.0,0.0,1.0,0.2084222028690207,1453,643,2019,9,9,0,0,0.1059119496855346,0.5779816513761469,0.0270271968630605
2019-09-09,84,0.8030333348623881,0.016439119531903,0.0,0.0,1.0,0.2084222028690207,1454,1355,2019,9,9,0,0,0.0988679245283019,0.5765880850075484,0.0249472149607882
2019-09-09,81,0.8030333348623881,0.0211758149902479,0.0,0.0,1.0,0.2084222028690207,1455,682,2019,9,9,0,0,0.0993710691823899,0.5816978283590757,0.0257295646491051
2019-09-09,85,0.8030333348623881,0.0220117024240735,0.0,0.0,1.0,0.2084222028690207,1456,1708,2019,9,9,0,0,0.10062893081761,0.5803042619904775,0.0309106676050673
2019-09-10,80,0.8901791947578135,1.0,1.0,0.0,1.0,0.2084222028690207,1457,127,2019,9,10,1,0,0.9879245283018868,0.9868772500290326,0.703919917554796
2019-09-10,82,0.8901791947578135,0.0167177486765115,0.0,0.0,1.0,0.2084222028690207,1458,1903,2019,9,10,1,0,0.987169811320755,0.9846707699454188,0.0309106676050673
2019-09-10,83,0.8901791947578135,0.0195040401225968,0.0,0.0,1.0,0.2084222028690207,1459,2032,2019,9,10,1,0,0.9899371069182392,0.9851352920682848,0.0272471345264427
2019-09-10,87,0.8901791947578135,0.0220117024240735,0.0,0.0,1.0,0.2084222028690207,1460,739,2019,9,10,1,0,0.9919496855345912,0.9864127279061664,0.1746179368590388
2019-09-10,81,0.8901791947578135,0.0147673446642518,0.0,0.0,1.0,0.2084222028690207,1461,1459,2019,9,10,1,0,0.9904402515723272,0.9851352920682848,0.0258960888799517
2019-09-10,85,0.8901791947578135,0.022290331568682,0.0,0.0,1.0,0.2084222028690207,1462,1882,2019,9,10,1,0,0.9914465408805032,0.9857159447218676,0.031162024934647
2019-09-10,73,0.9740714730516646,0.0284201727500696,0.0,0.0,1.0,0.2084222028690207,1463,1246,2019,9,10,1,0,0.9972327044025158,0.9876901637440484,0.0003079127287351
2019-09-11,82,0.9740714730516646,0.0225689607132906,0.0,0.0,1.0,0.2084222028690207,1464,1129,2019,9,11,2,0,0.1147169811320754,0.9898966438276624,0.0311651669012668
2019-09-11,83,0.0259285269483353,0.0100306492059069,0.0,0.0,1.0,0.2084222028690207,1465,218,2019,9,11,2,0,0.1086792452830188,0.9852514225990014,0.0273602453247536
2019-09-11,84,0.9740714730516646,0.0158818612426859,0.0,0.0,1.0,0.2084222028690207,1466,1926,2019,9,11,2,0,0.1054088050314465,0.9843223783532692,0.0251263070581138
2019-09-11,81,0.9740714730516646,0.0203399275564224,0.0,0.0,1.0,0.2084222028690207,1467,2077,2019,9,11,2,0,0.1038993710691824,0.986528858436883,0.0261254524431932
2019-09-11,85,0.9740714730516646,0.0167177486765115,0.0,0.0,1.0,0.2084222028690207,1468,1635,2019,9,11,2,0,0.1056603773584906,0.985019161537568,0.0313505429318319
2019-09-12,80,0.9487936699641888,0.0200612984118138,0.0,0.0,1.0,0.2084222028690207,1469,126,2019,9,12,3,0,0.1036477987421383,0.578910695621879,0.7041461391514177
2025-03-15,82,0.9487936699641888,0.0172750069657286,0.0,0.0,1.0,0.2084222028690207,1470,713,2025,3,15,5,1,0.0935849056603773,0.5790268261525955,0.0313599688316911
2019-09-12,83,0.9487936699641888,0.0200612984118138,0.0,0.0,1.0,0.2084222028690207,1471,78,2019,9,12,3,0,0.0913207547169811,0.5805365230519104,0.0275864669213754
2019-09-12,84,0.9487936699641888,0.0189467818333797,0.0,0.0,1.0,0.2084222028690207,1472,1232,2019,9,12,3,0,0.0993710691823899,0.58088491464406,0.0253399607882565
2019-09-12,81,0.9487936699641888,0.0259125104485929,0.0,0.0,1.0,0.2084222028690207,1473,1447,2019,9,12,3,0,0.1084276729559748,0.581581697828359,0.0264176553388296
2019-09-12,85,0.9487936699641888,0.0192254109779883,0.0,0.0,1.0,0.2084222028690207,1474,1416,2019,9,12,3,0,0.1074213836477987,0.5819300894205086,0.0315673386285944
2019-09-12,87,0.8614475960429735,0.9933129005293956,1.0,0.0,1.0,0.2084222028690207,1475,1955,2019,9,12,3,0,0.989182389937107,0.9900127743583786,0.1858190478584355
2019-09-13,82,0.8614475960429735,0.0192254109779883,0.0,0.0,1.0,0.2084222028690207,1476,1990,2019,9,13,4,0,0.9884276729559748,0.9896643827662291,0.0315767645284536
2019-09-13,83,0.8614475960429735,0.0189467818333797,0.0,0.0,1.0,0.2084222028690207,1477,2,2019,9,13,4,0,0.9899371069182392,0.9874579026826154,0.0278001206515181
2019-09-13,84,0.8614475960429735,0.0181108943995541,0.0,0.0,1.0,0.2084222028690207,1478,222,2019,9,13,4,0,0.9881761006289308,0.9864127279061664,0.0255441886185401
2019-09-13,81,0.8614475960429735,0.0239621064363332,0.0,0.0,1.0,0.2084222028690207,1479,1585,2019,9,13,4,0,0.9927044025157234,0.9878062942747649,0.0266878644681278
2019-09-13,85,0.8614475960429735,0.0206185567010309,0.0,0.0,1.0,0.2084222028690207,1480,2024,2019,9,13,4,0,0.9879245283018868,0.9891998606433632,0.0317998441584556
2019-09-14,80,0.838922808073661,0.0147673446642518,0.0,0.0,1.0,0.2084222028690207,1481,330,2019,9,14,5,1,0.9838993710691826,0.988038555336198,0.7043126633822643
2019-09-14,82,0.838922808073661,0.027027027027027,0.0,0.0,1.0,0.2084222028690207,1482,5,2019,9,14,5,1,0.1114465408805031,0.992451515503426,0.031881535290569
2019-09-14,83,0.838922808073661,0.0150459738088604,0.0,0.0,1.0,0.2084222028690207,1483,690,2019,9,14,5,1,0.1076729559748427,0.9904772964812448,0.0279697868489845
2019-09-14,84,0.838922808073661,0.0197826692672053,0.0,0.0,1.0,0.2084222028690207,1484,781,2019,9,14,5,1,0.1084276729559748,0.9918708628498432,0.0257672682485421
2019-09-14,86,0.1610771919263389,0.0119810532181666,0.0,0.0,1.0,0.2084222028690207,1485,1913,2019,9,14,5,1,0.1028930817610063,0.988038555336198,0.0008012014880353
2019-09-14,85,0.838922808073661,0.0181108943995541,0.0,0.0,1.0,0.2084222028690207,1486,206,2019,9,14,5,1,0.0976100628930818,0.9864127279061664,0.0320040719887392
2019-09-15,80,0.8848233093313611,0.0208971858456394,0.0,0.0,1.0,0.2084222028690207,1487,1771,2019,9,15,6,1,0.0978616352201258,0.5783300429682963,0.7045483108787453
2019-09-15,82,0.8848233093313611,0.0153246029534689,0.0,0.0,1.0,0.2084222028690207,1488,1718,2019,9,15,6,1,0.0983647798742138,0.5777493903147137,0.0320543434546551
2019-09-15,83,0.8848233093313611,0.0225689607132906,0.0,0.0,1.0,0.2084222028690207,1489,1303,2019,9,15,6,1,0.0943396226415094,0.5790268261525955,0.0282242861451839
2019-09-15,87,0.8848233093313611,0.0167177486765115,0.0,0.0,1.0,0.2084222028690207,1490,1277,2019,9,15,6,1,0.0958490566037736,0.5768203460689816,0.1860075658556203
2019-09-15,81,0.8848233093313611,0.0158818612426859,0.0,0.0,1.0,0.2084222028690207,1491,1300,2019,9,15,6,1,0.0923270440251572,0.5772848681918477,0.0268669565654534
2019-09-15,85,0.8848233093313611,0.0211758149902479,0.0,0.0,1.0,0.2084222028690207,1492,1005,2019,9,15,6,1,0.10062893081761,0.5768203460689816,0.0322428614518399
2019-09-16,80,0.9079987960263844,0.9991641125661744,1.0,0.0,1.0,0.2084222028690207,1493,1598,2019,9,16,0,0,0.9864150943396228,0.981419115085356,0.7158154031771566
2019-09-16,82,0.9079987960263844,0.0200612984118138,0.0,0.0,1.0,0.2084222028690207,1494,620,2019,9,16,0,0,0.9856603773584908,0.9803739403089072,0.0322805650512769
2025-03-15,83,0.9079987960263844,0.0267483978824185,0.0,0.0,1.0,0.2084222028690207,1495,1297,2025,3,15,5,1,0.995974842767296,0.9873417721518988,0.0285259149406796
2019-09-16,84,0.9079987960263844,0.0195040401225968,0.0,0.0,1.0,0.2084222028690207,1496,393,2019,9,16,0,0,0.9932075471698116,0.9888514690512136,0.0259872059119243
2019-09-16,81,0.9079987960263844,0.0181108943995541,0.0,0.0,1.0,0.2084222028690207,1497,461,2019,9,16,0,0,0.9944654088050316,0.9879224248054814,0.0270711843957369
2019-09-16,85,0.9079987960263844,0.0189467818333797,0.0,0.0,1.0,0.2084222028690207,1498,1256,2019,9,16,0,0,0.9972327044025158,0.9888514690512136,0.0324565151819827
2019-09-17,80,0.9755230781508322,0.0186681526887712,0.0,0.0,1.0,0.2084222028690207,1499,518,2019,9,17,1,0,0.9949685534591196,0.9882708163976308,0.7160259149406797
2019-09-17,82,0.9755230781508322,0.0203399275564224,0.0,0.0,1.0,0.2084222028690207,1500,1872,2019,9,17,1,0,0.1111949685534591,0.9895482522355126,0.0325099286145184
2019-09-17,83,0.9755230781508322,0.0142100863750348,0.0,0.0,1.0,0.2084222028690207,1501,942,2019,9,17,1,0,0.1059119496855346,0.9871095110904656,0.0286861552382867
2019-09-17,84,0.9755230781508322,0.01699637782112,0.0,0.0,1.0,0.2084222028690207,1502,1614,2019,9,17,1,0,0.0971069182389937,0.9862965973754498,0.0261788658757289
2019-09-17,81,0.9755230781508322,0.0234048481471161,0.0,0.0,1.0,0.2084222028690207,1503,1794,2019,9,17,1,0,0.10062893081761,0.9852514225990014,0.0273351095917956
2019-09-17,85,0.9755230781508322,0.021733073279465,0.0,0.0,1.0,0.2084222028690207,1504,1025,2019,9,17,1,0,0.1038993710691824,0.9862965973754498,0.0327015885783229
2019-09-17,87,0.09745720269675,0.0128169406519921,0.0,0.0,1.0,0.2084222028690207,1505,671,2019,9,17,1,0,0.0983647798742138,0.5776332597839973,0.1861520963201287
2019-09-18,82,0.90254279730325,0.0172750069657286,0.0,0.0,1.0,0.2084222028690207,1506,1147,2019,9,18,2,0,0.0971069182389937,0.5768203460689816,0.0327047305449426
2019-09-18,74,0.90254279730325,0.0211758149902479,0.0,0.0,1.0,0.2084222028690207,1507,1330,2019,9,18,2,0,0.0978616352201258,0.5777493903147137,0.0002262215966217
2019-09-18,84,0.90254279730325,0.0181108943995541,0.0,0.0,1.0,0.2084222028690207,1508,1047,2019,9,18,2,0,0.1013836477987421,0.5777493903147137,0.0263830937060124
2019-09-18,81,0.90254279730325,0.0153246029534689,0.0,0.0,1.0,0.2084222028690207,1509,1845,2019,9,18,2,0,0.0998742138364779,0.5741493438625014,0.0275079177558817
2019-09-18,85,0.90254279730325,0.0195040401225968,0.0,0.0,1.0,0.2084222028690207,1510,1909,2019,9,18,2,0,0.0963522012578616,0.5736848217396353,0.0329215262417052
2019-09-19,80,0.8765141696258067,0.9933129005293956,1.0,0.0,1.0,0.2084222028690207,1511,586,2019,9,19,3,0,0.9735849056603776,0.9815352456160724,0.7272270259400765
2019-09-19,82,0.8765141696258067,0.0231262190025076,0.0,0.0,1.0,0.2084222028690207,1512,1327,2019,9,19,3,0,0.9828930817610064,0.979909418186041,0.0329655137743816
2019-09-19,83,0.8765141696258067,0.0214544441348565,0.0,0.0,1.0,0.2084222028690207,1513,483,2019,9,19,3,0,0.9866666666666668,0.982580420392521,0.0289280866680072
2019-09-19,84,0.8765141696258067,0.0181108943995541,0.0,0.0,1.0,0.2084222028690207,1514,723,2019,9,19,3,0,0.9838993710691826,0.981883637208222,0.0265873215362959
2019-09-19,81,0.8765141696258067,0.0211758149902479,0.0,0.0,1.0,0.2084222028690207,1515,193,2019,9,19,3,0,0.9866666666666668,0.9857159447218676,0.0277467072189825
2019-09-19,85,0.8765141696258067,0.0211758149902479,0.0,0.0,1.0,0.2084222028690207,1516,1323,2019,9,19,3,0,0.9919496855345912,0.9869933805597492,0.0331603157048059
2019-09-20,80,0.938282113137074,0.0211758149902479,0.0,0.0,1.0,0.2084222028690207,1517,1512,2019,9,20,4,0,0.9934591194968556,0.9871095110904656,0.7274658154031772
2019-09-20,82,0.938282113137074,0.0183895235441627,0.0,0.0,1.0,0.2084222028690207,1518,411,2019,9,20,4,0,0.1132075471698113,0.9883869469283476,0.0331728835712849
2019-09-20,83,0.938282113137074,0.0247979938701588,0.0,0.0,1.0,0.2084222028690207,1519,740,2019,9,20,4,0,0.1147169811320754,0.9893159911740796,0.0292077216971646
2025-03-15,87,0.938282113137074,0.0139314572304263,0.0,0.0,1.0,0.2084222028690207,1520,750,2025,3,15,5,1,0.1079245283018867,0.9881546858669144,0.186309194651116
2019-09-20,81,0.938282113137074,0.0220117024240735,0.0,0.0,1.0,0.2084222028690207,1521,709,2019,9,20,4,0,0.1114465408805031,0.990709557542678,0.0279949225819424
2019-09-20,85,0.938282113137074,0.0178322652549456,0.0,0.0,1.0,0.2084222028690207,1522,1591,2019,9,20,4,0,0.1084276729559748,0.9893159911740796,0.0333614015684697
2019-09-21,80,0.8426268869427302,0.0195040401225968,0.0,0.0,1.0,0.2084222028690207,1523,2000,2019,9,21,5,1,0.1069182389937107,0.5810010451747765,0.7276857530665595
2019-09-21,82,0.8426268869427302,0.0156032320980774,0.0,0.0,1.0,0.2084222028690207,1524,34,2019,9,21,5,1,0.1018867924528302,0.5791429566833122,0.0333488337019907
2019-09-21,83,0.1573731130572698,0.011145165784341,0.0,0.0,1.0,0.2084222028690207,1525,1017,2019,9,21,5,1,0.0953459119496855,0.5726396469631867,0.0293334003619545
2019-09-21,84,0.8426268869427302,0.0234048481471161,0.0,0.0,1.0,0.2084222028690207,1526,623,2019,9,21,5,1,0.0940880503144654,0.5742654743932181,0.0268512467323547
2019-09-21,81,0.8426268869427302,0.0208971858456394,0.0,0.0,1.0,0.2084222028690207,1527,164,2019,9,21,5,1,0.100377358490566,0.5754267797003834,0.0282305700784234
2019-09-21,85,0.8426268869427302,0.0172750069657286,0.0,0.0,1.0,0.2084222028690207,1528,1864,2019,9,21,5,1,0.0961006289308176,0.5747299965160841,0.033556203498894
2019-09-21,75,0.8658524302860946,0.9908052382279188,1.0,0.0,1.0,0.2084222028690207,1529,1516,2019,9,21,5,1,0.9745911949685536,0.979909418186041,0.01116026543334
2019-09-22,82,0.8658524302860946,0.0211758149902479,0.0,0.0,1.0,0.2084222028690207,1530,1793,2019,9,22,6,1,0.9761006289308176,0.9802578097781908,0.0335876231650915
2019-09-22,83,0.8658524302860946,0.0161604903872945,0.0,0.0,1.0,0.2084222028690207,1531,1252,2019,9,22,6,1,0.9766037735849058,0.9810707234932065,0.0295156344258998
2019-09-22,84,0.8658524302860946,0.01699637782112,0.0,0.0,1.0,0.2084222028690207,1532,202,2019,9,22,6,1,0.9818867924528304,0.9810707234932065,0.0270429066961592
2019-09-22,81,0.8658524302860946,0.0195040401225968,0.0,0.0,1.0,0.2084222028690207,1533,148,2019,9,22,6,1,0.978364779874214,0.979444896063175,0.0284505077418057
2019-09-22,85,0.8658524302860946,0.0158818612426859,0.0,0.0,1.0,0.2084222028690207,1534,158,2019,9,22,6,1,0.9738364779874216,0.977006154918128,0.0337352955962195
2019-09-22,87,0.8439783787452158,0.0206185567010309,0.0,0.0,1.0,0.2084222028690207,1535,1015,2019,9,22,6,1,0.9768553459119498,0.9802578097781908,0.1865417001809772
2019-09-23,82,0.8439783787452158,0.0156032320980774,0.0,0.0,1.0,0.2084222028690207,1536,954,2019,9,23,0,0,0.0963522012578616,0.9795610265938914,0.0337635732957973
2019-09-23,83,0.8439783787452158,0.0183895235441627,0.0,0.0,1.0,0.2084222028690207,1537,1485,2019,9,23,0,0,0.0938364779874214,0.978399721286726,0.0297230042228031
2019-09-23,84,0.8439783787452158,0.0186681526887712,0.0,0.0,1.0,0.2084222028690207,1538,89,2019,9,23,0,0,0.0961006289308176,0.9786319823481592,0.0272534184596822
2019-09-23,81,0.8439783787452158,0.0228475898578991,0.0,0.0,1.0,0.2084222028690207,1539,819,2019,9,23,0,0,0.1013836477987421,0.9817675066775056,0.0287081490046249
2019-09-23,85,0.8439783787452158,0.0214544441348565,0.0,0.0,1.0,0.2084222028690207,1540,1030,2019,9,23,0,0,0.1031446540880503,0.982580420392521,0.03397722702594
2019-09-24,80,0.9233656969316896,0.022290331568682,0.0,0.0,1.0,0.2084222028690207,1541,1218,2019,9,24,1,0,0.1089308176100629,0.5778655208454302,0.7279371103961392
2019-09-24,82,0.9233656969316896,0.022290331568682,0.0,0.0,1.0,0.2084222028690207,1542,746,2019,9,24,1,0,0.110440251572327,0.5775171292532808,0.034014930625377
2019-09-24,83,0.9233656969316896,0.0178322652549456,0.0,0.0,1.0,0.2084222028690207,1543,1978,2019,9,24,1,0,0.1124528301886792,0.5760074323539659,0.0299240900864669
2019-09-24,84,0.9233656969316896,0.0189467818333797,0.0,0.0,1.0,0.2084222028690207,1544,965,2019,9,24,1,0,0.1129559748427673,0.5763558239461155,0.027467072189825
2025-03-15,81,0.0766343030683103,0.0097520200612984,0.0,0.0,1.0,0.2084222028690207,1545,1897,2025,3,15,5,1,0.1049056603773585,0.5715944721867379,0.0288181178363161
2019-09-24,85,0.9233656969316896,0.0156032320980774,0.0,0.0,1.0,0.2084222028690207,1546,590,2019,9,24,1,0,0.0983647798742138,0.5692718615724073,0.0341531771566458
2019-09-25,80,0.9712183320692448,0.9952633045416552,1.0,0.0,1.0,0.2084222028690207,1547,1197,2019,9,25,2,0,0.977610062893082,0.97526419695738,0.7391602151618741
2019-09-25,82,0.9712183320692448,0.0192254109779883,0.0,0.0,1.0,0.2084222028690207,1548,1784,2019,9,25,2,0,0.9748427672955976,0.9756125885495296,0.0342317263221395
2019-09-25,83,0.9712183320692448,0.0203399275564224,0.0,0.0,1.0,0.2084222028690207,1549,1995,2019,9,25,2,0,0.9730817610062896,0.9737545000580654,0.0301534536497084
2019-09-25,87,0.9712183320692448,0.0225689607132906,0.0,0.0,1.0,0.2084222028690207,1550,1190,2019,9,25,2,0,0.977358490566038,0.9773545465102776,0.1867961994771767
2019-09-25,76,0.9712183320692448,0.0228475898578991,0.0,0.0,1.0,0.2084222028690207,1551,651,2019,9,25,2,0,0.9808805031446542,0.9777029381024273,0.0002450733963402
2019-09-25,85,0.9712183320692448,0.0250766230147673,0.0,0.0,1.0,0.2084222028690207,1552,328,2019,9,25,2,0,0.9947169811320756,0.9807223319010568,0.034435954152423
2019-09-26,80,0.9443387665051524,0.016439119531903,0.0,0.0,1.0,0.2084222028690207,1553,1873,2019,9,26,3,0,0.9954716981132076,0.979444896063175,0.7393455911924393
2019-09-26,82,0.9443387665051524,0.016439119531903,0.0,0.0,1.0,0.2084222028690207,1554,480,2019,9,26,3,0,0.1116981132075471,0.9797932876553246,0.0344171023527046
2019-09-26,83,0.9443387665051524,0.0220117024240735,0.0,0.0,1.0,0.2084222028690207,1555,1114,2019,9,26,3,0,0.1142138364779874,0.9843223783532692,0.0304016690126684
2019-09-26,84,0.9443387665051524,0.0195040401225968,0.0,0.0,1.0,0.2084222028690207,1556,119,2019,9,26,3,0,0.1134591194968553,0.9826965509232376,0.0276870098532073
2019-09-26,81,0.9443387665051524,0.0189467818333797,0.0,0.0,1.0,0.2084222028690207,1557,1989,2019,9,26,3,0,0.110188679245283,0.981883637208222,0.0290317715664588
2019-09-26,85,0.9443387665051524,0.016439119531903,0.0,0.0,1.0,0.2084222028690207,1558,573,2019,9,26,3,0,0.1044025157232704,0.9815352456160724,0.0346213301829881
2019-09-27,80,0.9547001659548184,0.0220117024240735,0.0,0.0,1.0,0.2084222028690207,1559,31,2019,9,27,4,0,0.1016352201257861,0.5777493903147137,0.7395938065553992
2019-09-27,82,0.9547001659548184,0.0172750069657286,0.0,0.0,1.0,0.2084222028690207,1560,2008,2019,9,27,4,0,0.1023899371069182,0.5761235628846824,0.0346119042831289
2019-09-27,83,0.9547001659548184,0.0186681526887712,0.0,0.0,1.0,0.2084222028690207,1561,1589,2019,9,27,4,0,0.1044025157232704,0.5771687376611312,0.0306121807761914
2019-09-27,84,0.9547001659548184,0.0225689607132906,0.0,0.0,1.0,0.2084222028690207,1562,1929,2019,9,27,4,0,0.1049056603773585,0.5794913482754616,0.0279415091494067
2019-09-27,81,0.9547001659548184,0.0206185567010309,0.0,0.0,1.0,0.2084222028690207,1563,536,2019,9,27,4,0,0.1059119496855346,0.5799558703983276,0.0292642770963201
2019-09-27,85,0.9547001659548184,0.0211758149902479,0.0,0.0,1.0,0.2084222028690207,1564,1837,2019,9,27,4,0,0.1079245283018867,0.5821623504819418,0.0348601196460888
2019-09-27,87,0.0,0.9832822513234886,1.0,0.0,1.0,0.2084222028690207,1565,2027,2019,9,27,4,0,0.9808805031446542,0.9833933341075368,0.1978841996782626
2019-09-28,82,1.0,0.0192254109779883,0.0,0.0,1.0,0.2084222028690207,1566,859,2019,9,28,5,1,0.978364779874214,0.9849030310068516,0.0348286999798914
2019-09-28,83,1.0,0.016439119531903,0.0,0.0,1.0,0.2084222028690207,1567,318,2019,9,28,5,1,0.977610062893082,0.984090117291836,0.0307975568067564
2019-09-28,84,1.0,0.0211758149902479,0.0,0.0,1.0,0.2084222028690207,1568,1646,2019,9,28,5,1,0.9798742138364782,0.9851352920682848,0.0281802986125075
2019-09-28,81,1.0,0.0133741989412092,0.0,0.0,1.0,0.2084222028690207,1569,1749,2019,9,28,5,1,0.9715723270440252,0.9811868540239228,0.0294150914940679
2025-03-15,85,1.0,0.0183895235441627,0.0,0.0,1.0,0.2084222028690207,1570,760,2025,3,15,5,1,0.9695597484276732,0.979909418186041,0.0350674894429921
2019-09-29,80,0.9977475262300984,0.016439119531903,0.0,0.0,1.0,0.2084222028690207,1571,628,2019,9,29,6,1,0.9652830188679248,0.977470677040994,0.7397791825859642
2019-09-29,82,0.9977475262300984,0.0220117024240735,0.0,0.0,1.0,0.2084222028690207,1572,196,2019,9,29,6,1,0.0973584905660377,0.9773545465102776,0.0350769153428514
2019-09-29,77,0.9977475262300984,0.0192254109779883,0.0,0.0,1.0,0.2084222028690207,1573,2093,2019,9,29,6,1,0.0973584905660377,0.97793519916386,0.0002042278302835
2019-09-29,84,0.9977475262300984,0.0273056561716355,0.0,0.0,1.0,0.2084222028690207,1574,1325,2019,9,29,6,1,0.1071698113207547,0.981419115085356,0.0284882113412427
2019-09-29,81,0.9977475262300984,0.0100306492059069,0.0,0.0,1.0,0.2084222028690207,1575,2116,2019,9,29,6,1,0.0971069182389937,0.9815352456160724,0.0295282022923788
2019-09-29,85,0.9977475262300984,0.0189467818333797,0.0,0.0,1.0,0.2084222028690207,1576,1484,2019,9,29,6,1,0.1021383647798742,0.9829288119846707,0.0352811431731349
2019-09-30,80,0.9010912047716566,0.021733073279465,0.0,0.0,1.0,0.2084222028690207,1577,1723,2019,9,30,0,0,0.1051572327044025,0.5771687376611312,0.7400242559823045
2019-09-30,82,0.9010912047716566,0.0147673446642518,0.0,0.0,1.0,0.2084222028690207,1578,1983,2019,9,30,0,0,0.1036477987421383,0.5753106491696667,0.0352434395736979
2019-09-30,83,0.9010912047716566,0.0183895235441627,0.0,0.0,1.0,0.2084222028690207,1579,1107,2019,9,30,0,0,0.100377358490566,0.574497735454651,0.0310049266036597
2019-09-30,87,0.9010912047716566,0.0186681526887712,0.0,0.0,1.0,0.2084222028690207,1580,1378,2019,9,30,0,0,0.0998742138364779,0.5728719080246196,0.1980947114417856
2019-09-30,81,0.9010912047716566,0.0189467818333797,0.0,0.0,1.0,0.2084222028690207,1581,449,2019,9,30,0,0,0.0923270440251572,0.5712460805945883,0.0297418560225216
2019-09-30,85,0.9010912047716566,0.01699637782112,0.0,0.0,1.0,0.2084222028690207,1582,141,2019,9,30,0,0,0.0986163522012578,0.5678782952038091,0.0354728031369394
2019-10-01,80,0.9331264417364116,0.9921983839509614,1.0,0.0,1.0,0.3129870023169069,1583,1927,2019,10,1,1,0,0.977358490566038,0.9745674137730808,0.7512127991152222
2019-10-01,82,0.9331264417364116,0.0167177486765115,0.0,0.0,1.0,0.3129870023169069,1584,120,2019,10,1,1,0,0.9728301886792456,0.9746835443037976,0.0354319575708827
2019-10-01,83,0.0668735582635885,0.0144887155196433,0.0,0.0,1.0,0.3129870023169069,1585,2013,2019,10,1,1,0,0.9725786163522012,0.9715480199744512,0.0311683088678865
2019-10-01,84,0.9331264417364116,0.0175536361103371,0.0,0.0,1.0,0.3129870023169069,1586,331,2019,10,1,1,0,0.9718238993710692,0.9707351062594356,0.0286861552382867
2019-10-01,81,0.9331264417364116,0.016439119531903,0.0,0.0,1.0,0.3129870023169069,1587,1866,2019,10,1,1,0,0.9698113207547172,0.9696899314829868,0.0299272320530866
2019-10-01,85,0.9331264417364116,0.0158818612426859,0.0,0.0,1.0,0.3129870023169069,1588,762,2019,10,1,1,0,0.9670440251572328,0.9694576704215538,0.035651895234265
2019-10-02,80,0.9854840244137698,0.0195040401225968,0.0,0.0,1.0,0.3129870023169069,1589,1230,2019,10,2,2,0,0.9693081761006292,0.968412495645105,0.7514327367786046
2019-10-02,82,0.9854840244137698,0.0225689607132906,0.0,0.0,1.0,0.3129870023169069,1590,491,2019,10,2,2,0,0.0938364779874214,0.9706189757287188,0.0356864568670822
2019-10-02,83,0.9854840244137698,0.01699637782112,0.0,0.0,1.0,0.3129870023169069,1591,1439,2019,10,2,2,0,0.0940880503144654,0.96992219254442,0.0313599688316911
2019-10-02,84,0.9854840244137698,0.0214544441348565,0.0,0.0,1.0,0.3129870023169069,1592,1954,2019,10,2,2,0,0.100377358490566,0.9694576704215538,0.0289280866680072
2019-10-02,81,0.9854840244137698,0.0186681526887712,0.0,0.0,1.0,0.3129870023169069,1593,504,2019,10,2,2,0,0.1013836477987421,0.9686447567065382,0.0301377438166096
2019-10-02,85,0.9854840244137698,0.0147673446642518,0.0,0.0,1.0,0.3129870023169069,1594,97,2019,10,2,2,0,0.0998742138364779,0.965973754500058,0.0358184194651116
2019-10-03,82,0.8222044279334446,0.0211758149902479,0.0,0.0,1.0,0.3129870023169069,1595,1184,2019,10,3,3,0,0.1046540880503144,0.5649750319358959,0.0359252463301829
2019-10-03,83,0.8222044279334446,0.0183895235441627,0.0,0.0,1.0,0.3129870023169069,1596,1417,2019,10,3,3,0,0.1036477987421383,0.5646266403437463,0.0315673386285944
2019-10-03,84,0.8222044279334446,0.0178322652549456,0.0,0.0,1.0,0.3129870023169069,1597,1053,2019,10,3,3,0,0.0993710691823899,0.5652072929973291,0.029129172531671
2019-10-03,81,0.8222044279334446,0.01699637782112,0.0,0.0,1.0,0.3129870023169069,1598,828,2019,10,3,3,0,0.0993710691823899,0.5634653350365812,0.0303294037804142
2019-10-03,85,0.8222044279334446,0.0206185567010309,0.0,0.0,1.0,0.3129870023169069,1599,244,2019,10,3,3,0,0.0986163522012578,0.5664847288352108,0.0360509249949728
2019-10-04,80,0.8620983073362587,0.9919197548063527,1.0,0.0,1.0,0.3129870023169069,1600,1044,2019,10,4,4,0,0.977358490566038,0.9722448031587504,0.7626181379449025
2019-10-04,82,0.8620983073362587,0.0208971858456394,0.0,0.0,1.0,0.3129870023169069,1601,787,2019,10,4,4,0,0.9828930817610064,0.9741028916502148,0.0361608938266639
2019-10-04,83,0.8620983073362587,0.0208971858456394,0.0,0.0,1.0,0.3129870023169069,1602,345,2019,10,4,4,0,0.9826415094339624,0.9736383695273488,0.0318029861250754
2019-10-04,84,0.8620983073362587,0.0175536361103371,0.0,0.0,1.0,0.3129870023169069,1603,1654,2019,10,4,4,0,0.9818867924528304,0.9729415863430496,0.029327116428715
2019-10-04,81,0.1379016926637413,0.011145165784341,0.0,0.0,1.0,0.3129870023169069,1604,1276,2019,10,4,4,0,0.9758490566037736,0.9662060155614912,0.0304550824452041
2019-10-04,85,0.8620983073362587,0.021733073279465,0.0,0.0,1.0,0.3129870023169069,1605,761,2019,10,4,4,0,0.9801257861635222,0.971083497851585,0.036295998391313
2019-10-05,80,0.9042947171573152,0.0231262190025076,0.0,0.0,1.0,0.3129870023169069,1606,230,2019,10,5,5,1,0.9823899371069184,0.972825455812333,0.7628789211743415
2019-10-05,82,0.9042947171573152,0.016439119531903,0.0,0.0,1.0,0.3129870023169069,1607,1815,2019,10,5,5,1,0.1016352201257861,0.9706189757287188,0.036346269857229
2019-10-05,83,0.9042947171573152,0.0189467818333797,0.0,0.0,1.0,0.3129870023169069,1608,1760,2019,10,5,5,1,0.0998742138364779,0.972360933689467,0.0320166398552181
2019-10-05,87,0.9042947171573152,0.0133741989412092,0.0,0.0,1.0,0.3129870023169069,1609,1035,2019,10,5,5,1,0.0930817610062893,0.9702705841365696,0.1982455258395334
2019-10-05,81,0.9042947171573152,0.01699637782112,0.0,0.0,1.0,0.3129870023169069,1610,1228,2019,10,5,5,1,0.0925786163522012,0.9695738009522704,0.0306467424090086
2019-10-05,85,0.9042947171573152,0.022290331568682,0.0,0.0,1.0,0.3129870023169069,1611,1890,2019,10,5,5,1,0.1026415094339622,0.9709673673208687,0.0365473557208928
2019-10-06,80,0.8824206656164364,0.0175536361103371,0.0,0.0,1.0,0.3129870023169069,1612,445,2019,10,6,6,1,0.0988679245283019,0.9711996283823016,0.7630768650713855
2019-10-06,82,0.8824206656164364,0.0236834772917247,0.0,0.0,1.0,0.3129870023169069,1613,857,2019,10,6,6,1,0.0993710691823899,0.5675299036116594,0.0366133370199075
2019-10-06,83,0.8824206656164364,0.0197826692672053,0.0,0.0,1.0,0.3129870023169069,1614,142,2019,10,6,6,1,0.1023899371069182,0.5688073394495412,0.0322397194852201
2019-10-06,84,0.8824206656164364,0.0206185567010309,0.0,0.0,1.0,0.3129870023169069,1615,1767,2019,10,6,6,1,0.1038993710691824,0.5713622111253047,0.0295596219585763
2019-10-06,12,0.8824206656164364,0.016439119531903,0.0,0.0,1.0,0.3129870023169069,1616,809,2019,10,6,6,1,0.1066666666666666,0.5708976890024386,0.000172808164086
2019-10-06,85,0.8824206656164364,0.0189467818333797,0.0,0.0,1.0,0.3129870023169069,1617,8,2019,10,6,6,1,0.1084276729559748,0.5719428637788875,0.0367610094510355
2019-10-07,80,0.913705077991224,0.9958205628308722,1.0,0.0,1.0,0.3129870023169069,1618,826,2019,10,7,0,0,0.987421383647799,0.9803739403089072,0.77430625377036
2025-03-15,82,0.913705077991224,0.0239621064363332,0.0,0.0,1.0,0.3129870023169069,1619,1971,2025,3,15,5,1,0.9932075471698116,0.9822320288003716,0.0368835461492057
2019-10-07,83,0.913705077991224,0.0211758149902479,0.0,0.0,1.0,0.3129870023169069,1620,887,2019,10,7,0,0,0.9909433962264153,0.9816513761467888,0.0324785089483209
2019-10-07,84,0.913705077991224,0.0195040401225968,0.0,0.0,1.0,0.3129870023169069,1621,357,2019,10,7,0,0,0.9906918238993712,0.9826965509232376,0.0297795596219585
2019-10-07,81,0.913705077991224,0.0161604903872945,0.0,0.0,1.0,0.3129870023169069,1622,1289,2019,10,7,0,0,0.9866666666666668,0.9804900708396238,0.0308289764729539
2019-10-07,85,0.913705077991224,0.0175536361103371,0.0,0.0,1.0,0.3129870023169069,1623,287,2019,10,7,0,0,0.987672955974843,0.9800255487167576,0.0369589533480796
2019-10-07,87,0.1277905764557806,0.0089161326274728,0.0,0.0,1.0,0.3129870023169069,1624,427,2019,10,7,0,0,0.978616352201258,0.9775868075717103,0.1983460687713653
2019-10-08,82,0.8722094235442193,0.0158818612426859,0.0,0.0,1.0,0.3129870023169069,1625,24,2019,10,8,1,0,0.0938364779874214,0.9753803274880966,0.0370626382465312
2019-10-08,83,0.8722094235442193,0.016439119531903,0.0,0.0,1.0,0.3129870023169069,1626,770,2019,10,8,1,0,0.0870440251572327,0.9745674137730808,0.0326638849788859
2019-10-08,84,0.8722094235442193,0.0183895235441627,0.0,0.0,1.0,0.3129870023169069,1627,898,2019,10,8,1,0,0.0845283018867924,0.974799674834514,0.0299869294188618
2019-10-08,81,0.8722094235442193,0.0189467818333797,0.0,0.0,1.0,0.3129870023169069,1628,130,2019,10,8,1,0,0.0840251572327044,0.9756125885495296,0.0310426302030967
2019-10-08,85,0.8722094235442193,0.0192254109779883,0.0,0.0,1.0,0.3129870023169069,1629,1892,2019,10,8,1,0,0.0867924528301886,0.9750319358959472,0.0371757490448421
2019-10-09,80,0.8030333348623881,0.0208971858456394,0.0,0.0,1.0,0.3129870023169069,1630,419,2019,10,9,2,0,0.0898113207547169,0.5703170363488561,0.774541901266841
2019-10-09,82,0.8030333348623881,0.0197826692672053,0.0,0.0,1.0,0.3129870023169069,1631,300,2019,10,9,2,0,0.0996226415094339,0.56985251422599,0.0372857178765332
2019-10-09,83,0.8030333348623881,0.0200612984118138,0.0,0.0,1.0,0.3129870023169069,1632,668,2019,10,9,2,0,0.1033962264150943,0.5695041226338404,0.0328901065755077
2019-10-09,84,0.8030333348623881,0.0147673446642518,0.0,0.0,1.0,0.3129870023169069,1633,997,2019,10,9,2,0,0.1018867924528302,0.5683428173266751,0.0301534536497084
2019-10-09,81,0.8030333348623881,0.0228475898578991,0.0,0.0,1.0,0.3129870023169069,1634,1110,2019,10,9,2,0,0.1059119496855346,0.5732202996167692,0.0313002714659159
2019-10-09,85,0.8030333348623881,0.0181108943995541,0.0,0.0,1.0,0.3129870023169069,1635,288,2019,10,9,2,0,0.1051572327044025,0.5717106027174546,0.0373799768751256
2019-10-10,80,0.8901791947578135,0.9933129005293956,1.0,0.0,1.0,0.3129870023169069,1636,1507,2019,10,10,3,0,0.9846540880503144,0.9760771106723958,0.7857430122662378
2019-10-10,82,0.8901791947578135,0.0211758149902479,0.0,0.0,1.0,0.3129870023169069,1637,1155,2019,10,10,3,0,0.9849056603773584,0.9780513296945764,0.037524507339634
2019-10-10,7,0.8901791947578135,0.0153246029534689,0.0,0.0,1.0,0.3129870023169069,1638,366,2019,10,10,3,0,0.9808805031446542,0.9765416327952618,0.000160240297607
2019-10-10,87,0.8901791947578135,0.0234048481471161,0.0,0.0,1.0,0.3129870023169069,1639,1002,2019,10,10,3,0,0.9838993710691826,0.9807223319010568,0.1986099939674241
2019-10-10,81,0.8901791947578135,0.0136528280858177,0.0,0.0,1.0,0.3129870023169069,1640,2105,2019,10,10,3,0,0.9828930817610064,0.9793287655324584,0.0314542278302835
2019-10-10,85,0.8901791947578135,0.0158818612426859,0.0,0.0,1.0,0.3129870023169069,1641,2044,2019,10,10,3,0,0.9766037735849058,0.9766577633259784,0.0375590689724512
2019-10-11,80,0.9740714730516646,0.0203399275564224,0.0,0.0,1.0,0.3129870023169069,1642,1804,2019,10,11,4,0,0.978616352201258,0.9778190686331436,0.7859723758294792
2019-10-11,82,0.9740714730516646,0.027027027027027,0.0,0.0,1.0,0.3129870023169069,1643,1721,2019,10,11,4,0,0.1061635220125786,0.979212635001742,0.0378292781017494
2025-03-15,83,0.0259285269483353,0.0133741989412092,0.0,0.0,1.0,0.3129870023169069,1644,836,2025,3,15,5,1,0.0991194968553459,0.9765416327952618,0.0330409209732555
2019-10-11,84,0.9740714730516646,0.0183895235441627,0.0,0.0,1.0,0.3129870023169069,1645,2076,2019,10,11,4,0,0.1018867924528302,0.9756125885495296,0.0303608234466117
2019-10-11,81,0.9740714730516646,0.0220117024240735,0.0,0.0,1.0,0.3129870023169069,1646,706,2019,10,11,4,0,0.10062893081761,0.97793519916386,0.0317024431932435
2019-10-11,85,0.9740714730516646,0.0195040401225968,0.0,0.0,1.0,0.3129870023169069,1647,1797,2019,10,11,4,0,0.1059119496855346,0.9781674602252932,0.0377790066358335
2019-10-12,80,0.9487936699641888,0.021733073279465,0.0,0.0,1.0,0.3129870023169069,1648,464,2019,10,12,5,1,0.1111949685534591,0.5721751248403206,0.7862174492258195
2019-10-12,82,0.9487936699641888,0.0189467818333797,0.0,0.0,1.0,0.3129870023169069,1649,1479,2019,10,12,5,1,0.109937106918239,0.5700847752874232,0.0380429318318922
2019-10-12,83,0.9487936699641888,0.01699637782112,0.0,0.0,1.0,0.3129870023169069,1650,52,2019,10,12,5,1,0.1008805031446541,0.5683428173266751,0.0332325809370601
2019-10-12,84,0.9487936699641888,0.0250766230147673,0.0,0.0,1.0,0.3129870023169069,1651,1828,2019,10,12,5,1,0.1114465408805031,0.5706654279410057,0.0306436004423889
2019-10-12,81,0.9487936699641888,0.0206185567010309,0.0,0.0,1.0,0.3129870023169069,1652,1988,2019,10,12,5,1,0.1134591194968553,0.57252351643247,0.0319349487231047
2019-10-12,85,0.9487936699641888,0.0181108943995541,0.0,0.0,1.0,0.3129870023169069,1653,46,2019,10,12,5,1,0.109937106918239,0.5727557774939032,0.037983234466117
2019-10-12,87,0.8614475960429735,0.9955419336862636,1.0,0.0,1.0,0.3129870023169069,1654,980,2019,10,12,5,1,0.9911949685534592,0.9839739867611196,0.2098362406997788
2019-10-13,82,0.8614475960429735,0.0211758149902479,0.0,0.0,1.0,0.3129870023169069,1655,1703,2019,10,13,6,1,0.9906918238993712,0.9861804668447336,0.0382817212949929
2019-10-13,83,0.8614475960429735,0.0197826692672053,0.0,0.0,1.0,0.3129870023169069,1656,1066,2019,10,13,6,1,0.9914465408805032,0.9875740332133318,0.0334556605670621
2019-10-13,84,0.8614475960429735,0.0125383115073836,0.0,0.0,1.0,0.3129870023169069,1657,2045,2019,10,13,6,1,0.987421383647799,0.9851352920682848,0.0307849889402774
2019-10-13,81,0.8614475960429735,0.021733073279465,0.0,0.0,1.0,0.3129870023169069,1658,982,2019,10,13,6,1,0.9844025157232708,0.9862965973754498,0.032180022119445
2019-10-13,85,0.8614475960429735,0.0220117024240735,0.0,0.0,1.0,0.3129870023169069,1659,624,2019,10,13,6,1,0.9856603773584908,0.9874579026826154,0.038231449829077
2019-10-13,8,0.838922808073661,0.011145165784341,0.0,0.0,1.0,0.3129870023169069,1660,408,2019,10,13,6,1,0.97937106918239,0.9833933341075368,0.0001131107983108
2019-10-14,82,0.838922808073661,0.0208971858456394,0.0,0.0,1.0,0.3129870023169069,1661,41,2019,10,14,0,0,0.0993710691823899,0.983857856230403,0.0385173687914739
2019-10-14,83,0.838922808073661,0.0206185567010309,0.0,0.0,1.0,0.3129870023169069,1662,611,2019,10,14,0,0,0.0988679245283019,0.984090117291836,0.0336881660969233
2019-10-14,84,0.838922808073661,0.0156032320980774,0.0,0.0,1.0,0.3129870023169069,1663,1590,2019,10,14,0,0,0.0950943396226415,0.9844385088839857,0.0309609390709833
2019-10-14,81,0.1610771919263389,0.0100306492059069,0.0,0.0,1.0,0.3129870023169069,1664,398,2019,10,14,0,0,0.0928301886792453,0.9790965044710254,0.0322931329177558
2019-10-14,85,0.838922808073661,0.0245193647255502,0.0,0.0,1.0,0.3129870023169069,1665,496,2019,10,14,0,0,0.0953459119496855,0.9817675066775056,0.0385079428916147
2019-10-15,80,0.8848233093313611,0.0183895235441627,0.0,0.0,1.0,0.3129870023169069,1666,1952,2019,10,15,1,0,0.0920754716981132,0.5754267797003834,0.7864248190227228
2019-10-15,82,0.8848233093313611,0.0158818612426859,0.0,0.0,1.0,0.3129870023169069,1667,1511,2019,10,15,1,0,0.0963522012578616,0.5732202996167692,0.0386964608887995
2019-10-15,83,0.8848233093313611,0.0189467818333797,0.0,0.0,1.0,0.3129870023169069,1668,1962,2019,10,15,1,0,0.0945911949685534,0.5747299965160841,0.0339018198270661
2025-03-15,87,0.8848233093313611,0.0178322652549456,0.0,0.0,1.0,0.3129870023169069,1669,2061,2025,3,15,5,1,0.0920754716981132,0.5724073859017536,0.2100373265634426
2019-10-15,81,0.8848233093313611,0.0197826692672053,0.0,0.0,1.0,0.3129870023169069,1670,1101,2019,10,15,1,0,0.0958490566037736,0.5749622575775173,0.0325162125477579
2019-10-15,85,0.8848233093313611,0.0186681526887712,0.0,0.0,1.0,0.3129870023169069,1671,2051,2019,10,15,1,0,0.1036477987421383,0.5761235628846824,0.0387184546551377
2019-10-16,80,0.9079987960263844,0.9980495959877403,1.0,0.0,1.0,0.3129870023169069,1672,1875,2019,10,16,2,0,0.9826415094339624,0.98362559516897,0.7976793434546552
2019-10-16,82,0.9079987960263844,0.016439119531903,0.0,0.0,1.0,0.3129870023169069,1673,1577,2019,10,16,2,0,0.9808805031446542,0.979212635001742,0.0388818369193645
2019-10-16,83,0.9079987960263844,0.0245193647255502,0.0,0.0,1.0,0.3129870023169069,1674,253,2019,10,16,2,0,0.9886792452830192,0.983857856230403,0.0341783128896038
2019-10-16,84,0.9079987960263844,0.0267483978824185,0.0,0.0,1.0,0.3129870023169069,1675,1364,2019,10,16,2,0,0.995723270440252,0.9873417721518988,0.0312625678664789
2019-10-16,81,0.9079987960263844,0.0206185567010309,0.0,0.0,1.0,0.3129870023169069,1676,1490,2019,10,16,2,0,0.998238993710692,0.986761119498316,0.0327487180776191
2019-10-16,85,0.9079987960263844,0.021733073279465,0.0,0.0,1.0,0.3129870023169069,1677,73,2019,10,16,2,0,1.0,0.9876901637440484,0.0389635280514779
2019-10-17,80,0.9755230781508322,0.0186681526887712,0.0,0.0,1.0,0.3129870023169069,1678,205,2019,10,17,3,0,1.0,0.9864127279061664,0.7978898552181782
2019-10-17,82,0.9755230781508322,0.0256338813039843,0.0,0.0,1.0,0.3129870023169069,1679,1778,2019,10,17,3,0,0.1220125786163522,0.9891998606433632,0.0391708978483812
2019-10-17,83,0.9755230781508322,0.0181108943995541,0.0,0.0,1.0,0.3129870023169069,1680,1229,2019,10,17,3,0,0.1235220125786163,0.9896643827662291,0.0343825407198873
2019-10-17,84,0.9755230781508322,0.0161604903872945,0.0,0.0,1.0,0.3129870023169069,1681,1790,2019,10,17,3,0,0.1159748427672956,0.9859482057833004,0.0314448019304242
2019-10-17,9,0.9755230781508322,0.0172750069657286,0.0,0.0,1.0,0.3129870023169069,1682,453,2019,10,17,3,0,0.1074213836477987,0.984554639414702,0.0001822340639453
2019-10-17,85,0.9755230781508322,0.0200612984118138,0.0,0.0,1.0,0.3129870023169069,1683,279,2019,10,17,3,0,0.1069182389937107,0.9853675531297176,0.0391897496480997
2019-10-17,87,0.09745720269675,0.011702424073558,0.0,0.0,1.0,0.3129870023169069,1684,286,2019,10,17,3,0,0.0978616352201258,0.5753106491696667,0.2101692891614719
2019-10-18,82,0.90254279730325,0.0239621064363332,0.0,0.0,1.0,0.3129870023169069,1685,344,2019,10,18,4,0,0.1026415094339622,0.576471954476832,0.0394411069776794
2019-10-18,83,0.90254279730325,0.0192254109779883,0.0,0.0,1.0,0.3129870023169069,1686,1628,2019,10,18,4,0,0.0968553459119497,0.5762396934153988,0.0345993364166499
2019-10-18,84,0.90254279730325,0.0175536361103371,0.0,0.0,1.0,0.3129870023169069,1687,1381,2019,10,18,4,0,0.0963522012578616,0.5783300429682963,0.0316427458274683
2019-10-18,81,0.90254279730325,0.0158818612426859,0.0,0.0,1.0,0.3129870023169069,1688,715,2019,10,18,4,0,0.0961006289308176,0.5758913018232494,0.0329278101749447
2019-10-18,85,0.90254279730325,0.0231262190025076,0.0,0.0,1.0,0.3129870023169069,1689,35,2019,10,18,4,0,0.1013836477987421,0.5763558239461155,0.0394505328775387
2019-10-19,80,0.8765141696258067,0.993591529674004,1.0,0.0,1.0,0.3129870023169069,1690,1127,2019,10,19,5,1,0.9803773584905662,0.9858320752525838,0.8090941081841947
2019-10-19,82,0.8765141696258067,0.0211758149902479,0.0,0.0,1.0,0.3129870023169069,1691,801,2019,10,19,5,1,0.9889308176100632,0.9859482057833004,0.0396798964407802
2019-10-19,83,0.8765141696258067,0.0181108943995541,0.0,0.0,1.0,0.3129870023169069,1692,1509,2019,10,19,5,1,0.9836477987421386,0.9849030310068516,0.0348035642469334
2019-10-19,84,0.8765141696258067,0.0142100863750348,0.0,0.0,1.0,0.3129870023169069,1693,1728,2019,10,19,5,1,0.9791194968553462,0.9843223783532692,0.0318029861250754
2025-03-15,81,0.8765141696258067,0.0236834772917247,0.0,0.0,1.0,0.3129870023169069,1694,1121,2025,3,15,5,1,0.9846540880503144,0.9900127743583786,0.0331948773376231
2019-10-19,85,0.8765141696258067,0.016439119531903,0.0,0.0,1.0,0.3129870023169069,1695,1036,2019,10,19,5,1,0.9851572327044028,0.9866449889675996,0.0396359089081037
2019-10-20,80,0.938282113137074,0.0175536361103371,0.0,0.0,1.0,0.3129870023169069,1696,2100,2019,10,20,6,1,0.9801257861635222,0.9862965973754498,0.8092920520812388
2019-10-20,82,0.938282113137074,0.0208971858456394,0.0,0.0,1.0,0.3129870023169069,1697,538,2019,10,20,6,1,0.1018867924528302,0.9883869469283476,0.0399155439372612
2019-10-20,83,0.938282113137074,0.0156032320980774,0.0,0.0,1.0,0.3129870023169069,1698,1262,2019,10,20,6,1,0.0968553459119497,0.9869933805597492,0.0349795143776392
2019-10-20,87,0.938282113137074,0.0175536361103371,0.0,0.0,1.0,0.3129870023169069,1699,112,2019,10,20,6,1,0.0963522012578616,0.9868772500290326,0.2103672330585159
2019-10-20,81,0.938282113137074,0.0197826692672053,0.0,0.0,1.0,0.3129870023169069,1700,999,2019,10,20,6,1,0.1013836477987421,0.9868772500290326,0.0334179569676251
2019-10-20,85,0.938282113137074,0.0225689607132906,0.0,0.0,1.0,0.3129870023169069,1701,56,2019,10,20,6,1,0.100377358490566,0.988503077459064,0.0398904082043032
2019-10-21,80,0.8426268869427302,0.0206185567010309,0.0,0.0,1.0,0.3129870023169069,1702,2079,2019,10,21,0,0,0.1041509433962264,0.5811171757054929,0.8095245576111
2019-10-21,82,0.8426268869427302,0.0211758149902479,0.0,0.0,1.0,0.3129870023169069,1703,2007,2019,10,21,0,0,0.1074213836477987,0.5830913947276739,0.0401543334003619
2019-10-21,86,0.1573731130572698,0.0130955697966007,0.0,0.0,1.0,0.3129870023169069,1704,2078,2019,10,21,0,0,0.100377358490566,0.5783300429682963,0.0009488739191634
2019-10-21,84,0.8426268869427302,0.022290331568682,0.0,0.0,1.0,0.3129870023169069,1705,407,2019,10,21,0,0,0.1064150943396226,0.576471954476832,0.0320543434546551
2019-10-21,81,0.8426268869427302,0.0161604903872945,0.0,0.0,1.0,0.3129870023169069,1706,855,2019,10,21,0,0,0.1051572327044025,0.5746138659853675,0.0336001910315704
2019-10-21,85,0.8426268869427302,0.0186681526887712,0.0,0.0,1.0,0.3129870023169069,1707,1445,2019,10,21,0,0,0.1041509433962264,0.5733364301474859,0.0401009199678262
2019-10-22,80,0.8658524302860946,0.9955419336862636,1.0,0.0,1.0,0.3129870023169069,1708,2047,2019,10,22,1,0,0.9826415094339624,0.9804900708396238,0.8207508043434547
2019-10-22,82,0.8658524302860946,0.0195040401225968,0.0,0.0,1.0,0.3129870023169069,1709,1937,2019,10,22,1,0,0.9816352201257864,0.97793519916386,0.0403742710637442
2019-10-22,83,0.8658524302860946,0.01699637782112,0.0,0.0,1.0,0.3129870023169069,1710,549,2019,10,22,1,0,0.977861635220126,0.977470677040994,0.0351711743414438
2019-10-22,84,0.8658524302860946,0.0186681526887712,0.0,0.0,1.0,0.3129870023169069,1711,591,2019,10,22,1,0,0.9828930817610064,0.9785158518174428,0.0322648552181781
2019-10-22,81,0.8658524302860946,0.0181108943995541,0.0,0.0,1.0,0.3129870023169069,1712,1498,2019,10,22,1,0,0.9791194968553462,0.9788642434095924,0.033804418861854
2019-10-22,85,0.8658524302860946,0.0211758149902479,0.0,0.0,1.0,0.3129870023169069,1713,494,2019,10,22,1,0,0.9836477987421386,0.9793287655324584,0.040339709430927
2019-10-22,87,0.8439783787452158,0.0178322652549456,0.0,0.0,1.0,0.3129870023169069,1714,50,2019,10,22,1,0,0.9828930817610064,0.981883637208222,0.2105683189221797
2019-10-23,82,0.8439783787452158,0.0103092783505154,0.0,0.0,1.0,0.3129870023169069,1715,717,2019,10,23,2,0,0.0933333333333333,0.9761932412031122,0.0404905238286748
2019-10-23,83,0.8439783787452158,0.0183895235441627,0.0,0.0,1.0,0.3129870023169069,1716,678,2019,10,23,2,0,0.0923270440251572,0.9758448496109626,0.035378544138347
2019-10-23,84,0.8439783787452158,0.0172750069657286,0.0,0.0,1.0,0.3129870023169069,1717,1451,2019,10,23,2,0,0.0925786163522012,0.9757287190802462,0.0324596571486024
2019-10-23,81,0.8439783787452158,0.0192254109779883,0.0,0.0,1.0,0.3129870023169069,1718,2033,2019,10,23,2,0,0.0930817610062893,0.9771222854488444,0.0340212145586165
2025-03-15,85,0.8439783787452158,0.0208971858456394,0.0,0.0,1.0,0.3129870023169069,1719,30,2025,3,15,5,1,0.0955974842767295,0.9761932412031122,0.040575356927408
2019-10-24,80,0.9233656969316896,0.0186681526887712,0.0,0.0,1.0,0.3129870023169069,1720,565,2019,10,24,3,0,0.0933333333333333,0.56985251422599,0.8209613161069778
2019-10-24,82,0.9233656969316896,0.0186681526887712,0.0,0.0,1.0,0.3129870023169069,1721,1280,2019,10,24,3,0,0.0940880503144654,0.5688073394495412,0.0407010355921978
2019-10-24,83,0.9233656969316896,0.0228475898578991,0.0,0.0,1.0,0.3129870023169069,1722,1506,2019,10,24,3,0,0.1054088050314465,0.5707815584717222,0.0356361854011663
2019-10-24,84,0.9233656969316896,0.0186681526887712,0.0,0.0,1.0,0.3129870023169069,1723,1298,2019,10,24,3,0,0.1056603773584906,0.5726396469631867,0.0326701689121254
2019-10-24,81,0.0766343030683103,0.0089161326274728,0.0,0.0,1.0,0.3129870023169069,1724,113,2019,10,24,3,0,0.0981132075471698,0.5664847288352108,0.0341217574904484
2019-10-24,85,0.9233656969316896,0.0200612984118138,0.0,0.0,1.0,0.3129870023169069,1725,1715,2019,10,24,3,0,0.0988679245283019,0.5679944257345257,0.0408015785240297
2019-10-24,10,0.9712183320692448,0.9949846753970466,1.0,0.0,1.0,0.3129870023169069,1726,477,2019,10,24,3,0,0.978364779874214,0.9753803274880966,0.0112073949326362
2019-10-25,82,0.9712183320692448,0.0189467818333797,0.0,0.0,1.0,0.3129870023169069,1727,854,2019,10,25,4,0,0.978616352201258,0.9745674137730808,0.0409146893223406
2019-10-25,83,0.9712183320692448,0.0239621064363332,0.0,0.0,1.0,0.3129870023169069,1728,1425,2019,10,25,4,0,0.9833962264150946,0.9780513296945764,0.0359063945304645
2019-10-25,87,0.9712183320692448,0.0167177486765115,0.0,0.0,1.0,0.3129870023169069,1729,497,2019,10,25,4,0,0.977861635220126,0.9777029381024273,0.2107568369193645
2019-10-25,81,0.9712183320692448,0.0200612984118138,0.0,0.0,1.0,0.3129870023169069,1730,361,2019,10,25,4,0,0.9791194968553462,0.9778190686331436,0.0343479790870701
2019-10-25,85,0.9712183320692448,0.0253552521593758,0.0,0.0,1.0,0.3129870023169069,1731,1704,2019,10,25,4,0,0.9939622641509436,0.9789803739403088,0.0410874974864267
2019-10-26,80,0.9443387665051524,0.0192254109779883,0.0,0.0,1.0,0.3129870023169069,1732,541,2019,10,26,5,1,0.9932075471698116,0.978399721286726,0.8211781118037402
2019-10-26,82,0.9443387665051524,0.0228475898578991,0.0,0.0,1.0,0.3129870023169069,1733,1183,2019,10,26,5,1,0.1154716981132075,0.9790965044710254,0.0411723305851598
2019-10-26,83,0.9443387665051524,0.0189467818333797,0.0,0.0,1.0,0.3129870023169069,1734,348,2019,10,26,5,1,0.1154716981132075,0.9815352456160724,0.0361200482606072
2019-10-26,84,0.9443387665051524,0.0167177486765115,0.0,0.0,1.0,0.3129870023169069,1735,1923,2019,10,26,5,1,0.1089308176100629,0.979212635001742,0.0328586869093102
2019-10-26,81,0.9443387665051524,0.0192254109779883,0.0,0.0,1.0,0.3129870023169069,1736,775,2019,10,26,5,1,0.1111949685534591,0.9804900708396238,0.0345647747838327
2019-10-26,85,0.9443387665051524,0.0183895235441627,0.0,0.0,1.0,0.3129870023169069,1737,1843,2019,10,26,5,1,0.1096855345911949,0.9803739403089072,0.0412948672833299
2019-10-27,80,0.9547001659548184,0.0211758149902479,0.0,0.0,1.0,0.3129870023169069,1738,277,2019,10,27,6,1,0.1059119496855346,0.5742654743932181,0.821416901266841
2019-10-27,82,0.9547001659548184,0.0178322652549456,0.0,0.0,1.0,0.3129870023169069,1739,1375,2019,10,27,6,1,0.1046540880503144,0.5735686912089188,0.0413734164488236
2019-10-27,83,0.9547001659548184,0.0211758149902479,0.0,0.0,1.0,0.3129870023169069,1740,377,2019,10,27,6,1,0.1031446540880503,0.5753106491696667,0.036358837723708
2019-10-27,84,0.9547001659548184,0.0175536361103371,0.0,0.0,1.0,0.3129870023169069,1741,1201,2019,10,27,6,1,0.1018867924528302,0.5748461270468006,0.0330566308063543
2019-10-27,81,0.9547001659548184,0.021733073279465,0.0,0.0,1.0,0.3129870023169069,1742,736,2019,10,27,6,1,0.1064150943396226,0.5763558239461155,0.0348098481801729
2019-10-27,85,0.9547001659548184,0.0197826692672053,0.0,0.0,1.0,0.3129870023169069,1743,1160,2019,10,27,6,1,0.1069182389937107,0.5757751712925328,0.0415179469133319
2025-03-15,87,0.0,0.9849540261911396,1.0,0.0,1.0,0.3129870023169069,1744,1093,2025,3,15,5,1,0.979622641509434,0.9788642434095924,0.2218636889201689
2019-10-28,82,1.0,0.016439119531903,0.0,0.0,1.0,0.3129870023169069,1745,1397,2019,10,28,0,0,0.9753459119496856,0.981419115085356,0.0415587924793887
2019-10-28,83,1.0,0.0256338813039843,0.0,0.0,1.0,0.3129870023169069,1746,1816,2019,10,28,0,0,0.9823899371069184,0.9844385088839857,0.0366478986527247
2019-10-28,84,1.0,0.0214544441348565,0.0,0.0,1.0,0.3129870023169069,1747,1334,2019,10,28,0,0,0.9826415094339624,0.9861804668447336,0.0332985622360748
2019-10-28,11,1.0,0.0175536361103371,0.0,0.0,1.0,0.3129870023169069,1748,968,2019,10,28,0,0,0.9826415094339624,0.9854836836604344,0.000185376030565
2019-10-28,85,1.0,0.0220117024240735,0.0,0.0,1.0,0.3129870023169069,1749,1063,2019,10,28,0,0,0.9828930817610064,0.9859482057833004,0.0417661622762919
2019-10-29,80,0.9977475262300984,0.0211758149902479,0.0,0.0,1.0,0.3129870023169069,1750,1222,2019,10,29,1,0,0.9841509433962266,0.9869933805597492,0.8216556907299417
2019-10-29,82,0.9977475262300984,0.0181108943995541,0.0,0.0,1.0,0.3129870023169069,1751,255,2019,10,29,1,0,0.1111949685534591,0.986761119498316,0.0417630203096722
2019-10-29,83,0.9977475262300984,0.0192254109779883,0.0,0.0,1.0,0.3129870023169069,1752,2034,2019,10,29,1,0,0.1137106918238994,0.9852514225990014,0.0368646943494872
2019-10-29,84,0.9977475262300984,0.0189467818333797,0.0,0.0,1.0,0.3129870023169069,1753,198,2019,10,29,1,0,0.1076729559748427,0.9853675531297176,0.0335122159662175
2019-10-29,81,0.9977475262300984,0.0234048481471161,0.0,0.0,1.0,0.3129870023169069,1754,145,2019,10,29,1,0,0.1094339622641509,0.9914063407269772,0.0350737733762316
2019-10-29,85,0.9977475262300984,0.0175536361103371,0.0,0.0,1.0,0.3129870023169069,1755,1096,2019,10,29,1,0,0.1094339622641509,0.9903611659505284,0.041964106173336
2019-10-30,80,0.9010912047716566,0.0195040401225968,0.0,0.0,1.0,0.3129870023169069,1756,1545,2019,10,30,2,0,0.1071698113207547,0.5837881779119731,0.821875628393324
2019-10-30,82,0.9010912047716566,0.0203399275564224,0.0,0.0,1.0,0.3129870023169069,1757,1879,2019,10,30,2,0,0.1064150943396226,0.5843688305655557,0.0419923838729137
2019-10-30,83,0.9010912047716566,0.0158818612426859,0.0,0.0,1.0,0.3129870023169069,1758,304,2019,10,30,2,0,0.1044025157232704,0.5810010451747765,0.0370437864468127
2019-10-30,87,0.9010912047716566,0.0158818612426859,0.0,0.0,1.0,0.3129870023169069,1759,371,2019,10,30,2,0,0.1013836477987421,0.5806526535826269,0.2220427810174944
2019-10-30,81,0.9010912047716566,0.0234048481471161,0.0,0.0,1.0,0.3129870023169069,1760,1059,2019,10,30,2,0,0.1054088050314465,0.5820462199512253,0.0353376985722903
2019-10-30,85,0.9010912047716566,0.0234048481471161,0.0,0.0,1.0,0.3129870023169069,1761,734,2019,10,30,2,0,0.1054088050314465,0.5812333062362096,0.0422280313693947
2019-10-31,80,0.8449794740093138,0.9877403176372248,1.0,0.0,1.0,0.3129870023169069,1762,1240,2019,10,31,3,0,0.9813836477987422,0.9849030310068516,0.8330139000603258
2019-10-31,82,0.8449794740093138,0.0158818612426859,0.0,0.0,1.0,0.3129870023169069,1763,534,2019,10,31,3,0,0.97811320754717,0.9819997677389388,0.0421714759702393
2019-10-31,83,0.1550205259906861,0.0072443577598216,0.0,0.0,1.0,0.3129870023169069,1764,376,2019,10,31,3,0,0.9662893081761008,0.9771222854488444,0.0371254775789262
2019-10-31,84,0.8449794740093138,0.0153246029534689,0.0,0.0,1.0,0.3129870023169069,1765,1215,2019,10,31,3,0,0.9657861635220129,0.9765416327952618,0.0336850241303036
2019-10-31,81,0.8449794740093138,0.0186681526887712,0.0,0.0,1.0,0.3129870023169069,1766,712,2019,10,31,3,0,0.9683018867924528,0.9763093717338288,0.0355482103358133
2019-10-31,85,0.8449794740093138,0.016439119531903,0.0,0.0,1.0,0.3129870023169069,1767,1078,2019,10,31,3,0,0.9620125786163524,0.9754964580188132,0.0424134073999597
2019-11-01,80,0.9331264417364116,0.0039008080245193,0.0,0.0,0.0,0.6741011715989944,1768,613,2019,11,1,4,0,0.9444025157232704,0.9682963651143884,0.8330578875930023
2025-03-15,82,0.9331264417364116,0.0066870994706046,0.0,0.0,0.0,0.6741011715989944,1769,1388,2025,3,15,5,1,0.0586163522012578,0.9636511438857274,0.0422468831691132
2025-03-15,13,0.9331264417364116,0.0047366954583449,0.0,0.0,0.0,0.6741011715989944,1770,173,2025,3,15,5,1,0.0485534591194968,0.9567994425734524,4.084556605670621e-05
2019-11-01,84,0.9331264417364116,0.0103092783505154,0.0,0.0,0.0,0.6741011715989944,1771,1518,2019,11,1,4,0,0.0513207547169811,0.9537800487748228,0.0338012768952342
2019-11-01,81,0.9331264417364116,0.0075229869044302,0.0,0.0,0.0,0.6741011715989944,1772,1762,2019,11,1,4,0,0.0442767295597484,0.9478573917082802,0.0356330434345465
2019-11-01,85,0.9331264417364116,0.0008358874338255,0.0,0.0,0.0,0.6741011715989944,1773,1220,2019,11,1,4,0,0.0281761006289308,0.9399605156195564,0.042422833299819
2019-11-01,87,0.9854840244137698,0.0016717748676511,0.0,0.0,0.0,0.6741011715989944,1774,899,2019,11,1,4,0,0.0148427672955974,0.5301358727209384,0.2220616328172129
2019-11-02,82,0.9854840244137698,0.0030649205906937,0.0,0.0,0.0,0.6741011715989944,1775,673,2019,11,2,5,1,0.0140880503144654,0.5245616072465451,0.0422814448019304
2019-11-02,83,0.9854840244137698,0.0083588743382557,0.0,0.0,0.0,0.6741011715989944,1776,663,2019,11,2,5,1,0.0155974842767295,0.5173615143421204,0.0372197365775186
2019-11-02,84,0.9854840244137698,0.0050153246029534,0.0,0.0,0.0,0.6741011715989944,1777,172,2019,11,2,5,1,0.0158490566037735,0.5105098130298455,0.0338578322943897
2019-11-02,81,0.9854840244137698,0.0094733909166898,0.0,0.0,0.0,0.6741011715989944,1778,1727,2019,11,2,5,1,0.0150943396226415,0.5071420276390664,0.0357398702996179
2019-11-02,85,0.9854840244137698,0.0080802451936472,0.0,0.0,0.0,0.6741011715989944,1779,1529,2019,11,2,5,1,0.0155974842767295,0.5013355011032401,0.0425139503317916
2019-11-03,80,0.8222044279334446,0.977709668431318,1.0,0.0,0.0,0.6741011715989944,1780,100,2019,11,3,6,1,0.8976100628930819,0.9000116130530718,0.8440830484616932
2019-11-03,82,0.8222044279334446,0.0033435497353023,0.0,0.0,0.0,0.6741011715989944,1781,994,2019,11,3,6,1,0.8991194968553461,0.8938566949250959,0.0423191484013673
2019-11-03,83,0.8222044279334446,0.0022290331568682,0.0,0.0,0.0,0.6741011715989944,1782,702,2019,11,3,6,1,0.8983647798742139,0.8867727325513877,0.0372448723104765
2019-11-03,84,0.8222044279334446,0.0072443577598216,0.0,0.0,0.0,0.6741011715989944,1783,60,2019,11,3,6,1,0.8973584905660379,0.8818952502612938,0.0339395234265031
2019-11-03,85,0.8222044279334446,0.0036221788799108,0.0,0.0,0.0,0.6741011715989944,1784,53,2019,11,3,6,1,0.8961006289308177,0.8736499825804205,0.0425547958978483
2019-11-04,80,0.8620983073362587,0.0016717748676511,0.0,0.0,0.0,0.6741011715989944,1785,948,2019,11,4,0,0,0.889056603773585,0.8670305423295785,0.8441019002614116
2019-11-04,82,0.8620983073362587,0.0061298411813875,0.0,0.0,0.0,0.6741011715989944,1786,786,2019,11,4,0,0,0.8872955974842768,0.8614562768551852,0.0423882716670018
2019-11-04,83,0.8620983073362587,0.0022290331568682,0.0,0.0,0.0,0.6741011715989944,1787,1443,2019,11,4,0,0,0.0065408805031446,0.8539077923586111,0.0372700080434345
2019-11-04,87,0.8620983073362587,0.006408470325996,0.0,0.0,0.0,0.6741011715989944,1788,1088,2019,11,4,0,0,0.0093081761006289,0.8499593543142492,0.2221338980494671
2019-11-04,81,0.8620983073362587,0.0002786291446085,0.0,0.0,0.0,0.6741011715989944,1789,79,2019,11,4,0,0,0.0075471698113207,0.8434560445941237,0.0357430122662376
2019-11-04,85,0.8620983073362587,0.0072443577598216,0.0,0.0,0.0,0.6741011715989944,1790,1504,2019,11,4,0,0,0.0075471698113207,0.8367204738125653,0.0426364870299618
2019-11-04,19,0.9042947171573152,0.0094733909166898,0.0,0.0,0.0,0.6741011715989944,1791,896,2019,11,4,0,0,0.0128301886792452,0.8309139472767391,9.425899859239896e-05
2019-11-05,82,0.9042947171573152,0.0055725828921705,0.0,0.0,0.0,0.6741011715989944,1792,2113,2019,11,5,1,0,0.0163522012578616,0.4215538265009871,0.0424511109993967
2025-03-15,83,0.9042947171573152,0.0013931457230426,0.0,0.0,0.0,0.6741011715989944,1793,104,2025,3,15,5,1,0.0120754716981132,0.4155150389037278,0.0372857178765332
2019-11-05,84,0.9042947171573152,0.0072443577598216,0.0,0.0,0.0,0.6741011715989944,1794,310,2019,11,5,1,0,0.0166037735849056,0.4155150389037278,0.0340212145586165
2019-11-05,81,0.9042947171573152,0.0050153246029534,0.0,0.0,0.0,0.6741011715989944,1795,1163,2019,11,5,1,0,0.0153459119496855,0.4112182092672164,0.0357995676653931
2019-11-05,85,0.9042947171573152,0.0033435497353023,0.0,0.0,0.0,0.6741011715989944,1796,332,2019,11,5,1,0,0.0181132075471698,0.4048310300778074,0.0426741906293987
2019-11-06,80,0.8824206656164364,0.9763165227082754,1.0,0.0,0.0,0.6741011715989944,1797,1696,2019,11,6,2,0,0.8930817610062894,0.8049007083962374,0.8551113512970039
2019-11-06,82,0.8824206656164364,0.0047366954583449,0.0,0.0,0.0,0.6741011715989944,1798,724,2019,11,6,2,0,0.888805031446541,0.805249099988387,0.0425045244319324
2019-11-06,83,0.8824206656164364,0.0016717748676511,0.0,0.0,0.0,0.6741011715989944,1799,2075,2019,11,6,2,0,0.8852830188679246,0.8031587504354896,0.0373045696762517
2019-11-06,84,0.8824206656164364,0.0036221788799108,0.0,0.0,0.0,0.6741011715989944,1800,410,2019,11,6,2,0,0.8872955974842768,0.8026942283126235,0.0340620601246732
2019-11-06,81,0.8824206656164364,0.0066870994706046,0.0,0.0,0.0,0.6741011715989944,1801,519,2019,11,6,2,0,0.8867924528301888,0.8011845314133086,0.035874974864267
2019-11-06,85,0.8824206656164364,0.0061298411813875,0.0,0.0,0.0,0.6741011715989944,1802,2005,2019,11,6,2,0,0.887798742138365,0.800603878759726,0.0427433138950331
2019-11-07,82,0.913705077991224,0.0072443577598216,0.0,0.0,0.0,0.6741011715989944,1803,1825,2019,11,7,3,0,0.8913207547169812,0.803274880966206,0.0425862155640458
2019-11-07,83,0.913705077991224,0.0016717748676511,0.0,0.0,0.0,0.6741011715989944,1804,117,2019,11,7,3,0,0.0113207547169811,0.803274880966206,0.0373234214759702
2019-11-07,84,0.913705077991224,0.0083588743382557,0.0,0.0,0.0,0.6741011715989944,1805,290,2019,11,7,3,0,0.0145911949685534,0.8054813610498202,0.0341563191232656
2019-11-07,81,0.913705077991224,0.0019504040122596,0.0,0.0,0.0,0.6741011715989944,1806,1433,2019,11,7,3,0,0.0148427672955974,0.80281035884334,0.0358969686306052
2019-11-07,85,0.913705077991224,0.0050153246029534,0.0,0.0,0.0,0.6741011715989944,1807,381,2019,11,7,3,0,0.0161006289308176,0.80281035884334,0.0427998692941886
2019-11-08,80,0.8722094235442193,0.0027862914460852,0.0,0.0,0.0,0.6741011715989944,1808,1087,2019,11,8,4,0,0.0125786163522012,0.8000232261061433,0.8551427709632013
2019-11-08,82,0.8722094235442193,0.0022290331568682,0.0,0.0,0.0,0.6741011715989944,1809,1393,2019,11,8,4,0,0.0090566037735849,0.7975844849610962,0.0426113512970038
2019-11-08,83,0.8722094235442193,0.0036221788799108,0.0,0.0,0.0,0.6741011715989944,1810,324,2019,11,8,4,0,0.0057861635220125,0.3915921495761235,0.0373642670420269
2019-11-08,84,0.8722094235442193,0.0,0.0,0.0,0.0,0.6741011715989944,1811,250,2019,11,8,4,0,0.0042767295597484,0.3901985832075252,0.0341563191232656
2019-11-08,86,0.8722094235442193,0.0069657286152131,0.0,0.0,0.0,0.6741011715989944,1812,1041,2019,11,8,4,0,0.0030188679245282,0.3921728022297062,0.0010274230846571
2019-11-08,85,0.8722094235442193,0.0086375034828643,0.0,0.0,0.0,0.6741011715989944,1813,784,2019,11,8,4,0,0.0090566037735849,0.3927534548832888,0.0428972702594007
2019-11-09,80,0.8030333348623881,0.9791028141543606,1.0,0.0,0.0,0.6741011715989944,1814,2015,2019,11,9,5,1,0.888553459119497,0.7993264429218441,0.866183641664991
2019-11-09,82,0.8030333348623881,0.0041794371691278,0.0,0.0,0.0,0.6741011715989944,1815,812,2019,11,9,5,1,0.889811320754717,0.8003716176982929,0.0426584807963
2019-11-09,83,0.8030333348623881,0.0002786291446085,0.0,0.0,0.0,0.6741011715989944,1816,920,2019,11,9,5,1,0.8880503144654088,0.7979328765532459,0.0373674090086467
2019-11-09,81,0.8030333348623881,0.0047366954583449,0.0,0.0,0.0,0.6741011715989944,1817,1853,2019,11,9,5,1,0.889056603773585,0.7989780513296947,0.0359503820631409
2019-11-09,85,0.8030333348623881,0.006408470325996,0.0,0.0,0.0,0.6741011715989944,1818,254,2019,11,9,5,1,0.8948427672955976,0.7989780513296947,0.0429695354916549
2019-11-10,80,0.8901791947578135,0.0052939537475619,0.0,0.0,0.0,0.6741011715989944,1819,1112,2019,11,10,6,1,0.8933333333333334,0.8010684008825921,0.8662433390307662
2019-11-10,82,0.8901791947578135,0.0061298411813875,0.0,0.0,0.0,0.6741011715989944,1820,849,2019,11,10,6,1,0.8910691823899373,0.800603878759726,0.0427276040619344
2019-11-10,84,0.8901791947578135,0.0044580663137364,0.0,0.0,0.0,0.6741011715989944,1821,440,2019,11,10,6,1,0.0110691823899371,0.7985135292068286,0.0342065905891815
2019-11-10,81,0.8901791947578135,0.0091947617720813,0.0,0.0,0.0,0.6741011715989944,1822,27,2019,11,10,6,1,0.0155974842767295,0.8000232261061433,0.0360540669615926
2019-11-10,85,0.8901791947578135,0.0019504040122596,0.0,0.0,0.0,0.6741011715989944,1823,199,2019,11,10,6,1,0.0171069182389937,0.8002554871675764,0.0429915292579931
2019-11-11,80,0.9740714730516646,0.0036221788799108,0.0,0.0,0.0,0.6741011715989944,1824,880,2019,11,11,0,0,0.0161006289308176,0.7987457902682615,0.8662841845968229
2019-11-11,82,0.9740714730516646,0.0061298411813875,0.0,0.0,0.0,0.6741011715989944,1825,162,2019,11,11,0,0,0.0158490566037735,0.7992103123911276,0.0427967273275688
2019-11-11,83,0.9740714730516646,0.0052939537475619,0.0,0.0,0.0,0.6741011715989944,1826,1999,2019,11,11,0,0,0.0158490566037735,0.8000232261061433,0.0374271063744218
2019-11-11,84,0.9740714730516646,0.0125383115073836,0.0,0.0,0.0,0.6741011715989944,1827,1432,2019,11,11,0,0,0.0216352201257861,0.398327720357682,0.0343479790870701
2019-11-11,81,0.9740714730516646,0.0103092783505154,0.0,0.0,0.0,0.6741011715989944,1828,1242,2019,11,11,0,0,0.0269182389937106,0.4006503309720125,0.0361703197265232
2019-11-11,85,0.9740714730516646,0.0083588743382557,0.0,0.0,0.0,0.6741011715989944,1829,1707,2019,11,11,0,0,0.0261635220125786,0.4034374637092091,0.0430857882565855
2019-11-11,87,0.9487936699641888,0.9754806352744498,1.0,0.0,0.0,0.6741011715989944,1830,22,2019,11,11,0,0,0.9051572327044028,0.8085007548484497,0.2331339231852
2019-11-12,82,0.9487936699641888,0.0030649205906937,0.0,0.0,0.0,0.6741011715989944,1831,1818,2019,11,12,1,0,0.9046540880503146,0.8069910579491348,0.042831288960386
2019-11-12,14,0.9487936699641888,0.0036221788799108,0.0,0.0,0.0,0.6741011715989944,1832,2042,2019,11,12,1,0,0.9023899371069184,0.8059458831726862,2.8277699577719688e-05
2019-11-12,84,0.9487936699641888,0.0075229869044302,0.0,0.0,0.0,0.6741011715989944,1833,944,2019,11,12,1,0,0.9044025157232706,0.8060620137034027,0.0344328121858033
2019-11-12,81,0.9487936699641888,0.0025076623014767,0.0,0.0,0.0,0.6741011715989944,1834,608,2019,11,12,1,0,0.8953459119496857,0.8064104052955523,0.0361985974261009
2019-11-12,85,0.9487936699641888,0.0055725828921705,0.0,0.0,0.0,0.6741011715989944,1835,697,2019,11,12,1,0,0.8910691823899373,0.805249099988387,0.0431486275889805
2019-11-13,80,0.8614475960429735,0.0055725828921705,0.0,0.0,0.0,0.6741011715989944,1836,2085,2019,11,13,2,0,0.888553459119497,0.8067587968877019,0.8663470239292178
2019-11-13,82,0.8614475960429735,0.0055725828921705,0.0,0.0,0.0,0.6741011715989944,1837,1046,2019,11,13,2,0,0.0128301886792452,0.8069910579491348,0.042894128292781
2019-11-13,83,0.8614475960429735,0.0055725828921705,0.0,0.0,0.0,0.6741011715989944,1838,356,2019,11,13,2,0,0.0150943396226415,0.8081523632563001,0.0374899457068168
2019-11-13,84,0.8614475960429735,0.0069657286152131,0.0,0.0,0.0,0.6741011715989944,1839,1450,2019,11,13,2,0,0.0181132075471698,0.8101265822784811,0.034511361351297
2019-11-13,85,0.8614475960429735,0.0128169406519921,0.0,0.0,0.0,0.6741011715989944,1840,1365,2019,11,13,2,0,0.0228930817610062,0.8139588897921264,0.0432931580534888
2019-11-14,80,0.838922808073661,0.0036221788799108,0.0,0.0,0.0,0.6741011715989944,1841,864,2019,11,14,3,0,0.0238993710691823,0.8154685866914413,0.8663878694952746
2019-11-14,82,0.838922808073661,0.0044580663137364,0.0,0.0,0.0,0.6741011715989944,1842,424,2019,11,14,3,0,0.0228930817610062,0.8144234119149925,0.0429443997586969
2019-11-14,87,0.838922808073661,0.0041794371691278,0.0,0.0,0.0,0.6741011715989944,1843,23,2019,11,14,3,0,0.0216352201257861,0.8125653234235282,0.2331810526844963
2019-11-14,81,0.838922808073661,0.0025076623014767,0.0,0.0,0.0,0.6741011715989944,1844,2107,2019,11,14,3,0,0.0188679245283018,0.4055278132621066,0.0362268751256786
2019-11-14,85,0.838922808073661,0.0030649205906937,0.0,0.0,0.0,0.6741011715989944,1845,273,2019,11,14,3,0,0.0166037735849056,0.4050632911392405,0.043327719686306
2019-11-15,80,0.8848233093313611,0.9768737809974924,1.0,0.0,0.0,0.6741011715989944,1846,1910,2019,11,15,4,0,0.8923270440251574,0.8121008013006621,0.8774036044641063
2019-11-15,82,0.8848233093313611,0.0016717748676511,0.0,0.0,0.0,0.6741011715989944,1847,91,2019,11,15,4,0,0.8822641509433963,0.8108233654627801,0.0429632515584154
2019-11-15,83,0.8848233093313611,0.0100306492059069,0.0,0.0,0.0,0.6741011715989944,1848,996,2019,11,15,4,0,0.8880503144654088,0.812333062362095,0.0376030565051276
2019-11-15,84,0.8848233093313611,0.0036221788799108,0.0,0.0,0.0,0.6741011715989944,1849,911,2019,11,15,4,0,0.8872955974842768,0.8116362791777958,0.0345522069173537
2019-11-15,81,0.8848233093313611,0.0050153246029534,0.0,0.0,0.0,0.6741011715989944,1850,2002,2019,11,15,4,0,0.8880503144654088,0.8111717570549297,0.0362834305248341
2019-11-15,85,0.8848233093313611,0.0047366954583449,0.0,0.0,0.0,0.6741011715989944,1851,1099,2019,11,15,4,0,0.8900628930817612,0.8112878875856462,0.0433811331188417
2019-11-15,15,0.9079987960263844,0.0025076623014767,0.0,0.0,0.0,0.6741011715989944,1852,18,2019,11,15,4,0,0.889559748427673,0.8085007548484497,1.5709833098733162e-05
2019-11-16,82,0.9079987960263844,0.0097520200612984,0.0,0.0,0.0,0.6741011715989944,1853,373,2019,11,16,5,1,0.0163522012578616,0.8117524097085123,0.0430732203901065
2019-11-16,84,0.9079987960263844,0.0091947617720813,0.0,0.0,0.0,0.6741011715989944,1854,779,2019,11,16,5,1,0.0231446540880503,0.8140750203228428,0.0346558918158053
2019-11-16,81,0.9079987960263844,0.0055725828921705,0.0,0.0,0.0,0.6741011715989944,1855,882,2019,11,16,5,1,0.0191194968553459,0.8138427592614099,0.036346269857229
2019-11-16,85,0.9079987960263844,0.0013931457230426,0.0,0.0,0.0,0.6741011715989944,1856,1887,2019,11,16,5,1,0.0171069182389937,0.8122169318313786,0.0433968429519404
2019-11-17,82,0.9755230781508322,0.0080802451936472,0.0,0.0,0.0,0.6741011715989944,1857,1001,2019,11,17,6,1,0.0198742138364779,0.810358843339914,0.0431643374220792
2019-11-17,83,0.9755230781508322,0.0119810532181666,0.0,0.0,0.0,0.6741011715989944,1858,1933,2019,11,17,6,1,0.0264150943396226,0.8110556265242133,0.0377381610697768
2019-11-17,84,0.9755230781508322,0.0047366954583449,0.0,0.0,0.0,0.6741011715989944,1859,2029,2019,11,17,6,1,0.0284276729559748,0.8095459296248984,0.034709305248341
2019-11-17,81,0.9755230781508322,0.011702424073558,0.0,0.0,0.0,0.6741011715989944,1860,1950,2019,11,17,6,1,0.030188679245283,0.4078504238764371,0.0364782324552584
2025-03-15,85,0.9755230781508322,0.0033435497353023,0.0,0.0,0.0,0.6741011715989944,1861,2086,2025,3,15,5,1,0.0249056603773584,0.4079665544071537,0.0434345465513774
2019-11-18,80,0.90254279730325,0.9782669267205352,1.0,0.0,0.0,0.6741011715989944,1862,2071,2019,11,18,0,0,0.9031446540880504,0.8141911508535595,0.8884350492660367
2019-11-18,82,0.90254279730325,0.0047366954583449,0.0,0.0,0.0,0.6741011715989944,1863,221,2019,11,18,0,0,0.9061635220125788,0.8130298455463942,0.0432177508546149
2019-11-18,83,0.90254279730325,0.0097520200612984,0.0,0.0,0.0,0.6741011715989944,1864,488,2019,11,18,0,0,0.907672955974843,0.8160492393450238,0.0378481299014679
2019-11-18,84,0.90254279730325,0.0013931457230426,0.0,0.0,0.0,0.6741011715989944,1865,1858,2019,11,18,0,0,0.8981132075471701,0.814307281384276,0.0347250150814397
2019-11-18,81,0.90254279730325,0.0050153246029534,0.0,0.0,0.0,0.6741011715989944,1866,1946,2019,11,18,0,0,0.8983647798742139,0.8140750203228428,0.0365347878544138
2019-11-18,85,0.90254279730325,0.0089161326274728,0.0,0.0,0.0,0.6741011715989944,1867,62,2019,11,18,0,0,0.8958490566037737,0.8154685866914413,0.0435350894832093
2019-11-19,80,0.8765141696258067,0.0061298411813875,0.0,0.0,0.0,0.6741011715989944,1868,317,2019,11,19,1,0,0.8983647798742139,0.8157008477528742,0.888504172531671
2019-11-19,82,0.8765141696258067,0.0044580663137364,0.0,0.0,0.0,0.6741011715989944,1869,1649,2019,11,19,1,0,0.0191194968553459,0.8146556729764256,0.0432680223205308
2019-11-19,83,0.8765141696258067,0.0039008080245193,0.0,0.0,0.0,0.6741011715989944,1870,1385,2019,11,19,1,0,0.0183647798742138,0.8109394959934968,0.0378921174341443
2019-11-19,87,0.8765141696258067,0.005851212036779,0.0,0.0,0.0,0.6741011715989944,1871,1855,2019,11,19,1,0,0.0148427672955974,0.8118685402392289,0.2332470339835109
2019-11-19,16,0.8765141696258067,0.0069657286152131,0.0,0.0,0.0,0.6741011715989944,1872,641,2019,11,19,1,0,0.0198742138364779,0.8129137150156776,6.598129901467926e-05
2019-11-20,80,0.938282113137074,0.0075229869044302,0.0,0.0,0.0,0.6741011715989944,1873,1284,2019,11,20,2,0,0.0221383647798742,0.814307281384276,0.8885890056304042
2019-11-20,82,0.938282113137074,0.0030649205906937,0.0,0.0,0.0,0.6741011715989944,1874,101,2019,11,20,2,0,0.0168553459119496,0.8145395424457089,0.043302583953348
2019-11-20,84,0.938282113137074,0.0055725828921705,0.0,0.0,0.0,0.6741011715989944,1875,224,2019,11,20,2,0,0.0163522012578616,0.8155847172221578,0.0347878544138347
2019-11-20,81,0.938282113137074,0.0052939537475619,0.0,0.0,0.0,0.6741011715989944,1876,1917,2019,11,20,2,0,0.0171069182389937,0.4106375566136337,0.036594485220189
2019-11-20,85,0.938282113137074,0.0027862914460852,0.0,0.0,0.0,0.6741011715989944,1877,829,2019,11,20,2,0,0.0161006289308176,0.4111020787364998,0.0435665091494068
2019-11-21,80,0.8426268869427302,0.97353023126219,1.0,0.0,0.0,0.6741011715989944,1878,524,2019,11,21,3,0,0.889811320754717,0.8126814539542446,0.899567036999799
2019-11-21,82,0.8426268869427302,0.0050153246029534,0.0,0.0,0.0,0.6741011715989944,1879,612,2019,11,21,3,0,0.8880503144654088,0.8132621066078272,0.0433591393525035
2019-11-21,83,0.8426268869427302,0.0075229869044302,0.0,0.0,0.0,0.6741011715989944,1880,924,2019,11,21,3,0,0.8880503144654088,0.814307281384276,0.0379769505328775
2019-11-21,84,0.8426268869427302,0.0041794371691278,0.0,0.0,0.0,0.6741011715989944,1881,33,2019,11,21,3,0,0.889056603773585,0.8140750203228428,0.0348349839131309
2019-11-21,81,0.8426268869427302,0.0030649205906937,0.0,0.0,0.0,0.6741011715989944,1882,986,2019,11,21,3,0,0.8867924528301888,0.814307281384276,0.0366290468530062
2019-11-21,85,0.8426268869427302,0.0044580663137364,0.0,0.0,0.0,0.6741011715989944,1883,856,2019,11,21,3,0,0.8860377358490568,0.8121008013006621,0.0436167806153227
2025-03-15,87,0.8658524302860946,0.0052939537475619,0.0,0.0,0.0,0.6741011715989944,1884,1645,2025,3,15,5,1,0.888301886792453,0.8104749738706307,0.2333067313492861
2019-11-22,82,0.8658524302860946,0.0033435497353023,0.0,0.0,0.0,0.6741011715989944,1885,1981,2019,11,22,4,0,0.0123270440251572,0.8095459296248984,0.0433968429519404
2019-11-22,83,0.8658524302860946,0.0025076623014767,0.0,0.0,0.0,0.6741011715989944,1886,2010,2019,11,22,4,0,0.010062893081761,0.8100104517477644,0.0380052282324552
2019-11-22,84,0.8658524302860946,0.0083588743382557,0.0,0.0,0.0,0.6741011715989944,1887,1279,2019,11,22,4,0,0.010817610062893,0.8101265822784811,0.0349292429117233
2019-11-22,81,0.8658524302860946,0.0044580663137364,0.0,0.0,0.0,0.6741011715989944,1888,1672,2019,11,22,4,0,0.0110691823899371,0.8069910579491348,0.0366793183189221
2019-11-22,85,0.8658524302860946,0.0100306492059069,0.0,0.0,0.0,0.6741011715989944,1889,2072,2019,11,22,4,0,0.0173584905660377,0.8091975380327487,0.0437298914136336
2019-11-23,80,0.8439783787452158,0.0066870994706046,0.0,0.0,0.0,0.6741011715989944,1890,2017,2019,11,23,5,1,0.0193710691823899,0.8071071884798513,0.8996424441986729
2019-11-23,82,0.8439783787452158,0.0036221788799108,0.0,0.0,0.0,0.6741011715989944,1891,595,2019,11,23,5,1,0.0178616352201257,0.807223319010568,0.0434376885179971
2019-11-23,17,0.8439783787452158,0.0055725828921705,0.0,0.0,0.0,0.6741011715989944,1892,1383,2019,11,23,5,1,0.0198742138364779,0.4018116362791778,5.027146591594611e-05
2019-11-23,84,0.8439783787452158,0.0041794371691278,0.0,0.0,0.0,0.6741011715989944,1893,1185,2019,11,23,5,1,0.0213836477987421,0.4015793752177448,0.0349763724110195
2019-11-23,81,0.1560216212547843,0.0,0.0,0.0,0.0,0.6741011715989944,1894,1292,2019,11,23,5,1,0.0138364779874213,0.3975148066426664,0.0366793183189221
2019-11-23,85,0.8439783787452158,0.0069657286152131,0.0,0.0,0.0,0.6741011715989944,1895,2043,2019,11,23,5,1,0.0161006289308176,0.3998374172569969,0.0438084405791272
2019-11-24,80,0.9233656969316896,0.9799387015881862,1.0,0.0,0.0,0.6741011715989944,1896,2089,2019,11,24,6,1,0.8918238993710694,0.8061781442341192,0.9106927408003218
2019-11-24,82,0.9233656969316896,0.0066870994706046,0.0,0.0,0.0,0.6741011715989944,1897,1830,2019,11,24,6,1,0.8918238993710694,0.805249099988387,0.0435130957168711
2019-11-24,83,0.9233656969316896,0.0055725828921705,0.0,0.0,0.0,0.6741011715989944,1898,1601,2019,11,24,6,1,0.8935849056603776,0.8050168389269539,0.0380680675648501
2019-11-24,87,0.9233656969316896,0.0030649205906937,0.0,0.0,0.0,0.6741011715989944,1899,1145,2019,11,24,6,1,0.8913207547169812,0.8044361862733713,0.2333412929821033
2019-11-24,85,0.9233656969316896,0.0069657286152131,0.0,0.0,0.0,0.6741011715989944,1900,478,2019,11,24,6,1,0.8938364779874215,0.8057136221112531,0.0438869897446209
2019-11-25,80,0.9712183320692448,0.0039008080245193,0.0,0.0,0.0,0.6741011715989944,1901,1227,2019,11,25,0,0,0.8973584905660379,0.8049007083962374,0.9107367283329982
2019-11-25,82,0.9712183320692448,0.0097520200612984,0.0,0.0,0.0,0.6741011715989944,1902,267,2019,11,25,0,0,0.8998742138364781,0.8060620137034027,0.0436230645485622
2019-11-25,83,0.9712183320692448,0.0061298411813875,0.0,0.0,0.0,0.6741011715989944,1903,1173,2019,11,25,0,0,0.02062893081761,0.8054813610498202,0.0381371908304846
2019-11-25,84,0.9712183320692448,0.0103092783505154,0.0,0.0,0.0,0.6741011715989944,1904,1387,2019,11,25,0,0,0.0238993710691823,0.8085007548484497,0.0350926251759501
2019-11-25,81,0.9712183320692448,0.0061298411813875,0.0,0.0,0.0,0.6741011715989944,1905,1615,2019,11,25,0,0,0.0244025157232704,0.8087330159098827,0.0367484415845566
2019-11-25,85,0.9712183320692448,0.0041794371691278,0.0,0.0,0.0,0.6741011715989944,1906,990,2019,11,25,0,0,0.0254088050314465,0.8082684937870166,0.0439341192439171
2019-11-26,80,0.9443387665051524,0.0052939537475619,0.0,0.0,0.0,0.6741011715989944,1907,1124,2019,11,26,1,0,0.0238993710691823,0.8093136685634654,0.9107964256987734
2025-03-15,82,0.9443387665051524,0.0047366954583449,0.0,0.0,0.0,0.6741011715989944,1908,1786,2025,3,15,5,1,0.0246540880503144,0.4055278132621066,0.0436764779810979
2019-11-26,83,0.9443387665051524,0.0080802451936472,0.0,0.0,0.0,0.6741011715989944,1909,1605,2019,11,26,1,0,0.0231446540880503,0.4068052490999884,0.0382283078624572
2019-11-26,84,0.9443387665051524,0.006408470325996,0.0,0.0,0.0,0.6741011715989944,1910,223,2019,11,26,1,0,0.0233962264150943,0.4063407269771223,0.0351648904082043
2019-11-26,81,0.9443387665051524,0.0061298411813875,0.0,0.0,0.0,0.6741011715989944,1911,1690,2019,11,26,1,0,0.0196226415094339,0.4071536406921379,0.036817564850191
2019-11-26,85,0.9443387665051524,0.0080802451936472,0.0,0.0,0.0,0.6741011715989944,1912,466,2019,11,26,1,0,0.0213836477987421,0.4092439902450354,0.0440252362758898
2019-11-27,82,0.9547001659548184,0.0041794371691278,0.0,0.0,0.0,0.6741011715989944,1913,83,2019,11,27,2,0,0.0213836477987421,0.4091278597143188,0.0437236074803941
2019-11-27,83,0.9547001659548184,0.0052939537475619,0.0,0.0,0.0,0.6741011715989944,1914,1571,2019,11,27,2,0,0.0213836477987421,0.4091278597143188,0.0382880052282324
2019-11-27,84,0.9547001659548184,0.0052939537475619,0.0,0.0,0.0,0.6741011715989944,1915,475,2019,11,27,2,0,0.0218867924528301,0.4099407734293346,0.0352245877739794
2019-11-27,81,0.9547001659548184,0.0061298411813875,0.0,0.0,0.0,0.6741011715989944,1916,107,2019,11,27,2,0,0.020125786163522,0.4114504703286494,0.0368866881158254
2019-11-27,85,0.9547001659548184,0.0050153246029534,0.0,0.0,0.0,0.6741011715989944,1917,479,2019,11,27,2,0,0.0188679245283018,0.4100569039600511,0.0440817916750452
2019-11-28,80,1.0,0.0086375034828643,0.0,0.0,0.0,0.6741011715989944,1918,1742,2019,11,28,3,0,0.0211320754716981,0.411798861920799,0.9108938266639856
2019-11-28,82,1.0,0.0047366954583449,0.0,0.0,0.0,0.6741011715989944,1919,1595,2019,11,28,3,0,0.0181132075471698,0.409592381837185,0.0437770209129298
2019-11-28,83,1.0,0.0125383115073836,0.0,0.0,0.0,0.6741011715989944,1920,1045,2019,11,28,3,0,0.0256603773584905,0.412031122982232,0.038429393726121
2019-11-28,84,1.0,0.0044580663137364,0.0,0.0,0.0,0.6741011715989944,1921,1820,2019,11,28,3,0,0.0249056603773584,0.4123795145743816,0.0352748592398954
2019-11-28,81,1.0,0.0105879074951239,0.0,0.0,0.0,0.6741011715989944,1922,358,2019,11,28,3,0,0.0296855345911949,0.414469864127279,0.0370060828473758
2019-11-28,85,1.0,0.0041794371691278,0.0,0.0,0.0,0.6741011715989944,1923,1833,2019,11,28,3,0,0.0279245283018867,0.414469864127279,0.0441289211743414
2019-11-29,80,0.9977475262300984,0.0061298411813875,0.0,0.0,0.0,0.6741011715989944,1924,1018,2019,11,29,4,0,0.0289308176100628,0.4170247358030426,0.91096294992962
2019-11-29,82,0.9977475262300984,0.0030649205906937,0.0,0.0,0.0,0.6741011715989944,1925,12,2019,11,29,4,0,0.0238993710691823,0.4153989083730113,0.043811582545747
2019-11-29,83,0.9977475262300984,0.005851212036779,0.0,0.0,0.0,0.6741011715989944,1926,584,2019,11,29,4,0,0.0249056603773584,0.0094065729880385,0.0384953750251357
2019-11-29,87,0.9977475262300984,0.0055725828921705,0.0,0.0,0.0,0.6741011715989944,1927,1671,2019,11,29,4,0,0.0186163522012578,0.0089420508651724,0.2334041323144983
2019-11-29,81,0.9977475262300984,0.0011145165784341,0.0,0.0,0.0,0.6741011715989944,1928,705,2019,11,29,4,0,0.0155974842767295,0.007083962373708,0.0370186507138548
2019-11-29,85,0.9977475262300984,0.0044580663137364,0.0,0.0,0.0,0.6741011715989944,1929,189,2019,11,29,4,0,0.010062893081761,0.0076646150272906,0.0441791926402573
2019-11-30,80,0.9010912047716566,0.9827249930342714,1.0,0.0,0.0,0.6741011715989944,1930,618,2019,11,30,5,1,0.8935849056603776,0.4143537335965625,0.9220446661974664
2019-11-30,82,0.9010912047716566,0.005851212036779,0.0,0.0,0.0,0.6741011715989944,1931,1189,2019,11,30,5,1,0.8933333333333334,0.4151666473115782,0.0438775638447617
2025-03-15,83,0.0989087952283434,0.0,0.0,0.0,0.0,0.6741011715989944,1932,1477,2025,3,15,5,1,0.8905660377358492,0.4111020787364998,0.0384953750251357
2019-11-30,84,0.9010912047716566,0.0086375034828643,0.0,0.0,0.0,0.6741011715989944,1933,840,2019,11,30,5,1,0.8930817610062894,0.4121472535129485,0.0353722602051075
2019-11-30,18,0.9010912047716566,0.0075229869044302,0.0,0.0,0.0,0.6741011715989944,1934,75,2019,11,30,5,1,0.8948427672955976,0.4109859482057832,7.226523225417253e-05
2019-11-30,85,0.9010912047716566,0.0036221788799108,0.0,0.0,0.0,0.6741011715989944,1935,1241,2019,11,30,5,1,0.8971069182389939,0.4099407734293346,0.0442200382063141
2019-12-01,80,0.9331264417364116,0.005851212036779,0.0,0.0,0.0,1.0,1936,1624,2019,12,1,6,1,0.8983647798742139,0.4106375566136337,0.9221106474964812
2019-12-01,82,0.9331264417364116,0.0061298411813875,0.0,0.0,0.0,1.0,1937,808,2019,12,1,6,1,0.0166037735849056,0.4109859482057832,0.0439466871103961
2019-12-01,83,0.9331264417364116,0.0069657286152131,0.0,0.0,0.0,1.0,1938,1838,2019,12,1,6,1,0.0176100628930817,0.4119149924515155,0.0385739241906294
2019-12-01,84,0.9331264417364116,0.0041794371691278,0.0,0.0,0.0,1.0,1939,1951,2019,12,1,6,1,0.0213836477987421,0.4102891650214841,0.0354193897044037
2019-12-01,81,0.9331264417364116,0.0055725828921705,0.0,0.0,0.0,1.0,1940,1243,2019,12,1,6,1,0.0186163522012578,0.4099407734293346,0.0370814900462497
2019-12-01,85,0.9331264417364116,0.0086375034828643,0.0,0.0,0.0,1.0,1941,810,2019,12,1,6,1,0.0196226415094339,0.4109859482057832,0.0443174391715262
2019-12-01,87,0.9854840244137698,0.0055725828921705,0.0,0.0,0.0,1.0,1942,1482,2019,12,1,6,1,0.0213836477987421,0.4099407734293346,0.2334669716468932
2019-12-02,82,0.9854840244137698,0.0039008080245193,0.0,0.0,0.0,1.0,1943,1976,2019,12,2,0,0,0.0196226415094339,0.4098246428986181,0.0439906746430725
2019-12-02,83,0.9854840244137698,0.0052939537475619,0.0,0.0,0.0,1.0,1944,733,2019,12,2,0,0,0.0188679245283018,0.4098246428986181,0.0386336215564045
2019-12-02,84,0.9854840244137698,0.0027862914460852,0.0,0.0,0.0,1.0,1945,414,2019,12,2,0,0,0.0150943396226415,0.4087794681221693,0.0354508093706012
2019-12-02,81,0.9854840244137698,0.0066870994706046,0.0,0.0,0.0,1.0,1946,1523,2019,12,2,0,0,0.0173584905660377,0.4090117291836023,0.0371568972451236
2019-12-02,85,0.9854840244137698,0.0041794371691278,0.0,0.0,0.0,1.0,1947,2019,2019,12,2,0,0,0.0161006289308176,0.4086633375914528,0.0443645686708224
2019-12-03,80,0.8222044279334446,0.9726943438283644,1.0,0.0,0.0,1.0,1948,1611,2019,12,3,1,0,0.8865408805031448,0.8104749738706307,0.9330792529660166
2019-12-03,82,0.8222044279334446,0.0025076623014767,0.0,0.0,0.0,1.0,1949,400,2019,12,3,1,0,0.8837735849056605,0.8095459296248984,0.0440189523426503
2019-12-03,83,0.8222044279334446,0.0080802451936472,0.0,0.0,0.0,1.0,1950,220,2019,12,3,1,0,0.887547169811321,0.8076878411334341,0.0387247385883772
2019-12-03,84,0.8222044279334446,0.005851212036779,0.0,0.0,0.0,1.0,1951,1602,2019,12,3,1,0,0.8880503144654088,0.8082684937870166,0.0355167906696159
2019-12-03,85,0.8222044279334446,0.0061298411813875,0.0,0.0,0.0,1.0,1952,998,2019,12,3,1,0,0.8910691823899373,0.8064104052955523,0.0444336919364568
2019-12-04,80,0.8620983073362587,0.0039008080245193,0.0,0.0,0.0,1.0,1953,430,2019,12,4,2,0,0.888553459119497,0.8062942747648356,0.933123240498693
2019-12-04,82,0.8620983073362587,0.0011145165784341,0.0,0.0,0.0,1.0,1954,890,2019,12,4,2,0,0.8857861635220128,0.8042039252119382,0.0440315202091293
2019-12-04,25,0.8620983073362587,0.0091947617720813,0.0,0.0,0.0,1.0,1955,631,2019,12,4,2,0,0.0158490566037735,0.8067587968877019,9.111703197265232e-05
2025-03-15,87,0.8620983073362587,0.0089161326274728,0.0,0.0,0.0,1.0,1956,1105,2025,3,15,5,1,0.0216352201257861,0.8080362327255834,0.2335675145787251
2019-12-04,81,0.8620983073362587,0.0072443577598216,0.0,0.0,0.0,1.0,1957,28,2019,12,4,2,0,0.020880503144654,0.8087330159098827,0.037238588377237
2019-12-04,85,0.8620983073362587,0.0030649205906937,0.0,0.0,0.0,1.0,1958,1787,2019,12,4,2,0,0.0183647798742138,0.8095459296248984,0.044468253569274
2019-12-05,80,0.9042947171573152,0.0039008080245193,0.0,0.0,0.0,1.0,1959,1842,2019,12,5,3,0,0.0163522012578616,0.8093136685634654,0.9331672280313694
2019-12-05,82,0.9042947171573152,0.0002786291446085,0.0,0.0,0.0,1.0,1960,103,2019,12,5,3,0,0.0130817610062893,0.3998374172569969,0.044034662175749
2019-12-05,83,0.9042947171573152,0.005851212036779,0.0,0.0,0.0,1.0,1961,1151,2019,12,5,3,0,0.0173584905660377,0.3998374172569969,0.0387907198873919
2019-12-05,84,0.9042947171573152,0.0008358874338255,0.0,0.0,0.0,1.0,1962,742,2019,12,5,3,0,0.0098113207547169,0.4001858088491464,0.0355262165694751
2019-12-05,81,0.9042947171573152,0.0080802451936472,0.0,0.0,0.0,1.0,1963,895,2019,12,5,3,0,0.0090566037735849,0.3999535477877134,0.0373297054092097
2019-12-05,85,0.9042947171573152,0.0061298411813875,0.0,0.0,0.0,1.0,1964,1555,2019,12,5,3,0,0.0080503144654088,0.3993728951341308,0.0445373768349085
2019-12-06,80,0.8824206656164364,0.977709668431318,1.0,0.0,0.0,1.0,1965,1677,2019,12,6,4,0,0.8880503144654088,0.8053652305191035,0.9441923889000604
2019-12-06,82,0.8824206656164364,0.0052939537475619,0.0,0.0,0.0,1.0,1966,1162,2019,12,6,4,0,0.8893081761006292,0.8051329694576705,0.0440943595415242
2019-12-06,83,0.8824206656164364,0.0078016160490387,0.0,0.0,0.0,1.0,1967,85,2019,12,6,4,0,0.8961006289308177,0.8058297526419695,0.0388786949527448
2019-12-06,84,0.8824206656164364,0.0080802451936472,0.0,0.0,0.0,1.0,1968,1643,2019,12,6,4,0,0.8981132075471701,0.8062942747648356,0.0356173336014478
2019-12-06,81,0.8824206656164364,0.0083588743382557,0.0,0.0,0.0,1.0,1969,1296,2019,12,6,4,0,0.9049056603773584,0.8080362327255834,0.0374239644078021
2019-12-07,82,0.913705077991224,0.0050153246029534,0.0,0.0,0.0,1.0,1970,323,2019,12,7,5,1,0.9021383647798744,0.8078039716641505,0.0441509149406796
2019-12-07,83,0.913705077991224,0.0094733909166898,0.0,0.0,0.0,1.0,1971,1138,2019,12,7,5,1,0.9051572327044028,0.8081523632563001,0.0389855218178162
2019-12-07,84,0.913705077991224,0.0047366954583449,0.0,0.0,0.0,1.0,1972,688,2019,12,7,5,1,0.0266666666666666,0.8078039716641505,0.0356707470339835
2019-12-07,81,0.913705077991224,0.0002786291446085,0.0,0.0,0.0,1.0,1973,1428,2019,12,7,5,1,0.0221383647798742,0.8062942747648356,0.0374271063744218
2019-12-07,85,0.913705077991224,0.0080802451936472,0.0,0.0,0.0,1.0,1974,679,2019,12,7,5,1,0.0223899371069182,0.8074555800720009,0.0446284938668811
2019-12-07,26,0.8722094235442193,0.0039008080245193,0.0,0.0,0.0,1.0,1975,886,2019,12,7,5,1,0.0186163522012578,0.807920102194867,3.141966619746632e-05
2019-12-08,82,0.8722094235442193,0.0039008080245193,0.0,0.0,0.0,1.0,1976,1481,2019,12,8,6,1,0.0145911949685534,0.8067587968877019,0.0441949024733561
2019-12-08,83,0.8722094235442193,0.0078016160490387,0.0,0.0,0.0,1.0,1977,510,2019,12,8,6,1,0.0171069182389937,0.8082684937870166,0.0390734968831691
2019-12-08,84,0.8722094235442193,0.0050153246029534,0.0,0.0,0.0,1.0,1978,462,2019,12,8,6,1,0.0130817610062893,0.404947160608524,0.0357273024331389
2025-03-15,81,0.8722094235442193,0.0069657286152131,0.0,0.0,0.0,1.0,1979,1705,2025,3,15,5,1,0.0150943396226415,0.4068052490999884,0.0375056555399155
2019-12-08,85,0.8722094235442193,0.0025076623014767,0.0,0.0,0.0,1.0,1980,610,2019,12,8,6,1,0.0171069182389937,0.4044826384856579,0.0446567715664588
2019-12-09,80,0.8030333348623881,0.9821677347450544,1.0,0.0,0.0,1.0,1981,912,2019,12,9,0,0,0.8966037735849058,0.8114040181163629,0.9552678212346672
2019-12-09,82,0.8030333348623881,0.0039008080245193,0.0,0.0,0.0,1.0,1982,1823,2019,12,9,0,0,0.8966037735849058,0.8104749738706307,0.0442388900060325
2019-12-09,83,0.8030333348623881,0.0025076623014767,0.0,0.0,0.0,1.0,1983,1676,2019,12,9,0,0,0.8953459119496857,0.809894321217048,0.0391017745827468
2019-12-09,87,0.8030333348623881,0.0025076623014767,0.0,0.0,0.0,1.0,1984,1195,2019,12,9,0,0,0.8905660377358492,0.8104749738706307,0.2335957922783028
2019-12-09,81,0.8030333348623881,0.0061298411813875,0.0,0.0,0.0,1.0,1985,394,2019,12,9,0,0,0.8915723270440252,0.8091975380327487,0.0375747788055499
2019-12-09,85,0.8030333348623881,0.0055725828921705,0.0,0.0,0.0,1.0,1986,159,2019,12,9,0,0,0.8903144654088052,0.8078039716641505,0.0447196108988538
2019-12-10,80,0.8901791947578135,0.0105879074951239,0.0,0.0,0.0,1.0,1987,1709,2019,12,10,1,0,0.8976100628930819,0.8091975380327487,0.9553872159662176
2019-12-10,82,0.8901791947578135,0.0055725828921705,0.0,0.0,0.0,1.0,1988,685,2019,12,10,1,0,0.0158490566037735,0.8102427128091976,0.0443017293384275
2019-12-10,83,0.1098208052421865,0.0011145165784341,0.0,0.0,0.0,1.0,1989,598,2019,12,10,1,0,0.0133333333333333,0.8090814075020323,0.0391143424492258
2019-12-10,84,0.8901791947578135,0.0075229869044302,0.0,0.0,0.0,1.0,1990,526,2019,12,10,1,0,0.0178616352201257,0.8121008013006621,0.0358121355318721
2019-12-10,81,0.8901791947578135,0.006408470325996,0.0,0.0,0.0,1.0,1991,527,2019,12,10,1,0,0.0213836477987421,0.812333062362095,0.0376470440378041
2019-12-10,85,0.8901791947578135,0.0016717748676511,0.0,0.0,0.0,1.0,1992,1304,2019,12,10,1,0,0.0173584905660377,0.8126814539542446,0.0447384626985723
2019-12-11,80,0.9740714730516646,0.0080802451936472,0.0,0.0,0.0,1.0,1993,800,2019,12,11,2,0,0.0196226415094339,0.8126814539542446,0.9554783329981904
2019-12-11,82,0.9740714730516646,0.005851212036779,0.0,0.0,0.0,1.0,1994,1655,2019,12,11,2,0,0.0153459119496855,0.8125653234235282,0.0443677106374421
2019-12-11,83,0.9740714730516646,0.0033435497353023,0.0,0.0,0.0,1.0,1995,1886,2019,12,11,2,0,0.0133333333333333,0.4064568575078388,0.0391520460486627
2019-12-11,84,0.9740714730516646,0.0083588743382557,0.0,0.0,0.0,1.0,1996,559,2019,12,11,2,0,0.0198742138364779,0.4077342933457206,0.0359063945304645
2019-12-11,20,0.9740714730516646,0.005851212036779,0.0,0.0,0.0,1.0,1997,498,2019,12,11,2,0,0.0183647798742138,0.4069213796307049,5.341343253569275e-05
2019-12-11,85,0.9740714730516646,0.0039008080245193,0.0,0.0,0.0,1.0,1998,234,2019,12,11,2,0,0.0161006289308176,0.405179421669957,0.0447824502312487
2019-12-11,87,0.9487936699641888,0.9799387015881862,1.0,0.0,0.0,1.0,1999,1583,2019,12,11,2,0,0.8993710691823901,0.8101265822784811,0.2446460888799517
2019-12-12,82,0.9487936699641888,0.0044580663137364,0.0,0.0,0.0,1.0,2000,251,2019,12,12,3,0,0.8961006289308177,0.809894321217048,0.0444179821033581
2019-12-12,83,0.9487936699641888,0.0078016160490387,0.0,0.0,0.0,1.0,2001,1103,2019,12,12,3,0,0.8978616352201259,0.8091975380327487,0.0392400211140156
2019-12-12,84,0.9487936699641888,0.0083588743382557,0.0,0.0,0.0,1.0,2002,1069,2019,12,12,3,0,0.9023899371069184,0.8107072349320636,0.0360006535290569
2019-12-12,81,0.9487936699641888,0.0030649205906937,0.0,0.0,0.0,1.0,2003,659,2019,12,12,3,0,0.8976100628930819,0.8118685402392289,0.0376816056706213
2025-03-15,85,0.9487936699641888,0.0097520200612984,0.0,0.0,0.0,1.0,2004,1283,2025,3,15,5,1,0.9011320754716984,0.8125653234235282,0.0448924190629398
2019-12-13,80,0.8614475960429735,0.0002786291446085,0.0,0.0,0.0,1.0,2005,261,2019,12,13,4,0,0.8978616352201259,0.8110556265242133,0.95548147496481
2019-12-13,82,0.8614475960429735,0.0061298411813875,0.0,0.0,0.0,1.0,2006,1308,2019,12,13,4,0,0.0186163522012578,0.8119846707699454,0.0444871053689925
2019-12-13,83,0.8614475960429735,0.006408470325996,0.0,0.0,0.0,1.0,2007,698,2019,12,13,4,0,0.020377358490566,0.8114040181163629,0.0393122863462698
2019-12-13,84,0.8614475960429735,0.0066870994706046,0.0,0.0,0.0,1.0,2008,1150,2019,12,13,4,0,0.0193710691823899,0.8121008013006621,0.0360760607279308
2019-12-13,85,0.8614475960429735,0.0019504040122596,0.0,0.0,0.0,1.0,2009,447,2019,12,13,4,0,0.0135849056603773,0.8100104517477644,0.0449144128292781
2019-12-14,80,0.838922808073661,0.0069657286152131,0.0,0.0,0.0,1.0,2010,796,2019,12,14,5,1,0.0171069182389937,0.8118685402392289,0.9555600241303036
2019-12-14,82,0.838922808073661,0.0052939537475619,0.0,0.0,0.0,1.0,2011,1963,2019,12,14,5,1,0.0130817610062893,0.4047148995470909,0.0445468027347677
2019-12-14,83,0.838922808073661,0.0027862914460852,0.0,0.0,0.0,1.0,2012,402,2019,12,14,5,1,0.0153459119496855,0.4042503774242248,0.0393437060124673
2019-12-14,87,0.838922808073661,0.0030649205906937,0.0,0.0,0.0,1.0,2013,765,2019,12,14,5,1,0.0125786163522012,0.4044826384856579,0.2446806505127689
2019-12-14,81,0.838922808073661,0.0025076623014767,0.0,0.0,0.0,1.0,2014,1372,2019,12,14,5,1,0.0090566037735849,0.4044826384856579,0.037709883370199
2019-12-14,85,0.838922808073661,0.0050153246029534,0.0,0.0,0.0,1.0,2015,506,2019,12,14,5,1,0.0075471698113207,0.4040181163627918,0.0449709682284335
2019-12-15,80,0.8848233093313611,0.9816104764558372,1.0,0.0,0.0,1.0,2016,754,2019,12,15,6,1,0.8920754716981134,0.8108233654627801,0.966629172531671
2019-12-15,82,0.8848233093313611,0.0052939537475619,0.0,0.0,0.0,1.0,2017,1488,2019,12,15,6,1,0.8905660377358492,0.8086168853791662,0.0446065001005429
2019-12-15,86,0.8848233093313611,0.0080802451936472,0.0,0.0,0.0,1.0,2018,256,2019,12,15,6,1,0.8930817610062894,0.8096620601556148,0.0011185401166298
2019-12-15,84,0.8848233093313611,0.0044580663137364,0.0,0.0,0.0,1.0,2019,19,2019,12,15,6,1,0.8945911949685537,0.8110556265242133,0.0361263321938467
2019-12-15,81,0.8848233093313611,0.0047366954583449,0.0,0.0,0.0,1.0,2020,1464,2019,12,15,6,1,0.8961006289308177,0.809894321217048,0.0377632968027347
2019-12-15,85,0.8848233093313611,0.0,0.0,0.0,0.0,1.0,2021,922,2019,12,15,6,1,0.8938364779874215,0.807223319010568,0.0449709682284335
2019-12-16,80,0.9079987960263844,0.0052939537475619,0.0,0.0,0.0,1.0,2022,907,2019,12,16,0,0,0.8940880503144655,0.8087330159098827,0.9666888698974464
2019-12-16,82,0.9079987960263844,0.0103092783505154,0.0,0.0,0.0,1.0,2023,70,2019,12,16,0,0,0.0171069182389937,0.8096620601556148,0.0447227528654735
2019-12-16,83,0.9079987960263844,0.0044580663137364,0.0,0.0,0.0,1.0,2024,820,2019,12,16,0,0,0.0163522012578616,0.8090814075020323,0.0393939774783832
2019-12-16,84,0.9079987960263844,0.0039008080245193,0.0,0.0,0.0,1.0,2025,435,2019,12,16,0,0,0.0125786163522012,0.8093136685634654,0.0361703197265232
2019-12-16,81,0.9079987960263844,0.0019504040122596,0.0,0.0,0.0,1.0,2026,1801,2019,12,16,0,0,0.010314465408805,0.8066426663569852,0.0377852905690729
2019-12-16,85,0.9079987960263844,0.0100306492059069,0.0,0.0,0.0,1.0,2027,1109,2019,12,16,0,0,0.0150943396226415,0.8083846243177333,0.0450840790267444
2019-12-17,82,0.9755230781508322,0.0050153246029534,0.0,0.0,0.0,1.0,2028,1616,2019,12,17,1,0,0.0196226415094339,0.8088491464405994,0.044779308264629
2019-12-17,83,0.9755230781508322,0.0044580663137364,0.0,0.0,0.0,1.0,2029,1777,2019,12,17,1,0,0.0188679245283018,0.4022761584020439,0.0394442489442992
2019-12-17,84,0.9755230781508322,0.0036221788799108,0.0,0.0,0.0,1.0,2030,404,2019,12,17,1,0,0.0128301886792452,0.4019277668098943,0.0362111652925799
2019-12-17,81,0.9755230781508322,0.005851212036779,0.0,0.0,0.0,1.0,2031,1730,2019,12,17,1,0,0.0140880503144654,0.4011148530948787,0.0378512718680876
2019-12-17,85,0.9755230781508322,0.0089161326274728,0.0,0.0,0.0,1.0,2032,844,2019,12,17,1,0,0.0186163522012578,0.4013471141563117,0.0451846219585763
2019-12-18,80,0.90254279730325,0.9749233769852328,1.0,0.0,0.0,1.0,2033,1693,2019,12,18,2,0,0.8971069182389939,0.8064104052955523,0.9776826110999396
2019-12-18,82,0.90254279730325,0.0013931457230426,0.0,0.0,0.0,1.0,2034,2036,2019,12,18,2,0,0.8893081761006292,0.8029264893740564,0.0447950180977277
2019-12-18,83,0.90254279730325,0.0061298411813875,0.0,0.0,0.0,1.0,2035,388,2019,12,18,2,0,0.8903144654088052,0.8053652305191035,0.0395133722099336
2019-12-18,84,0.90254279730325,0.0052939537475619,0.0,0.0,0.0,1.0,2036,1743,2019,12,18,2,0,0.8910691823899373,0.8050168389269539,0.0362708626583551
2019-12-18,81,0.90254279730325,0.0086375034828643,0.0,0.0,0.0,1.0,2037,360,2019,12,18,2,0,0.8955974842767297,0.8059458831726862,0.0379486728332998
2019-12-18,85,0.90254279730325,0.0047366954583449,0.0,0.0,0.0,1.0,2038,131,2019,12,18,2,0,0.8945911949685537,0.8051329694576705,0.045238035391112
2019-12-18,21,0.8765141696258067,0.0066870994706046,0.0,0.0,0.0,1.0,2039,1029,2019,12,18,2,0,0.8925786163522013,0.8071071884798513,6.283933239493264e-05
2019-12-19,82,0.8765141696258067,0.006408470325996,0.0,0.0,0.0,1.0,2040,902,2019,12,19,3,0,0.0181132075471698,0.8068749274184184,0.0448672833299819
2019-12-19,83,0.8765141696258067,0.0022290331568682,0.0,0.0,0.0,1.0,2041,672,2019,12,19,3,0,0.0188679245283018,0.8055974915805366,0.0395385079428916
2019-12-19,87,0.8765141696258067,0.0044580663137364,0.0,0.0,0.0,1.0,2042,1287,2019,12,19,3,0,0.0173584905660377,0.8062942747648356,0.2447309219786849
2019-12-19,81,0.8765141696258067,0.0075229869044302,0.0,0.0,0.0,1.0,2043,1342,2019,12,19,3,0,0.0193710691823899,0.8081523632563001,0.0380335059320329
2019-12-19,85,0.8765141696258067,0.0013931457230426,0.0,0.0,0.0,1.0,2044,1024,2019,12,19,3,0,0.0128301886792452,0.8076878411334341,0.0452537452242107
2019-12-20,80,0.938282113137074,0.0,0.0,0.0,0.0,1.0,2045,38,2019,12,20,4,0,0.0085534591194968,0.8055974915805366,0.9776826110999396
2019-12-20,82,0.938282113137074,0.0078016160490387,0.0,0.0,0.0,1.0,2046,444,2019,12,20,4,0,0.0095597484276729,0.3997212867262804,0.0449552583953348
2019-12-20,84,0.938282113137074,0.0047366954583449,0.0,0.0,0.0,1.0,2047,1320,2019,12,20,4,0,0.0080503144654088,0.3994890256648473,0.0363242760908908
2019-12-20,81,0.938282113137074,0.0047366954583449,0.0,0.0,0.0,1.0,2048,804,2019,12,20,4,0,0.010314465408805,0.398095459296249,0.0380869193645686
2019-12-20,85,0.938282113137074,0.0036221788799108,0.0,0.0,0.0,1.0,2049,1795,2019,12,20,4,0,0.0095597484276729,0.3977470677040994,0.0452945907902674
2019-12-21,80,0.8426268869427302,0.9732516021175815,1.0,0.0,0.0,1.0,2050,179,2019,12,21,5,1,0.8815094339622643,0.8014167924747417,0.9886575005027148
2025-03-15,82,0.8426268869427302,0.0013931457230426,0.0,0.0,0.0,1.0,2051,1550,2025,3,15,5,1,0.8815094339622643,0.8019974451283243,0.0449709682284335
2019-12-21,83,0.8426268869427302,0.0033435497353023,0.0,0.0,0.0,1.0,2052,2095,2019,12,21,5,1,0.8845283018867925,0.8011845314133086,0.0395762115423285
2019-12-21,81,0.8426268869427302,0.0061298411813875,0.0,0.0,0.0,1.0,2053,319,2019,12,21,5,1,0.8830188679245284,0.7994425734525608,0.0381560426302031
2019-12-21,85,0.8426268869427302,0.0027862914460852,0.0,0.0,0.0,1.0,2054,2016,2019,12,21,5,1,0.8812578616352202,0.7987457902682615,0.0453260104564649
2019-12-21,87,0.8658524302860946,0.0075229869044302,0.0,0.0,0.0,1.0,2055,692,2019,12,21,5,1,0.8837735849056605,0.8002554871675764,0.244815755077418
2019-12-22,82,0.8658524302860946,0.0036221788799108,0.0,0.0,0.0,1.0,2056,1682,2019,12,22,6,1,0.8837735849056605,0.8009522703518754,0.0450118137944902
2019-12-22,83,0.8658524302860946,0.0075229869044302,0.0,0.0,0.0,1.0,2057,837,2019,12,22,6,1,0.0118238993710691,0.7999070955754268,0.0396610446410617
2019-12-22,84,0.8658524302860946,0.0069657286152131,0.0,0.0,0.0,1.0,2058,436,2019,12,22,6,1,0.0168553459119496,0.8007200092904425,0.0364028252563844
2019-12-22,22,0.8658524302860946,0.0027862914460852,0.0,0.0,0.0,1.0,2059,946,2019,12,22,6,1,0.0163522012578616,0.8000232261061433,1.8851799718479792e-05
2019-12-22,85,0.8658524302860946,0.0039008080245193,0.0,0.0,0.0,1.0,2060,1570,2019,12,22,6,1,0.0143396226415094,0.80013935663686,0.0453699979891413
2019-12-23,80,0.8439783787452158,0.0041794371691278,0.0,0.0,0.0,1.0,2061,539,2019,12,23,0,0,0.0155974842767295,0.7994425734525608,0.9887046300020108
2019-12-23,82,0.8439783787452158,0.006408470325996,0.0,0.0,0.0,1.0,2062,928,2019,12,23,0,0,0.0145911949685534,0.7983973986761119,0.0450840790267444
2019-12-23,83,0.8439783787452158,0.0041794371691278,0.0,0.0,0.0,1.0,2063,1819,2019,12,23,0,0,0.0150943396226415,0.3937986296597376,0.0397081741403579
2019-12-23,84,0.8439783787452158,0.006408470325996,0.0,0.0,0.0,1.0,2064,238,2019,12,23,0,0,0.0140880503144654,0.395888979212635,0.0364750904886386
2019-12-24,80,0.9233656969316896,0.9810532181666204,1.0,0.0,0.0,1.0,2065,1178,2019,12,24,1,0,0.8935849056603776,0.8022297061897574,0.9997674944701388
2019-12-24,82,0.9233656969316896,0.0044580663137364,0.0,0.0,0.0,1.0,2066,1370,2019,12,24,1,0,0.8950943396226416,0.8018813145976078,0.0451343504926603
2019-12-24,83,0.9233656969316896,0.0050153246029534,0.0,0.0,0.0,1.0,2067,981,2019,12,24,1,0,0.8961006289308177,0.8003716176982929,0.0397647295395133
2019-12-24,87,0.9233656969316896,0.0008358874338255,0.0,0.0,0.0,1.0,2068,1769,2019,12,24,1,0,0.8930817610062894,0.7987457902682615,0.2448251809772773
2019-12-24,81,0.9233656969316896,0.006408470325996,0.0,0.0,0.0,1.0,2069,814,2019,12,24,1,0,0.8930817610062894,0.7986296597375451,0.0382283078624572
2019-12-24,85,0.9233656969316896,0.0033435497353023,0.0,0.0,0.0,1.0,2070,1938,2019,12,24,1,0,0.8923270440251574,0.7973522238996633,0.0454077015885783
2019-12-25,80,0.9712183320692448,0.0047366954583449,0.0,0.0,0.0,1.0,2071,1179,2019,12,25,2,0,0.8908176100628932,0.7983973986761119,0.9998209079026744
2019-12-25,82,0.9712183320692448,0.0066870994706046,0.0,0.0,0.0,1.0,2072,2092,2019,12,25,2,0,0.0110691823899371,0.7993264429218441,0.0452097576915342
2025-03-15,83,0.9712183320692448,0.0061298411813875,0.0,0.0,0.0,1.0,2073,1834,2025,3,15,5,1,0.0125786163522012,0.7987457902682615,0.0398338528051478
2019-12-25,84,0.9712183320692448,0.0044580663137364,0.0,0.0,0.0,1.0,2074,275,2019,12,25,2,0,0.0120754716981132,0.8000232261061433,0.0365253619545546
2019-12-25,81,0.9712183320692448,0.0047366954583449,0.0,0.0,0.0,1.0,2075,1678,2019,12,25,2,0,0.0155974842767295,0.8019974451283243,0.0382817212949929
2019-12-25,85,0.9712183320692448,0.0030649205906937,0.0,0.0,0.0,1.0,2076,1097,2019,12,25,2,0,0.0125786163522012,0.8000232261061433,0.0454422632213955
2019-12-26,80,0.9443387665051524,0.0052939537475619,0.0,0.0,0.0,1.0,2077,1755,2019,12,26,3,0,0.0143396226415094,0.8002554871675764,0.9998806052684496
2019-12-26,82,0.9443387665051524,0.0055725828921705,0.0,0.0,0.0,1.0,2078,1068,2019,12,26,3,0,0.0150943396226415,0.800603878759726,0.0452725970239292
2019-12-26,23,0.9443387665051524,0.0055725828921705,0.0,0.0,0.0,1.0,2079,2060,2019,12,26,3,0,0.0140880503144654,0.8014167924747417,5.027146591594611e-05
2019-12-26,84,0.9443387665051524,0.0019504040122596,0.0,0.0,0.0,1.0,2080,1746,2019,12,26,3,0,0.010314465408805,0.3965857623969341,0.0365473557208928
2019-12-26,81,0.9443387665051524,0.0055725828921705,0.0,0.0,0.0,1.0,2081,416,2019,12,26,3,0,0.0113207547169811,0.398327720357682,0.0383445606273879
2019-12-26,85,0.9443387665051524,0.0066870994706046,0.0,0.0,0.0,1.0,2082,983,2019,12,26,3,0,0.0130817610062893,0.3997212867262804,0.0455176704202694
2019-12-26,87,0.0452998340451816,0.9738088604067986,1.0,0.0,0.0,1.0,2083,893,2019,12,26,3,0,0.889559748427673,0.8030426199047729,0.2558063543132918
2019-12-27,82,0.9547001659548184,0.0047366954583449,0.0,0.0,0.0,1.0,2084,966,2019,12,27,4,0,0.889056603773585,0.8038555336197888,0.0453260104564649
2019-12-27,83,0.9547001659548184,0.0069657286152131,0.0,0.0,0.0,1.0,2085,1384,2019,12,27,4,0,0.8903144654088052,0.8036232725583556,0.0399124019706414
2019-12-27,84,0.9547001659548184,0.0069657286152131,0.0,0.0,0.0,1.0,2086,1166,2019,12,27,4,0,0.8915723270440252,0.8050168389269539,0.0366259048863864
2019-12-27,81,0.9547001659548184,0.0039008080245193,0.0,0.0,0.0,1.0,2087,2091,2019,12,27,4,0,0.8933333333333334,0.8035071420276392,0.0383885481600643
2019-12-27,85,0.9547001659548184,0.0108665366397325,0.0,0.0,0.0,1.0,2088,1640,2019,12,27,4,0,0.8981132075471701,0.8051329694576705,0.0456402071184395
2019-12-28,80,1.0,0.0050153246029534,0.0,0.0,0.0,1.0,2089,529,2019,12,28,5,1,0.8966037735849058,0.8060620137034027,0.9999371606676052
2019-12-28,82,1.0,0.005851212036779,0.0,0.0,0.0,1.0,2090,2067,2019,12,28,5,1,0.0226415094339622,0.8068749274184184,0.0453919917554795
2019-12-28,83,1.0,0.0047366954583449,0.0,0.0,0.0,1.0,2091,1673,2019,12,28,5,1,0.0226415094339622,0.8071071884798513,0.0399658154031771
2019-12-28,84,1.0,0.0091947617720813,0.0,0.0,0.0,1.0,2092,2053,2019,12,28,5,1,0.0246540880503144,0.8082684937870166,0.0367295897848381
2019-12-28,81,1.0,0.000557258289217,0.0,0.0,0.0,1.0,2093,1525,2019,12,28,5,1,0.0188679245283018,0.8067587968877019,0.0383948320933038
2019-12-28,85,1.0,0.0030649205906937,0.0,0.0,0.0,1.0,2094,1226,2019,12,28,5,1,0.0181132075471698,0.8053652305191035,0.0456747687512567
2019-12-29,80,0.9977475262300984,0.0030649205906937,0.0,0.0,0.0,1.0,2095,825,2019,12,29,6,1,0.0110691823899371,0.3977470677040994,0.9999717223004224
2019-12-29,82,0.9977475262300984,0.0086375034828643,0.0,0.0,0.0,1.0,2096,150,2019,12,29,6,1,0.0143396226415094,0.3994890256648473,0.0454893927206917
2019-12-29,83,0.9977475262300984,0.0144887155196433,0.0,0.0,0.0,1.0,2097,1648,2019,12,29,6,1,0.0221383647798742,0.4034374637092091,0.0401291976674039
2025-03-15,87,0.9977475262300984,0.0072443577598216,0.0,0.0,0.0,1.0,2098,665,2025,3,15,5,1,0.0244025157232704,0.4061084659156893,0.2558880454454052
2019-12-29,81,0.9977475262300984,0.006408470325996,0.0,0.0,0.0,1.0,2099,919,2019,12,29,6,1,0.0218867924528301,0.4061084659156893,0.038467097325558
2019-12-29,85,0.9977475262300984,0.006408470325996,0.0,0.0,0.0,1.0,2100,871,2019,12,29,6,1,0.0271698113207547,0.407385901753571,0.0457470339835109
2019-12-29,24,0.9010912047716566,0.9802173307327948,1.0,0.0,0.0,1.0,2101,1466,2019,12,29,6,1,0.9094339622641512,0.8139588897921264,0.0110408707017896
2019-12-30,82,0.9010912047716566,0.0041794371691278,0.0,0.0,0.0,1.0,2102,1889,2019,12,30,0,0,0.9104402515723272,0.8129137150156776,0.0455365222199879
2019-12-30,84,0.9010912047716566,0.0078016160490387,0.0,0.0,0.0,1.0,2103,1301,2019,12,30,0,0,0.9096855345911952,0.8136104981999768,0.036817564850191
2019-12-30,81,0.9010912047716566,0.0027862914460852,0.0,0.0,0.0,1.0,2104,1281,2019,12,30,0,0,0.8991194968553461,0.8129137150156776,0.0384985169917554
2019-12-30,85,0.9010912047716566,0.0030649205906937,0.0,0.0,0.0,1.0,2105,785,2019,12,30,0,0,0.8953459119496857,0.8122169318313786,0.0457815956163281
2019-12-31,80,0.8449794740093138,0.0025076623014767,0.0,0.0,0.0,1.0,2106,992,2019,12,31,1,0,0.8918238993710694,0.8119846707699454,1.0
2019-12-31,82,0.8449794740093138,0.006408470325996,0.0,0.0,0.0,1.0,2107,1674,2019,12,31,1,0,0.8918238993710694,0.8124491928928115,0.0456087874522421
2019-12-31,83,0.8449794740093138,0.0069657286152131,0.0,0.0,0.0,1.0,2108,1456,2019,12,31,1,0,0.0130817610062893,0.8130298455463942,0.0402077468328976
2019-12-31,84,0.8449794740093138,0.0066870994706046,0.0,0.0,0.0,1.0,2109,1386,2019,12,31,1,0,0.0153459119496855,0.8134943676692603,0.0368929720490649
2019-12-31,81,0.8449794740093138,0.0027862914460852,0.0,0.0,0.0,1.0,2110,782,2019,12,31,1,0,0.010817610062893,0.8138427592614099,0.0385299366579529
2019-12-31,85,0.8449794740093138,0.0069657286152131,0.0,0.0,0.0,1.0,2111,296,2019,12,31,1,0,0.0145911949685534,0.8144234119149925,0.0458601447818218
2019-12-31,87,0.9331264417364116,0.0220117024240735,0.0,0.0,1.0,0.0,2112,306,2019,12,31,1,0,0.0316981132075471,0.8208105911044015,0.2561362608083652
2019-01-01,82,0.9331264417364116,0.0186681526887712,0.0,0.0,1.0,0.0,2113,1893,2019,1,1,1,0,0.0462893081761006,0.4227151318081523,0.0458192992157651
2019-01-01,83,0.9331264417364116,0.0195040401225968,0.0,0.0,1.0,0.0,2114,241,2019,1,1,1,0,0.0581132075471698,0.4288700499361282,0.0404276844962799
2019-01-01,84,0.9331264417364116,0.0247979938701588,0.0,0.0,1.0,0.0,2115,1244,2019,1,1,1,0,0.0742138364779874,0.4363024039019859,0.0371726070782224
2019-01-01,81,0.9331264417364116,0.0175536361103371,0.0,0.0,1.0,0.0,2116,1288,2019,1,1,1,0,0.0840251572327044,0.4407153640692138,0.0387278805549969
