Date,Infrastructure_Machineries,Daily_Sales _Percentage,Daily_Sales_Quantity,Market_Share,Political,Marketing,Budget,Customer_Id,Region,Year,Month,Day,Day_of_Week,Is_Weekend,Rolling_7D_Sales,Rolling_30D_Sales,Cumulative_Sales
2019-01-01,82,0.9331264417364115,0.022290331568682084,0.0,0.0,1.0,0.0,0,1309,2019,1,1,1,0,0.12352201257861636,0.2099639995354779,0.00023878946310074403
2019-01-01,83,0.9331264417364115,0.019504040122596825,0.0,0.0,1.0,0.0,1,1697,2019,1,1,1,0,0.11471698113207549,0.1925444199279991,0.00020736979690327771
2019-01-01,84,0.9331264417364115,0.019504040122596825,0.0,0.0,1.0,0.0,2,645,2019,1,1,1,0,0.11178197064989517,0.18673789339217278,0.00020736979690327771
2019-01-01,81,0.9331264417364115,0.018946781833379774,0.0,0.0,1.0,0.0,3,217,2019,1,1,1,0,0.10943396226415095,0.18209267216351177,0.00020108586366378444
2019-01-01,85,0.9331264417364115,0.016996377821120092,0.0,0.0,1.0,0.0,4,1960,2019,1,1,1,0,0.10555974842767296,0.17442805713622112,0.00017909209732555804
2019-01-02,80,0.9854840244137698,0.01421008637503483,0.0,0.0,1.0,0.0,5,1074,2019,1,2,2,0,0.10004192872117404,0.16351178724886775,0.0001476724311280917
2019-01-02,82,0.9854840244137698,0.018946781833379774,0.0,0.0,1.0,0.0,6,1831,2019,1,2,2,0,0.10037735849056606,0.1641753902815336,0.00045244319324351496
2019-01-02,83,0.9854840244137698,0.023683477291724715,0.0,0.0,1.0,0.0,7,1231,2019,1,2,2,0,0.10163522012578619,0.17207641388921147,0.0004744369595817414
2019-01-02,84,0.9854840244137698,0.01783226525494567,0.0,0.0,1.0,0.0,8,1752,2019,1,2,2,0,0.10012578616352202,0.17009251732280417,0.0004084556605670621
2019-01-02,81,0.9854840244137698,0.020897185845639456,0.0,0.0,1.0,0.0,9,605,2019,1,2,2,0,0.10138364779874215,0.17233770758332367,0.0004367333601447818
2019-01-02,85,0.9854840244137698,0.02201170242407356,0.0,0.0,1.0,0.0,10,1580,2019,1,2,2,0,0.10415094339622644,0.17544155994974717,0.0004273074602855419
2019-01-03,80,0.8222044279334446,0.017275006965728618,0.0,0.0,1.0,0.0,11,1444,2019,1,3,3,0,0.10440251572327044,0.1730925560329811,0.00034247436155238287
2019-01-03,82,0.8222044279334446,0.023683477291724715,0.0,0.0,1.0,0.0,12,383,2019,1,3,3,0,0.11295597484276731,0.17726878857990228,0.0007195103559219787
2019-01-03,83,0.8222044279334446,0.014767344664251883,0.0,0.0,1.0,0.0,13,432,2019,1,3,3,0,0.10918238993710694,0.172885180085273,0.0006409611904283129
2019-01-03,87,0.8222044279334446,0.017275006965728618,0.0,0.0,1.0,0.0,14,674,2019,1,3,3,0,0.10339622641509436,0.17117640227615838,0.00018223406394530465
2019-01-03,81,0.8222044279334446,0.016160490387294512,0.0,0.0,1.0,0.0,15,470,2019,1,3,3,0,0.1018867924528302,0.1688102427128092,0.0006189674240900865
2019-01-03,85,0.8222044279334446,0.01838952354416272,0.0,0.0,1.0,0.0,16,1307,2019,1,3,3,0,0.09962264150943398,0.16836194470820498,0.0006346772571888197
2019-01-04,80,0.8620983073362587,0.9924770130955699,1.0,0.0,1.0,0.0,17,505,2019,1,4,4,0,0.9758490566037737,0.8446173499012892,0.011534159461089885
2019-01-04,82,0.8620983073362587,0.022290331568682084,0.0,0.0,1.0,0.0,18,1943,2019,1,4,4,0,0.9803773584905662,0.8112145419872989,0.0009708676855017091
2019-01-04,83,0.13790169266374136,0.015603232098077461,0.0,0.0,1.0,0.0,19,1922,2019,1,4,4,0,0.9730817610062895,0.7769713157589131,0.0008169113211341243
2019-01-04,84,0.8620983073362587,0.016717748676511563,0.0,0.0,1.0,0.0,20,1573,2019,1,4,4,0,0.9748427672955977,0.7466529522039915,0.00059697365775186
2019-01-04,5,0.8620983073362587,0.016160490387294512,0.0,0.0,1.0,0.0,21,1814,2019,1,4,4,0,0.9738364779874216,0.7187740838884724,0.00016966619746631813
2019-01-04,85,0.8620983073362587,0.017275006965728618,0.0,0.0,1.0,0.0,22,1348,2019,1,4,4,0,0.9748427672955977,0.693925363412824,0.0008294791876131107
2019-01-05,80,0.9042947171573152,0.021733073279465033,0.0,0.0,1.0,0.0,23,974,2019,1,5,5,1,0.9778616352201259,0.6734699802578097,0.011779232857430122
2025-03-15,82,0.9042947171573152,0.016717748676511563,0.0,0.0,1.0,0.0,24,720,2025,3,15,5,1,0.09685534591194972,0.6521426082917199,0.0011593856826865073
2019-01-05,83,0.9042947171573152,0.016996377821120092,0.0,0.0,1.0,0.0,25,970,2019,1,5,5,1,0.09207547169811323,0.6325898001661561,0.001008571284938669
2019-01-05,84,0.9042947171573152,0.020339927556422402,0.0,0.0,1.0,0.0,26,735,2019,1,5,5,1,0.09635220125786165,0.6160337552742616,0.0008263372209933641
2019-01-05,81,0.9042947171573152,0.02061855670103093,0.0,0.0,1.0,0.0,27,908,2019,1,5,5,1,0.09987421383647799,0.6007847105861273,0.0008514729539513372
2019-01-05,85,0.9042947171573152,0.021175814990247982,0.0,0.0,1.0,0.0,28,294,2019,1,5,5,1,0.10440251572327044,0.5868275942158987,0.001068268650713855
2019-01-05,87,0.8824206656164364,0.01978266926720535,0.0,0.0,1.0,0.0,29,1275,2019,1,5,5,1,0.10666666666666669,0.5732202996167692,0.0004053136939473155
2019-01-06,82,0.8824206656164364,0.021454444134856508,0.0,0.0,1.0,0.0,30,892,2019,1,6,6,1,0.10641509433962268,0.5728719080246196,0.001401317112406998
2019-01-06,83,0.8824206656164364,0.017553636110337143,0.0,0.0,1.0,0.0,31,1776,2019,1,6,6,1,0.10716981132075473,0.5720589943096039,0.0012065151819827067
2019-01-06,84,0.8824206656164364,0.020061298411813876,0.0,0.0,1.0,0.0,32,632,2019,1,6,6,1,0.10993710691823902,0.5722912553710371,0.0010525588176151218
2019-01-06,81,0.8824206656164364,0.01783226525494567,0.0,0.0,1.0,0.0,33,687,2019,1,6,6,1,0.10767295597484278,0.571826733248171,0.0010525588176151218
2019-01-06,85,0.8824206656164364,0.015045973808860408,0.0,0.0,1.0,0.0,34,1343,2019,1,6,6,1,0.10264150943396227,0.5710138195331553,0.001237934848180173
2019-01-07,80,0.9137050779912241,0.9924770130955699,1.0,0.0,1.0,0.0,35,921,2019,1,7,0,0,0.979622641509434,0.978748112878876,0.022970917956967624
2019-01-07,82,0.9137050779912241,0.02396210643633324,0.0,0.0,1.0,0.0,36,1621,2019,1,7,0,0,0.9833962264150946,0.9808384624317732,0.0016715262417052081
2019-01-07,83,0.9137050779912241,0.0192254109779883,0.0,0.0,1.0,0.0,37,594,2019,1,7,0,0,0.9813836477987422,0.9789803739403089,0.0014233108787452243
2019-01-07,84,0.9137050779912241,0.021733073279465033,0.0,0.0,1.0,0.0,38,1896,2019,1,7,0,0,0.9851572327044027,0.9806062013703403,0.001297632213955359
2019-01-07,81,0.08629492200877592,0.006965728615213152,0.0,0.0,1.0,0.0,39,1968,2019,1,7,0,0,0.9733333333333335,0.974799674834514,0.0011311079831087876
2019-01-07,85,0.9137050779912241,0.017275006965728618,0.0,0.0,1.0,0.0,40,231,2019,1,7,0,0,0.9728301886792455,0.972825455812333,0.0014327367786044643
2019-01-08,80,0.8722094235442193,0.023683477291724715,0.0,0.0,1.0,0.0,41,1043,2019,1,8,1,0,0.9806289308176102,0.9754964580188132,0.023237985119646087
2019-01-08,82,0.8722094235442193,0.01783226525494567,0.0,0.0,1.0,0.0,42,684,2019,1,8,1,0,0.10062893081761007,0.9730577168737662,0.0018726121053689927
2019-01-08,6,0.8722094235442193,0.021454444134856508,0.0,0.0,1.0,0.0,43,2012,2019,1,8,1,0,0.09836477987421385,0.9758448496109626,0.00022936356324150414
2019-01-08,87,0.8722094235442193,0.017553636110337143,0.0,0.0,1.0,0.0,44,1380,2019,1,8,1,0,0.09685534591194972,0.9759609801416793,0.0006032575909913533
2019-01-08,81,0.8722094235442193,0.017553636110337143,0.0,0.0,1.0,0.0,45,1974,2019,1,8,1,0,0.09308176100628932,0.9765416327952618,0.0013290518801528253
2019-01-08,85,0.8722094235442193,0.01838952354416272,0.0,0.0,1.0,0.0,46,213,2019,1,8,1,0,0.10339622641509436,0.9765416327952618,0.0016401065755077418
2019-01-09,80,0.8030333348623881,0.016439119531903038,0.0,0.0,1.0,0.0,47,2055,2019,1,9,2,0,0.10264150943396227,0.5697363836952736,0.02342336115021114
2019-01-09,82,0.8030333348623881,0.020897185845639456,0.0,0.0,1.0,0.0,48,260,2019,1,9,2,0,0.10012578616352202,0.5691557310416908,0.00210825960184999
2025-03-15,83,0.8030333348623881,0.018668152688771245,0.0,0.0,1.0,0.0,49,597,2025,3,15,5,1,0.1008805031446541,0.5704331668795726,0.0016338226422682486
2019-01-09,84,0.8030333348623881,0.020061298411813876,0.0,0.0,1.0,0.0,50,1389,2019,1,9,2,0,0.09962264150943398,0.571826733248171,0.0015238538105771166
2019-01-09,81,0.8030333348623881,0.01978266926720535,0.0,0.0,1.0,0.0,51,15,2019,1,9,2,0,0.10163522012578619,0.5733364301474859,0.0015521315101548363
2019-01-09,85,0.8030333348623881,0.017275006965728618,0.0,0.0,1.0,0.0,52,766,2019,1,9,2,0,0.10138364779874215,0.5733364301474859,0.0018349085059320331
2019-01-10,80,0.8901791947578135,0.9927556422401784,1.0,0.0,1.0,0.0,53,2048,2019,1,10,3,0,0.9811320754716982,0.9780513296945765,0.03461818821636839
2019-01-10,82,0.8901791947578135,0.01978266926720535,0.0,0.0,1.0,0.0,54,1829,2019,1,10,3,0,0.9841509433962266,0.9793287655324585,0.002331339231852001
2019-01-10,83,0.8901791947578135,0.01783226525494567,0.0,0.0,1.0,0.0,55,1027,2019,1,10,3,0,0.9813836477987422,0.9796771571246081,0.0018349085059320331
2019-01-10,84,0.8901791947578135,0.016717748676511563,0.0,0.0,1.0,0.0,56,1530,2019,1,10,3,0,0.979622641509434,0.9781674602252932,0.0017123718077619145
2019-01-10,81,0.8901791947578135,0.016160490387294512,0.0,0.0,1.0,0.0,57,1013,2019,1,10,3,0,0.9761006289308177,0.9763093717338287,0.001734365574100141
2019-01-10,85,0.8901791947578135,0.015324602953468934,0.0,0.0,1.0,0.0,58,428,2019,1,10,3,0,0.9720754716981134,0.9738706305887816,0.002007716670018098
2019-01-10,87,0.025928526948335306,0.009473390916689887,0.0,0.0,1.0,0.0,59,246,2019,1,10,3,0,0.9650314465408807,0.9695738009522705,0.0007100844560627388
2019-01-11,82,0.9740714730516646,0.022568960713290613,0.0,0.0,1.0,0.0,60,1964,2019,1,11,4,0,0.08905660377358493,0.9700383230751366,0.002585838528051478
2019-01-11,83,0.9740714730516646,0.02061855670103093,0.0,0.0,1.0,0.0,61,209,2019,1,11,4,0,0.08981132075471698,0.9713157589130184,0.0020674140357932838
2019-01-11,84,0.9740714730516646,0.020339927556422402,0.0,0.0,1.0,0.0,62,1669,2019,1,11,4,0,0.09207547169811323,0.9714318894437348,0.0019417353710034185
2019-01-11,81,0.9740714730516646,0.021175814990247982,0.0,0.0,1.0,0.0,63,1979,2019,1,11,4,0,0.09610062893081764,0.972825455812333,0.001973155037200885
2019-01-11,85,0.9740714730516646,0.013931457230426304,0.0,0.0,1.0,0.0,64,1254,2019,1,11,4,0,0.09408805031446543,0.972360933689467,0.0021648150010054293
2019-01-11,0,0.9487936699641888,0.021454444134856508,0.0,0.0,1.0,0.0,65,1915,2019,1,11,4,0,0.09962264150943398,0.5676460341423759,0.00022936356324150414
2019-01-12,82,0.9487936699641888,0.019504040122596825,0.0,0.0,1.0,0.0,66,952,2019,1,12,5,1,0.10867924528301887,0.5657879456509116,0.0028057761914337424
2019-01-12,83,0.9487936699641888,0.0192254109779883,0.0,0.0,1.0,0.0,67,289,2019,1,12,5,1,0.1056603773584906,0.5657879456509116,0.0022842097325558013
2019-01-12,84,0.9487936699641888,0.0192254109779883,0.0,0.0,1.0,0.0,68,813,2019,1,12,5,1,0.10440251572327044,0.564742770874463,0.002158531067765936
2019-01-12,81,0.9487936699641888,0.02061855670103093,0.0,0.0,1.0,0.0,69,1072,2019,1,12,5,1,0.10465408805031448,0.5704331668795726,0.002205660567062136
2019-01-12,85,0.9487936699641888,0.01978266926720535,0.0,0.0,1.0,0.0,70,1084,2019,1,12,5,1,0.10339622641509436,0.5714783416560214,0.0023878946310074405
2019-01-13,80,0.8614475960429735,0.9955419336862636,1.0,0.0,1.0,0.0,71,446,2019,1,13,6,1,0.9896855345911952,0.9765416327952618,0.04584443494872311
2019-01-13,82,0.8614475960429735,0.018946781833379774,0.0,0.0,1.0,0.0,72,59,2019,1,13,6,1,0.987421383647799,0.9770061549181279,0.003019429921576513
2019-01-13,83,0.8614475960429735,0.015324602953468934,0.0,0.0,1.0,0.0,73,768,2019,1,13,6,1,0.9836477987421386,0.9744512832423644,0.0024570178966418664
2025-03-15,87,0.8614475960429735,0.020897185845639456,0.0,0.0,1.0,0.0,74,656,2025,3,15,5,1,0.9851572327044027,0.9758448496109626,0.0009457319525437362
2019-01-13,81,0.8614475960429735,0.014488715519643355,0.0,0.0,1.0,0.0,75,1556,2019,1,13,6,1,0.9808805031446542,0.9745674137730809,0.0023690428312889604
2019-01-13,85,0.8614475960429735,0.016439119531903038,0.0,0.0,1.0,0.0,76,1716,2019,1,13,6,1,0.9771069182389938,0.9737545000580654,0.0025732706615724916
2019-01-14,80,0.838922808073661,0.020897185845639456,0.0,0.0,1.0,0.0,77,124,2019,1,14,0,0,0.97811320754717,0.9756125885495297,0.046080082445204104
2019-01-14,82,0.838922808073661,0.020897185845639456,0.0,0.0,1.0,0.0,78,1081,2019,1,14,0,0,0.09811320754716982,0.9756125885495297,0.003255077418057511
2019-01-14,83,0.1610771919263389,0.012259682362775148,0.0,0.0,1.0,0.0,79,557,2019,1,14,0,0,0.09207547169811323,0.9729415863430495,0.002595264427910718
2019-01-14,84,0.838922808073661,0.01978266926720535,0.0,0.0,1.0,0.0,80,1422,2019,1,14,0,0,0.09610062893081764,0.972825455812333,0.002381610697767947
2019-01-14,81,0.838922808073661,0.015324602953468934,0.0,0.0,1.0,0.0,81,1493,2019,1,14,0,0,0.09106918238993711,0.9709673673208687,0.0025418509953750255
2019-01-14,85,0.838922808073661,0.016439119531903038,0.0,0.0,1.0,0.0,82,669,2019,1,14,0,0,0.0928301886792453,0.9706189757287189,0.002758646692137543
2019-01-15,80,0.8848233093313611,0.01978266926720535,0.0,0.0,1.0,0.0,83,1650,2019,1,15,1,0,0.0958490566037736,0.5650911624666126,0.046303162075206114
2019-01-15,82,0.8848233093313611,0.02396210643633324,0.0,0.0,1.0,0.0,84,16,2019,1,15,1,0,0.09861635220125789,0.5668331204273604,0.003525286547355721
2019-01-15,83,0.8848233093313611,0.017275006965728618,0.0,0.0,1.0,0.0,85,1891,2019,1,15,1,0,0.09534591194968556,0.5666008593659273,0.002790066358335009
2019-01-15,84,0.8848233093313611,0.015324602953468934,0.0,0.0,1.0,0.0,86,1508,2019,1,15,1,0,0.09811320754716982,0.5660202067123448,0.002554418861854012
2019-01-15,1,0.8848233093313611,0.02061855670103093,0.0,0.0,1.0,0.0,87,1867,2019,1,15,1,0,0.0988679245283019,0.5678782952038091,0.00021993766338226423
2019-01-15,85,0.8848233093313611,0.01783226525494567,0.0,0.0,1.0,0.0,88,869,2019,1,15,1,0,0.10113207547169814,0.5689234699802579,0.0029597325558013273
2019-01-15,87,0.9079987960263844,0.9905266090833101,1.0,0.0,1.0,0.0,89,13,2019,1,15,1,0,0.9806289308176102,0.9778190686331436,0.012115423285743011
2019-01-16,82,0.9079987960263844,0.012816940651992199,0.0,0.0,1.0,0.0,90,1434,2019,1,16,2,0,0.9743396226415095,0.9737545000580654,0.0036698170118640663
2019-01-16,83,0.9079987960263844,0.02340484814711619,0.0,0.0,1.0,0.0,91,284,2019,1,16,2,0,0.9738364779874216,0.9749158053652305,0.0030539915543937265
2019-01-16,84,0.9079987960263844,0.0192254109779883,0.0,0.0,1.0,0.0,92,58,2019,1,16,2,0,0.9755974842767298,0.9744512832423644,0.0027712145586165295
2019-01-16,81,0.9079987960263844,0.023683477291724715,0.0,0.0,1.0,0.0,93,1919,2019,1,16,2,0,0.9831446540880504,0.9754964580188132,0.002808918158053489
2019-01-16,85,0.9079987960263844,0.018668152688771245,0.0,0.0,1.0,0.0,94,270,2019,1,16,2,0,0.9813836477987422,0.977470677040994,0.0031702443193243517
2019-01-17,80,0.9755230781508322,0.020339927556422402,0.0,0.0,1.0,0.0,95,1500,2019,1,17,3,0,0.9836477987421386,0.9770061549181279,0.04653252563844762
2019-01-17,82,0.9755230781508322,0.022290331568682084,0.0,0.0,1.0,0.0,96,1407,2019,1,17,3,0,0.10943396226415095,0.9781674602252932,0.003921174341443796
2019-01-17,83,0.9755230781508322,0.012816940651992199,0.0,0.0,1.0,0.0,97,588,2019,1,17,3,0,0.10943396226415095,0.9754964580188132,0.0031985220189020714
2019-01-17,84,0.9755230781508322,0.020061298411813876,0.0,0.0,1.0,0.0,98,1455,2019,1,17,3,0,0.10641509433962268,0.9758448496109626,0.002997436155238287
2025-03-15,81,0.024476921849167776,0.010866536639732517,0.0,0.0,1.0,0.0,99,1735,2025,3,15,5,1,0.0988679245283019,0.9717802810358844,0.0029314548562236076
2019-01-17,85,0.9755230781508322,0.01978266926720535,0.0,0.0,1.0,0.0,100,311,2019,1,17,3,0,0.09534591194968556,0.9717802810358844,0.0033933239493263625
2019-01-18,80,0.9025427973032499,0.020061298411813876,0.0,0.0,1.0,0.0,101,305,2019,1,18,4,0,0.09660377358490566,0.5652072929973291,0.04675874723506938
2019-01-18,82,0.9025427973032499,0.0192254109779883,0.0,0.0,1.0,0.0,102,351,2019,1,18,4,0,0.09559748427672957,0.5653234235280455,0.004137970038206314
2019-01-18,83,0.9025427973032499,0.021733073279465033,0.0,0.0,1.0,0.0,103,1108,2019,1,18,4,0,0.09509433962264152,0.5679944257345257,0.0034435954152423087
2019-01-18,87,0.9025427973032499,0.015045973808860408,0.0,0.0,1.0,0.0,104,135,2019,1,18,4,0,0.09710691823899373,0.5655556845894787,0.01228508948320933
2019-01-18,81,0.9025427973032499,0.019504040122596825,0.0,0.0,1.0,0.0,105,870,2019,1,18,4,0,0.09660377358490566,0.5676460341423759,0.003151392519605872
2019-01-18,85,0.9025427973032499,0.02061855670103093,0.0,0.0,1.0,0.0,106,1258,2019,1,18,4,0,0.10540880503144656,0.569387992103124,0.0036258294791876133
2019-01-19,80,0.8765141696258067,0.9899693507940931,1.0,0.0,1.0,0.0,107,1419,2019,1,19,5,1,0.9813836477987422,0.9732899779351993,0.057922154635029165
2019-01-19,82,0.8765141696258067,0.01978266926720535,0.0,0.0,1.0,0.0,108,1399,2019,1,19,5,1,0.9811320754716982,0.972825455812333,0.004361049668208325
2019-01-19,86,0.8765141696258067,0.021454444134856508,0.0,0.0,1.0,0.0,109,1316,2019,1,19,5,1,0.9831446540880504,0.9766577633259783,0.00022936356324150414
2019-01-19,84,0.8765141696258067,0.01978266926720535,0.0,0.0,1.0,0.0,110,309,2019,1,19,5,1,0.9813836477987422,0.9766577633259783,0.003220515785240298
2019-01-19,81,0.8765141696258067,0.017275006965728618,0.0,0.0,1.0,0.0,111,111,2019,1,19,5,1,0.9833962264150946,0.977470677040994,0.003346194450030163
2019-01-19,85,0.8765141696258067,0.012816940651992199,0.0,0.0,1.0,0.0,112,1392,2019,1,19,5,1,0.977358490566038,0.9759609801416793,0.0037703599436959582
2019-01-20,80,0.938282113137074,0.02340484814711619,0.0,0.0,1.0,0.0,113,2080,2019,1,20,6,1,0.9798742138364782,0.977470677040994,0.05818607983108788
2019-01-20,82,0.938282113137074,0.021175814990247982,0.0,0.0,1.0,0.0,114,1642,2019,1,20,6,1,0.10515723270440253,0.9763093717338287,0.004599839131309069
2019-01-20,83,0.938282113137074,0.017553636110337143,0.0,0.0,1.0,0.0,115,1574,2019,1,20,6,1,0.10314465408805035,0.9764255022645454,0.0036415393122863466
2019-01-20,84,0.938282113137074,0.013374198941209251,0.0,0.0,1.0,0.0,116,1142,2019,1,20,6,1,0.0958490566037736,0.9756125885495297,0.003371330182988136
2019-01-20,81,0.938282113137074,0.02340484814711619,0.0,0.0,1.0,0.0,117,1874,2019,1,20,6,1,0.09911949685534593,0.976773893856695,0.00361011964608888
2019-01-20,85,0.938282113137074,0.020897185845639456,0.0,0.0,1.0,0.0,118,1424,2019,1,20,6,1,0.10238993710691827,0.9780513296945765,0.0040060074401769554
2019-01-20,87,0.1573731130572698,0.012816940651992199,0.0,0.0,1.0,0.0,119,1714,2019,1,20,6,1,0.10238993710691827,0.5705492974102893,0.012429619947717675
2019-01-21,82,0.8426268869427302,0.018110894399554194,0.0,0.0,1.0,0.0,120,1003,2019,1,21,0,0,0.0976100628930818,0.5727557774939032,0.0048040669615926
2019-01-21,83,0.8426268869427302,0.014767344664251883,0.0,0.0,1.0,0.0,121,37,2019,1,21,0,0,0.09182389937106919,0.5691557310416908,0.003808063543132918
2019-01-21,84,0.8426268869427302,0.017553636110337143,0.0,0.0,1.0,0.0,122,1023,2019,1,21,0,0,0.09182389937106919,0.5684589478573918,0.003569274080032174
2019-01-21,81,0.8426268869427302,0.01783226525494567,0.0,0.0,1.0,0.0,123,1907,2019,1,21,0,0,0.0958490566037736,0.5660202067123448,0.0038112055097526644
2025-03-15,85,0.8426268869427302,0.018110894399554194,0.0,0.0,1.0,0.0,124,658,2025,3,15,5,1,0.09106918238993711,0.5657879456509116,0.004210235270460487
2019-01-22,80,0.8658524302860946,0.993591529674004,1.0,0.0,1.0,0.0,125,1719,2019,1,22,1,0,0.9693081761006291,0.9714318894437348,0.06939033279710437
2019-01-22,82,0.8658524302860946,0.019504040122596825,0.0,0.0,1.0,0.0,126,716,2019,1,22,1,0,0.9753459119496856,0.9702705841365695,0.005024004624974865
2019-01-22,83,0.8658524302860946,0.02061855670103093,0.0,0.0,1.0,0.0,127,2006,2019,1,22,1,0,0.9776100628930819,0.9735222389966323,0.004040569072994169
2019-01-22,84,0.8658524302860946,0.018110894399554194,0.0,0.0,1.0,0.0,128,364,2019,1,22,1,0,0.9806289308176102,0.9727093252816166,0.003773501910315705
2019-01-22,81,0.8658524302860946,0.015603232098077461,0.0,0.0,1.0,0.0,129,1311,2019,1,22,1,0,0.978867924528302,0.9746835443037976,0.003987155640458476
2019-01-22,85,0.8658524302860946,0.02201170242407356,0.0,0.0,1.0,0.0,130,1560,2019,1,22,1,0,0.9826415094339624,0.9756125885495297,0.004458450633420471
2019-01-22,2,0.8439783787452158,0.013931457230426304,0.0,0.0,1.0,0.0,131,1376,2019,1,22,1,0,0.978867924528302,0.9730577168737662,0.00014453046450834506
2019-01-23,82,0.8439783787452158,0.018110894399554194,0.0,0.0,1.0,0.0,132,106,2019,1,23,2,0,0.09811320754716982,0.9725931947508999,0.005228232455258395
2019-01-23,83,0.8439783787452158,0.021175814990247982,0.0,0.0,1.0,0.0,133,1803,2019,1,23,2,0,0.09962264150943398,0.972360933689467,0.004279358536094913
2019-01-23,87,0.8439783787452158,0.018110894399554194,0.0,0.0,1.0,0.0,134,2004,2019,1,23,2,0,0.09735849056603774,0.9736383695273487,0.012633847778001205
2019-01-23,81,0.8439783787452158,0.02424073558094177,0.0,0.0,1.0,0.0,135,1608,2019,1,23,2,0,0.10289308176100631,0.9756125885495297,0.004260506736376433
2019-01-23,85,0.8439783787452158,0.017553636110337143,0.0,0.0,1.0,0.0,136,2040,2019,1,23,2,0,0.10465408805031448,0.9743351527116477,0.004656394530464509
2019-01-24,80,0.9233656969316897,0.017275006965728618,0.0,0.0,1.0,0.0,137,977,2019,1,24,3,0,0.10037735849056606,0.5689234699802579,0.06958513472752866
2019-01-24,82,0.9233656969316897,0.021733073279465033,0.0,0.0,1.0,0.0,138,1168,2019,1,24,3,0,0.10742138364779877,0.5697363836952736,0.005473305851598633
2019-01-24,83,0.07663430306831037,0.01142379492894957,0.0,0.0,1.0,0.0,139,297,2019,1,24,3,0,0.10138364779874215,0.5655556845894787,0.004408179167504525
2019-01-24,84,0.9233656969316897,0.01978266926720535,0.0,0.0,1.0,0.0,140,655,2019,1,24,3,0,0.10012578616352202,0.5655556845894787,0.003996581540317716
2019-01-24,81,0.9233656969316897,0.015881861242685986,0.0,0.0,1.0,0.0,141,1916,2019,1,24,3,0,0.09811320754716982,0.5649750319358959,0.004439598833701991
2019-01-24,85,0.9233656969316897,0.0192254109779883,0.0,0.0,1.0,0.0,142,910,2019,1,24,3,0,0.09358490566037739,0.5676460341423759,0.004873190227227026
2019-01-25,80,0.9712183320692449,1.0,1.0,0.0,1.0,0.0,143,1152,2019,1,25,4,0,0.9806289308176102,0.9746835443037976,0.08086165292579932
2019-01-25,82,0.9712183320692449,0.018946781833379774,0.0,0.0,1.0,0.0,144,1610,2019,1,25,4,0,0.9821383647798744,0.9737545000580654,0.005686959581741403
2019-01-25,83,0.9712183320692449,0.01978266926720535,0.0,0.0,1.0,0.0,145,845,2019,1,25,4,0,0.9803773584905662,0.9746835443037976,0.004631258797506536
2019-01-25,84,0.9712183320692449,0.021733073279465033,0.0,0.0,1.0,0.0,146,1382,2019,1,25,4,0,0.9896855345911952,0.9781674602252932,0.0042416549366579535
2019-01-25,81,0.9712183320692449,0.0192254109779883,0.0,0.0,1.0,0.0,147,1174,2019,1,25,4,0,0.989182389937107,0.9764255022645454,0.004656394530464509
2019-01-25,85,0.9712183320692449,0.01838952354416272,0.0,0.0,1.0,0.0,148,2098,2019,1,25,4,0,0.9914465408805033,0.9753803274880966,0.005080560024130304
2025-03-15,87,0.9443387665051524,0.018668152688771245,0.0,0.0,1.0,0.0,149,1973,2025,3,15,5,1,0.9909433962264151,0.9778190686331436,0.01284435954152423
2019-01-26,82,0.9443387665051524,0.020339927556422402,0.0,0.0,1.0,0.0,150,295,2019,1,26,5,1,0.10641509433962268,0.978748112878876,0.005916323144982908
2019-01-26,83,0.9443387665051524,0.022568960713290613,0.0,0.0,1.0,0.0,151,1128,2019,1,26,5,1,0.10968553459119498,0.9819997677389387,0.004885758093706013
2019-01-26,84,0.9443387665051524,0.017275006965728618,0.0,0.0,1.0,0.0,152,137,2019,1,26,5,1,0.10742138364779877,0.981883637208222,0.004436456867082245
2019-01-26,3,0.9443387665051524,0.019504040122596825,0.0,0.0,1.0,0.0,153,1997,2019,1,26,5,1,0.10540880503144656,0.982580420392521,0.00020736979690327771
2019-01-26,85,0.9443387665051524,0.01838952354416272,0.0,0.0,1.0,0.0,154,2037,2019,1,26,5,1,0.10465408805031448,0.9826965509232377,0.005287929821033582
2019-01-27,80,0.9547001659548184,0.021733073279465033,0.0,0.0,1.0,0.0,155,1326,2019,1,27,6,1,0.10767295597484278,0.5776332597839973,0.08110672632213956
2019-01-27,82,0.9547001659548184,0.018668152688771245,0.0,0.0,1.0,0.0,156,865,2019,1,27,6,1,0.10767295597484278,0.5772848681918477,0.006126834908505932
2019-01-27,83,0.9547001659548184,0.014767344664251883,0.0,0.0,1.0,0.0,157,456,2019,1,27,6,1,0.10264150943396227,0.5748461270468006,0.005052282324552584
2019-01-27,84,0.9547001659548184,0.016717748676511563,0.0,0.0,1.0,0.0,158,719,2019,1,27,6,1,0.09735849056603774,0.5742654743932181,0.004624974864267042
2019-01-27,81,0.04529983404518162,0.013095569796600726,0.0,0.0,1.0,0.0,159,1398,2019,1,27,6,1,0.09358490566037739,0.5732202996167692,0.0048040669615926
2019-01-27,85,0.9547001659548184,0.0192254109779883,0.0,0.0,1.0,0.0,160,1217,2019,1,27,6,1,0.09333333333333335,0.5720589943096039,0.005504725517796099
2019-01-28,80,1.0,0.9938701588186125,1.0,0.0,1.0,0.0,161,1058,2019,1,28,0,0,0.9740880503144655,0.9804900708396238,0.09231412125477578
2019-01-28,82,1.0,0.016717748676511563,0.0,0.0,1.0,0.0,162,749,2019,1,28,0,0,0.9695597484276731,0.979909418186041,0.0063153529056907305
2019-01-28,83,1.0,0.021454444134856508,0.0,0.0,1.0,0.0,163,144,2019,1,28,0,0,0.9720754716981134,0.9800255487167577,0.005294213754273074
2019-01-28,87,1.0,0.02284758985789914,0.0,0.0,1.0,0.0,164,1912,2019,1,28,0,0,0.9793710691823901,0.9819997677389387,0.013102000804343454
2019-01-28,81,1.0,0.02284758985789914,0.0,0.0,1.0,0.0,165,575,2019,1,28,0,0,0.9849056603773585,0.981419115085356,0.005061708224411824
2019-01-28,85,1.0,0.018110894399554194,0.0,0.0,1.0,0.0,166,1120,2019,1,28,0,0,0.989433962264151,0.9816513761467889,0.00570895334807963
2019-01-29,80,0.9977475262300985,0.021733073279465033,0.0,0.0,1.0,0.0,167,660,2019,1,29,1,0,0.9916981132075473,0.9835094646382534,0.09255919465111602
2019-01-29,82,0.9977475262300985,0.018946781833379774,0.0,0.0,1.0,0.0,168,438,2019,1,29,1,0,0.11144654088050315,0.9823481593310881,0.006529006635833501
2019-01-29,83,0.9977475262300985,0.02758428531624408,0.0,0.0,1.0,0.0,169,650,2019,1,29,1,0,0.12125786163522012,0.9890837301126465,0.005605268449627991
2019-01-29,84,0.9977475262300985,0.018946781833379774,0.0,0.0,1.0,0.0,170,883,2019,1,29,1,0,0.1189937106918239,0.9887353385204971,0.004838628594409813
2019-01-29,81,0.9977475262300985,0.022568960713290613,0.0,0.0,1.0,0.0,171,1911,2019,1,29,1,0,0.1187421383647799,0.9915224712576935,0.005316207520611301
2019-01-29,85,0.9977475262300985,0.022568960713290613,0.0,0.0,1.0,0.0,172,860,2019,1,29,1,0,0.11849056603773586,0.992916037626292,0.005963452644279108
2019-01-30,80,0.9010912047716566,0.015603232098077461,0.0,0.0,1.0,0.0,173,938,2019,1,30,2,0,0.11622641509433965,0.5826268726048078,0.09273514478182183
2025-03-15,82,0.9010912047716566,0.021175814990247982,0.0,0.0,1.0,0.0,174,1200,2025,3,15,5,1,0.11572327044025157,0.58355591685054,0.006767796098934245
2025-03-15,4,0.9010912047716566,0.015324602953468934,0.0,0.0,1.0,0.0,175,2097,2025,3,15,5,1,0.11245283018867924,0.5816978283590757,0.00016024029760707825
2019-01-30,84,0.9010912047716566,0.02424073558094177,0.0,0.0,1.0,0.0,176,1487,2019,1,30,2,0,0.10943396226415095,0.5827430031355243,0.00511197969032777
2019-01-30,81,0.9010912047716566,0.021454444134856508,0.0,0.0,1.0,0.0,177,630,2019,1,30,2,0,0.11169811320754719,0.5836720473812567,0.005558138950331792
2019-01-30,85,0.9010912047716566,0.022290331568682084,0.0,0.0,1.0,0.0,178,1956,2019,1,30,2,0,0.11144654088050315,0.5852978748112878,0.006214809973858838
2019-01-30,87,0.15502052599068616,0.9877403176372249,1.0,0.0,1.0,0.0,179,276,2019,1,30,2,0,0.9828930817610064,0.9891998606433632,0.024240272471345265
2019-01-31,82,0.8449794740093138,0.016160490387294512,0.0,0.0,1.0,0.0,180,1940,2019,1,31,3,0,0.9833962264150946,0.9874579026826154,0.0069500301628795495
2019-01-31,83,0.8449794740093138,0.016717748676511563,0.0,0.0,1.0,0.0,181,511,2019,1,31,3,0,0.9793710691823901,0.9850191615375681,0.0057937864468127894
2019-01-31,84,0.8449794740093138,0.021733073279465033,0.0,0.0,1.0,0.0,182,1604,2019,1,31,3,0,0.9851572327044027,0.9868772500290326,0.0053570530866680075
2019-01-31,81,0.8449794740093138,0.01838952354416272,0.0,0.0,1.0,0.0,183,399,2019,1,31,3,0,0.9798742138364782,0.9864127279061665,0.00576550874723507
2019-01-31,85,0.8449794740093138,0.019504040122596825,0.0,0.0,1.0,0.0,184,1663,2019,1,31,3,0,0.97811320754717,0.9868772500290326,0.006434747637241102
2019-02-01,80,0.9331264417364115,0.020897185845639456,0.0,0.0,1.0,0.0,185,1188,2019,2,1,4,0,0.9768553459119498,0.986528858436883,0.09297079227830284
2019-02-01,82,0.9331264417364115,0.015603232098077461,0.0,0.0,1.0,0.0,186,821,2019,2,1,4,0,0.09911949685534593,0.9852514225990014,0.007125980293585361
2019-02-01,83,0.9331264417364115,0.020061298411813876,0.0,0.0,1.0,0.0,187,508,2019,2,1,4,0,0.10264150943396227,0.9874579026826154,0.006020008043434547
2019-02-01,84,0.9331264417364115,0.018946781833379774,0.0,0.0,1.0,0.0,188,188,2019,2,1,4,0,0.10465408805031448,0.9883869469283475,0.005570706816810779
2019-02-01,81,0.9331264417364115,0.02061855670103093,0.0,0.0,1.0,0.0,189,956,2019,2,1,4,0,0.10364779874213836,0.9915224712576935,0.00599801427709632
2019-02-01,85,0.9331264417364115,0.022568960713290613,0.0,0.0,1.0,0.0,190,790,2019,2,1,4,0,0.10742138364779877,0.992916037626292,0.006689246933440579
2019-02-02,80,0.9854840244137698,0.021733073279465033,0.0,0.0,1.0,0.0,191,1685,2019,2,2,5,1,0.10943396226415095,0.5877366159563349,0.09321586567464307
2019-02-02,82,0.9854840244137698,0.019504040122596825,0.0,0.0,1.0,0.0,192,764,2019,2,2,5,1,0.10817610062893085,0.5888979212635002,0.007345917956967625
2019-02-02,83,0.9854840244137698,0.020339927556422402,0.0,0.0,1.0,0.0,193,1141,2019,2,2,5,1,0.11245283018867924,0.5884333991406341,0.006249371606676051
2019-02-02,87,0.9854840244137698,0.01783226525494567,0.0,0.0,1.0,0.0,194,556,2019,2,2,5,1,0.11044025157232706,0.5863430495877366,0.024441358335009048
2019-02-02,81,0.9854840244137698,0.01421008637503483,0.0,0.0,1.0,0.0,195,1799,2019,2,2,5,1,0.10616352201257861,0.5827430031355243,0.006158254574703399
2019-02-02,85,0.9854840244137698,0.02061855670103093,0.0,0.0,1.0,0.0,196,490,2019,2,2,5,1,0.10616352201257861,0.5837881779119731,0.00692175246330183
2019-02-02,32,0.8222044279334446,0.988297575926442,1.0,0.0,1.0,0.0,197,200,2019,2,2,5,1,0.97811320754717,0.9866449889675997,0.011131987733762316
2019-02-03,82,0.8222044279334446,0.015603232098077461,0.0,0.0,1.0,0.0,198,2066,2019,2,3,6,1,0.9725786163522013,0.9852514225990014,0.007521868087673437
2025-03-15,83,0.17779557206655533,0.021175814990247982,0.0,0.0,1.0,0.0,199,1497,2025,3,15,5,1,0.9740880503144655,0.982580420392521,0.006488161069776795
2019-02-03,84,0.8222044279334446,0.020061298411813876,0.0,0.0,1.0,0.0,200,601,2019,2,3,6,1,0.9738364779874216,0.9830449425153871,0.005796928413432536
2019-02-03,81,0.8222044279334446,0.023683477291724715,0.0,0.0,1.0,0.0,201,1008,2019,2,3,6,1,0.9791194968553462,0.9835094646382534,0.0064253217373818625
2019-02-03,85,0.8222044279334446,0.013652828085817777,0.0,0.0,1.0,0.0,202,1533,2019,2,3,6,1,0.978616352201258,0.9797932876553246,0.007075708827669415
2019-02-04,80,0.8620983073362587,0.018110894399554194,0.0,0.0,1.0,0.0,203,2035,2019,2,4,0,0,0.9763522012578619,0.9808384624317732,0.0934200935049266
2019-02-04,82,0.8620983073362587,0.01978266926720535,0.0,0.0,1.0,0.0,204,878,2019,2,4,0,0,0.1018867924528302,0.9802578097781907,0.007744947717675448
2019-02-04,83,0.8620983073362587,0.01421008637503483,0.0,0.0,1.0,0.0,205,1401,2019,2,4,0,0,0.10062893081761007,0.9797932876553246,0.006648401367383873
2019-02-04,84,0.8620983073362587,0.0192254109779883,0.0,0.0,1.0,0.0,206,1056,2019,2,4,0,0,0.0988679245283019,0.9777029381024271,0.006013724110195053
2019-02-04,81,0.8620983073362587,0.021454444134856508,0.0,0.0,1.0,0.0,207,362,2019,2,4,0,0,0.10012578616352202,0.9777029381024271,0.006667253167102353
2019-02-04,85,0.8620983073362587,0.026191139593201452,0.0,0.0,1.0,0.0,208,1071,2019,2,4,0,0,0.10238993710691827,0.9793287655324585,0.007371053689925598
2019-02-04,87,0.9042947171573152,0.013095569796600726,0.0,0.0,1.0,0.0,209,203,2019,2,4,0,0,0.1018867924528302,0.5731041690860528,0.02458903076613714
2019-02-05,82,0.9042947171573152,0.022568960713290613,0.0,0.0,1.0,0.0,210,959,2019,2,5,1,0,0.1059119496855346,0.5757751712925328,0.007999447013874924
2019-02-05,83,0.9042947171573152,0.01838952354416272,0.0,0.0,1.0,0.0,211,194,2019,2,5,1,0,0.10465408805031448,0.576471954476832,0.006855771164287151
2019-02-05,84,0.9042947171573152,0.018668152688771245,0.0,0.0,1.0,0.0,212,2056,2019,2,5,1,0,0.10867924528301887,0.5751945186389502,0.006224235873718078
2019-02-05,81,0.9042947171573152,0.020061298411813876,0.0,0.0,1.0,0.0,213,1395,2019,2,5,1,0,0.10943396226415095,0.5758913018232494,0.00689347476372411
2019-02-05,85,0.9042947171573152,0.02284758985789914,0.0,0.0,1.0,0.0,214,1315,2019,2,5,1,0,0.11069182389937107,0.5772848681918477,0.007628694952744822
2019-02-06,80,0.8824206656164364,0.9980495959877403,1.0,0.0,1.0,0.0,215,1130,2019,2,6,2,0,0.9881761006289309,0.984554639414702,0.10467461793685903
2019-02-06,82,0.8824206656164364,0.017553636110337143,0.0,0.0,1.0,0.0,216,1731,2019,2,6,2,0,0.9922012578616355,0.9853675531297177,0.008197390910918962
2019-02-06,83,0.8824206656164364,0.016439119531903038,0.0,0.0,1.0,0.0,217,285,2019,2,6,2,0,0.9866666666666668,0.983857856230403,0.007041147194852202
2019-02-06,84,0.8824206656164364,0.01783226525494567,0.0,0.0,1.0,0.0,218,1167,2019,2,6,2,0,0.9861635220125788,0.9833933341075369,0.0064253217373818625
2019-02-06,86,0.1175793343835636,0.008637503482864309,0.0,0.0,1.0,0.0,219,993,2019,2,6,2,0,0.9771069182389938,0.9783997212867261,0.0003267645284536497
2019-02-06,85,0.8824206656164364,0.016439119531903038,0.0,0.0,1.0,0.0,220,1090,2019,2,6,2,0,0.9738364779874216,0.9758448496109626,0.007814070983309872
2019-02-07,80,0.9137050779912241,0.020339927556422402,0.0,0.0,1.0,0.0,221,1266,2019,2,7,3,0,0.9715723270440253,0.9752641969573801,0.10490398150010054
2019-02-07,82,0.9137050779912241,0.016160490387294512,0.0,0.0,1.0,0.0,222,2094,2019,2,7,3,0,0.08503144654088052,0.9738706305887816,0.008379624974864266
2019-02-07,83,0.9137050779912241,0.022568960713290613,0.0,0.0,1.0,0.0,223,390,2019,2,7,3,0,0.08955974842767297,0.974799674834514,0.00729564649105168
2025-03-15,87,0.9137050779912241,0.018110894399554194,0.0,0.0,1.0,0.0,224,2052,2025,3,15,5,1,0.09106918238993711,0.9749158053652305,0.024793258596420672
2019-02-07,81,0.9137050779912241,0.015324602953468934,0.0,0.0,1.0,0.0,225,783,2019,2,7,3,0,0.0888050314465409,0.9753803274880966,0.007066282927810175
2019-02-07,85,0.9137050779912241,0.018110894399554194,0.0,0.0,1.0,0.0,226,182,2019,2,7,3,0,0.09735849056603774,0.9743351527116477,0.008018298813593405
2019-02-08,80,0.8722094235442193,0.023683477291724715,0.0,0.0,1.0,0.0,227,848,2019,2,8,4,0,0.10389937106918243,0.5722912553710371,0.105171048662779
2019-02-08,82,0.8722094235442193,0.018668152688771245,0.0,0.0,1.0,0.0,228,1136,2019,2,8,4,0,0.10238993710691827,0.5735686912089188,0.00859013673838729
2019-02-08,83,0.8722094235442193,0.021733073279465033,0.0,0.0,1.0,0.0,229,68,2019,2,8,4,0,0.10742138364779877,0.573800952270352,0.0075407198873919164
2019-02-08,84,0.8722094235442193,0.015324602953468934,0.0,0.0,1.0,0.0,230,1809,2019,2,8,4,0,0.1008805031446541,0.571826733248171,0.006598129901467927
2019-02-08,81,0.8722094235442193,0.020339927556422402,0.0,0.0,1.0,0.0,231,368,2019,2,8,4,0,0.10289308176100631,0.5704331668795726,0.00729564649105168
2019-02-08,85,0.8722094235442193,0.020061298411813876,0.0,0.0,1.0,0.0,232,375,2019,2,8,4,0,0.10716981132075473,0.5731041690860528,0.008244520410215162
2019-02-09,80,0.8030333348623881,0.9938701588186125,1.0,0.0,1.0,0.0,233,1543,2019,2,9,5,1,0.9881761006289309,0.9797932876553246,0.11637844359541524
2019-02-09,82,0.8030333348623881,0.014488715519643355,0.0,0.0,1.0,0.0,234,1661,2019,2,9,5,1,0.9798742138364782,0.9775868075717105,0.008753519002614115
2019-02-09,83,0.8030333348623881,0.018668152688771245,0.0,0.0,1.0,0.0,235,171,2019,2,9,5,1,0.9798742138364782,0.979444896063175,0.007751231650914941
2019-02-09,84,0.8030333348623881,0.01783226525494567,0.0,0.0,1.0,0.0,236,4,2019,2,9,5,1,0.9763522012578619,0.9788642434095924,0.006799215765131711
2019-02-09,81,0.8030333348623881,0.022568960713290613,0.0,0.0,1.0,0.0,237,1836,2019,2,9,5,1,0.9828930817610064,0.9793287655324585,0.007550145787251157
2019-02-09,85,0.8030333348623881,0.02061855670103093,0.0,0.0,1.0,0.0,238,811,2019,2,9,5,1,0.9831446540880504,0.9770061549181279,0.008477025940076412
2019-02-09,87,0.10982080524218657,0.008637503482864309,0.0,0.0,1.0,0.0,239,326,2019,2,9,5,1,0.9728301886792455,0.9751480664266636,0.024890659561632816
2019-02-10,82,0.8901791947578135,0.021175814990247982,0.0,0.0,1.0,0.0,240,747,2019,2,10,6,1,0.09459119496855348,0.9745674137730809,0.00899230846571486
2019-02-10,27,0.8901791947578135,0.015045973808860408,0.0,0.0,1.0,0.0,241,576,2019,2,10,6,1,0.09509433962264152,0.9731738474044827,0.0001570983309873316
2019-02-10,84,0.8901791947578135,0.020061298411813876,0.0,0.0,1.0,0.0,242,186,2019,2,10,6,1,0.09635220125786165,0.9737545000580654,0.007025437361753469
2019-02-10,81,0.8901791947578135,0.015881861242685986,0.0,0.0,1.0,0.0,243,346,2019,2,10,6,1,0.09459119496855348,0.9720125420973174,0.007729237884576715
2019-02-10,85,0.8901791947578135,0.018110894399554194,0.0,0.0,1.0,0.0,244,1618,2019,2,10,6,1,0.09056603773584906,0.9700383230751366,0.008681253770359942
2019-02-11,80,0.9740714730516646,0.022290331568682084,0.0,0.0,1.0,0.0,245,1176,2019,2,11,0,0,0.09207547169811323,0.5633492045058646,0.11662980092499498
2019-02-11,82,0.9740714730516646,0.020339927556422402,0.0,0.0,1.0,0.0,246,1840,2019,2,11,0,0,0.10264150943396227,0.5645105098130299,0.009221672028956364
2019-02-11,83,0.9740714730516646,0.0192254109779883,0.0,0.0,1.0,0.0,247,204,2019,2,11,0,0,0.1008805031446541,0.5656718151201952,0.007968027347677457
2019-02-11,84,0.9740714730516646,0.023683477291724715,0.0,0.0,1.0,0.0,248,391,2019,2,11,0,0,0.10867924528301887,0.5681105562652422,0.007292504524431933
2025-03-15,81,0.9740714730516646,0.02201170242407356,0.0,0.0,1.0,0.0,249,1156,2025,3,15,5,1,0.11044025157232706,0.5736848217396353,0.007977453247536698
2019-02-11,85,0.9740714730516646,0.016439119531903038,0.0,0.0,1.0,0.0,250,1779,2019,2,11,0,0,0.11094339622641511,0.5736848217396353,0.008866629800924994
2019-02-12,80,0.9487936699641888,0.994148787963221,1.0,0.0,1.0,0.0,251,727,2019,2,12,1,0,0.9922012578616355,0.9795610265938914,0.12784033782425094
2019-02-12,82,0.9487936699641888,0.02061855670103093,0.0,0.0,1.0,0.0,252,397,2019,2,12,1,0,0.9906918238993712,0.981419115085356,0.009454177558817615
2019-02-12,83,0.9487936699641888,0.020897185845639456,0.0,0.0,1.0,0.0,253,190,2019,2,12,1,0,0.9911949685534591,0.9807223319010567,0.008203674844158454
2019-02-12,87,0.9487936699641888,0.021454444134856508,0.0,0.0,1.0,0.0,254,797,2019,2,12,1,0,0.9932075471698116,0.982115898269655,0.025132590991353308
2019-02-12,81,0.9487936699641888,0.017553636110337143,0.0,0.0,1.0,0.0,255,699,2019,2,12,1,0,0.987672955974843,0.9830449425153871,0.008175397144580735
2019-02-12,85,0.9487936699641888,0.02061855670103093,0.0,0.0,1.0,0.0,256,95,2019,2,12,1,0,0.9864150943396228,0.9840901172918359,0.009099135330786245
2019-02-13,80,0.8614475960429735,0.023126219002507664,0.0,0.0,1.0,0.0,257,1022,2019,2,13,2,0,0.9924528301886795,0.983857856230403,0.12810112105368993
2019-02-13,82,0.8614475960429735,0.015324602953468934,0.0,0.0,1.0,0.0,258,1532,2019,2,13,2,0,0.10867924528301887,0.9824642898618048,0.009626985722903679
2019-02-13,83,0.13855240395702645,0.01142379492894957,0.0,0.0,1.0,0.0,259,109,2019,2,13,2,0,0.10037735849056606,0.9781674602252932,0.008332495475568066
2019-02-13,84,0.8614475960429735,0.01838952354416272,0.0,0.0,1.0,0.0,260,39,2019,2,13,2,0,0.09811320754716982,0.979444896063175,0.00749987432133521
2019-02-13,81,0.8614475960429735,0.021454444134856508,0.0,0.0,1.0,0.0,261,1667,2019,2,13,2,0,0.09811320754716982,0.979909418186041,0.008417328574301226
2019-02-13,85,0.8614475960429735,0.01421008637503483,0.0,0.0,1.0,0.0,262,602,2019,2,13,2,0,0.09509433962264152,0.977470677040994,0.009259375628393324
2019-02-13,28,0.838922808073661,0.016996377821120092,0.0,0.0,1.0,0.0,263,1314,2019,2,13,2,0,0.09182389937106919,0.5703170363488561,0.00017909209732555804
2019-02-14,82,0.838922808073661,0.019504040122596825,0.0,0.0,1.0,0.0,264,1467,2019,2,14,3,0,0.08855345911949689,0.5724073859017536,0.009846923386285943
2019-02-14,83,0.838922808073661,0.02396210643633324,0.0,0.0,1.0,0.0,265,1205,2019,2,14,3,0,0.09635220125786165,0.5746138659853675,0.008602704604866278
2019-02-14,84,0.838922808073661,0.018946781833379774,0.0,0.0,1.0,0.0,266,822,2019,2,14,3,0,0.10314465408805035,0.5750783881082338,0.0077135280514779815
2019-02-14,81,0.838922808073661,0.015881861242685986,0.0,0.0,1.0,0.0,267,1754,2019,2,14,3,0,0.1008805031446541,0.5722912553710371,0.008596420671626784
2019-02-14,85,0.838922808073661,0.019504040122596825,0.0,0.0,1.0,0.0,268,816,2019,2,14,3,0,0.09911949685534593,0.571826733248171,0.009479313291775588
2019-02-14,87,0.8848233093313611,0.994148787963221,1.0,0.0,1.0,0.0,269,1347,2019,2,14,3,0,0.9838993710691826,0.982580420392521,0.03634312789060929
2019-02-15,82,0.8848233093313611,0.015324602953468934,0.0,0.0,1.0,0.0,270,2104,2019,2,15,4,0,0.9823899371069184,0.9801416792474742,0.010019731550372009
2019-02-15,83,0.8848233093313611,0.022568960713290613,0.0,0.0,1.0,0.0,271,741,2019,2,15,4,0,0.9851572327044027,0.9832772035768202,0.008857203901065754
2019-02-15,84,0.8848233093313611,0.022568960713290613,0.0,0.0,1.0,0.0,272,1111,2019,2,15,4,0,0.9838993710691826,0.9843223783532691,0.007968027347677457
2019-02-15,81,0.8848233093313611,0.02340484814711619,0.0,0.0,1.0,0.0,273,842,2019,2,15,4,0,0.9879245283018869,0.9874579026826154,0.008860345867685502
2025-03-15,85,0.8848233093313611,0.018946781833379774,0.0,0.0,1.0,0.0,274,1449,2025,3,15,5,1,0.9906918238993712,0.9878062942747647,0.009692967021918358
2019-02-16,80,0.9079987960263844,0.0192254109779883,0.0,0.0,1.0,0.0,275,1711,2019,2,16,5,1,0.9904402515723272,0.986528858436883,0.12831791675045245
2019-02-16,82,0.9079987960263844,0.020061298411813876,0.0,0.0,1.0,0.0,276,1194,2019,2,16,5,1,0.11094339622641511,0.9864127279061665,0.010245953146993766
2019-02-16,83,0.9079987960263844,0.016439119531903038,0.0,0.0,1.0,0.0,277,1247,2019,2,16,5,1,0.1119496855345912,0.9852514225990014,0.009042579931630806
2019-02-16,84,0.9079987960263844,0.01421008637503483,0.0,0.0,1.0,0.0,278,1732,2019,2,16,5,1,0.10440251572327044,0.9813029845546393,0.008128267645284536
2019-02-16,81,0.09200120397361561,0.008637503482864309,0.0,0.0,1.0,0.0,279,184,2019,2,16,5,1,0.09182389937106919,0.9757287190802462,0.008957746832897647
2019-02-16,85,0.9079987960263844,0.026191139593201452,0.0,0.0,1.0,0.0,280,2022,2019,2,16,5,1,0.09433962264150944,0.9797932876553246,0.009988311884174542
2019-02-17,80,0.9755230781508322,0.022290331568682084,0.0,0.0,1.0,0.0,281,592,2019,2,17,6,1,0.09735849056603774,0.5747299965160841,0.1285692740800322
2019-02-17,82,0.9755230781508322,0.0192254109779883,0.0,0.0,1.0,0.0,282,867,2019,2,17,6,1,0.09735849056603774,0.5741493438625014,0.010462748843756283
2019-02-17,83,0.9755230781508322,0.01783226525494567,0.0,0.0,1.0,0.0,283,1373,2019,2,17,6,1,0.09534591194968556,0.5728719080246196,0.00924366579529459
2019-02-17,87,0.9755230781508322,0.01978266926720535,0.0,0.0,1.0,0.0,284,1634,2019,2,17,6,1,0.09836477987421385,0.5721751248403206,0.03656620752061131
2019-02-17,29,0.9755230781508322,0.022568960713290613,0.0,0.0,1.0,0.0,285,2046,2019,2,17,6,1,0.1059119496855346,0.5742654743932181,0.0002419314297204907
2019-02-17,85,0.9755230781508322,0.013931457230426304,0.0,0.0,1.0,0.0,286,1597,2019,2,17,6,1,0.11069182389937107,0.5714783416560214,0.010145410215161873
2019-02-18,80,0.9025427973032499,0.9969350794093063,1.0,0.0,1.0,0.0,287,1102,2019,2,18,0,0,0.987169811320755,0.9773545465102775,0.13981123064548562
2019-02-18,82,0.9025427973032499,0.01978266926720535,0.0,0.0,1.0,0.0,288,1770,2019,2,18,0,0,0.9849056603773585,0.979212635001742,0.010685828473758294
2019-02-18,83,0.9025427973032499,0.01783226525494567,0.0,0.0,1.0,0.0,289,278,2019,2,18,0,0,0.9836477987421386,0.981883637208222,0.009444751658958375
2019-02-18,84,0.9025427973032499,0.01978266926720535,0.0,0.0,1.0,0.0,290,580,2019,2,18,0,0,0.9854088050314467,0.9824642898618048,0.008351347275286547
2019-02-18,81,0.9025427973032499,0.014488715519643355,0.0,0.0,1.0,0.0,291,395,2019,2,18,0,0,0.9806289308176102,0.9795610265938914,0.009121129097124472
2019-02-18,85,0.9025427973032499,0.02201170242407356,0.0,0.0,1.0,0.0,292,118,2019,2,18,0,0,0.9801257861635222,0.9828126814539542,0.010393625578121858
2019-02-19,80,0.8765141696258067,0.019504040122596825,0.0,0.0,1.0,0.0,293,1210,2019,2,19,1,0,0.9851572327044027,0.983857856230403,0.1400311683088679
2019-02-19,82,0.8765141696258067,0.016160490387294512,0.0,0.0,1.0,0.0,294,1423,2019,2,19,1,0,0.09962264150943398,0.9824642898618048,0.010868062537703598
2019-02-19,83,0.8765141696258067,0.013652828085817777,0.0,0.0,1.0,0.0,295,152,2019,2,19,1,0,0.09408805031446543,0.9781674602252932,0.00959870802332596
2019-02-19,84,0.8765141696258067,0.01783226525494567,0.0,0.0,1.0,0.0,296,1792,2019,2,19,1,0,0.09408805031446543,0.9777029381024271,0.008552433138950332
2019-02-19,81,0.8765141696258067,0.018668152688771245,0.0,0.0,1.0,0.0,297,1377,2019,2,19,1,0,0.09308176100628932,0.9788642434095924,0.009331640860647496
2019-02-19,85,0.8765141696258067,0.024519364725550295,0.0,0.0,1.0,0.0,298,14,2019,2,19,1,0,0.10213836477987423,0.9809545929624899,0.010670118640659561
2025-03-15,87,0.061717886862926064,0.009752020061298413,0.0,0.0,1.0,0.0,299,1324,2025,3,15,5,1,0.09106918238993711,0.5706654279410057,0.036676176352302435
2019-02-20,82,0.938282113137074,0.02061855670103093,0.0,0.0,1.0,0.0,300,1052,2019,2,20,2,0,0.09207547169811323,0.5728719080246196,0.01110056806756485
2019-02-20,83,0.938282113137074,0.016717748676511563,0.0,0.0,1.0,0.0,301,1513,2019,2,20,2,0,0.09257861635220127,0.5704331668795726,0.009787226020510758
2019-02-20,84,0.938282113137074,0.01838952354416272,0.0,0.0,1.0,0.0,302,1945,2019,2,20,2,0,0.09685534591194972,0.5686912089188247,0.008759802935853609
2019-02-20,81,0.938282113137074,0.017553636110337143,0.0,0.0,1.0,0.0,303,1906,2019,2,20,2,0,0.09660377358490566,0.5662524677737777,0.009529584757691533
2019-02-20,85,0.938282113137074,0.018110894399554194,0.0,0.0,1.0,0.0,304,334,2019,2,20,2,0,0.09610062893081764,0.5659040761816281,0.010874346470943092
2019-02-21,80,0.8426268869427302,0.9955419336862636,1.0,0.0,1.0,0.0,305,1453,2019,2,21,3,0,0.9728301886792455,0.972825455812333,0.15125741504122261
2019-02-21,82,0.8426268869427302,0.018110894399554194,0.0,0.0,1.0,0.0,306,1360,2019,2,21,3,0,0.9803773584905662,0.9720125420973174,0.01130479589784838
2019-02-21,30,0.8426268869427302,0.014767344664251883,0.0,0.0,1.0,0.0,307,1593,2019,2,21,3,0,0.9750943396226416,0.9713157589130184,0.00015395636436758497
2019-02-21,84,0.8426268869427302,0.015881861242685986,0.0,0.0,1.0,0.0,308,1471,2019,2,21,3,0,0.9743396226415095,0.9720125420973174,0.008938895033179167
2019-02-21,81,0.8426268869427302,0.015603232098077461,0.0,0.0,1.0,0.0,309,1564,2019,2,21,3,0,0.9718238993710693,0.9749158053652305,0.009705534888397345
2019-02-21,85,0.8426268869427302,0.021733073279465033,0.0,0.0,1.0,0.0,310,1268,2019,2,21,3,0,0.9755974842767298,0.9730577168737662,0.011119419867283329
2019-02-22,80,0.8658524302860946,0.01783226525494567,0.0,0.0,1.0,0.0,311,1260,2019,2,22,4,0,0.9753459119496856,0.9711996283823017,0.15145850090488638
2019-02-22,82,0.8658524302860946,0.015881861242685986,0.0,0.0,1.0,0.0,312,502,2019,2,22,4,0,0.0908176100628931,0.9698060620137035,0.011483887995173938
2019-02-22,83,0.8658524302860946,0.01783226525494567,0.0,0.0,1.0,0.0,313,1390,2019,2,22,4,0,0.09056603773584906,0.9698060620137035,0.009988311884174542
2019-02-22,87,0.8658524302860946,0.0192254109779883,0.0,0.0,1.0,0.0,314,1223,2019,2,22,4,0,0.09459119496855348,0.9695738009522705,0.036892972049064957
2019-02-22,81,0.8658524302860946,0.022290331568682084,0.0,0.0,1.0,0.0,315,639,2019,2,22,4,0,0.10037735849056606,0.9694576704215538,0.009956892217977076
2019-02-22,85,0.8658524302860946,0.01421008637503483,0.0,0.0,1.0,0.0,316,140,2019,2,22,4,0,0.09911949685534593,0.9695738009522705,0.011279660164890407
2019-02-23,80,0.8439783787452158,0.018110894399554194,0.0,0.0,1.0,0.0,317,67,2019,2,23,5,1,0.0958490566037736,0.5616072465451167,0.15166272873516992
2019-02-23,82,0.8439783787452158,0.01421008637503483,0.0,0.0,1.0,0.0,318,1026,2019,2,23,5,1,0.09257861635220127,0.5592846359307864,0.011644128292781017
2019-02-23,83,0.1560216212547843,0.012816940651992199,0.0,0.0,1.0,0.0,319,92,2019,2,23,5,1,0.08981132075471698,0.5571942863778887,0.010132842348682888
2019-02-23,84,0.8439783787452158,0.016439119531903038,0.0,0.0,1.0,0.0,320,1473,2019,2,23,5,1,0.08855345911949689,0.5558007200092905,0.009124271063744218
2019-02-23,81,0.8439783787452158,0.015324602953468934,0.0,0.0,1.0,0.0,321,64,2019,2,23,5,1,0.08503144654088052,0.5561491116014401,0.01012970038206314
2019-02-23,85,0.8439783787452158,0.018110894399554194,0.0,0.0,1.0,0.0,322,1904,2019,2,23,5,1,0.08125786163522014,0.5545232841714087,0.011483887995173938
2019-02-24,80,0.9233656969316897,0.989412092504876,1.0,0.0,1.0,0.0,323,1113,2019,2,24,6,1,0.9617610062893083,0.9587736615956335,0.16281985220189021
2025-03-15,82,0.9233656969316897,0.015603232098077461,0.0,0.0,1.0,0.0,324,1181,2025,3,15,5,1,0.959496855345912,0.9585414005342006,0.011820078423486828
2019-02-24,83,0.9233656969316897,0.021175814990247982,0.0,0.0,1.0,0.0,325,169,2019,2,24,6,1,0.9657861635220129,0.9616769248635466,0.01037163181178363
2019-02-24,84,0.9233656969316897,0.0192254109779883,0.0,0.0,1.0,0.0,326,937,2019,2,24,6,1,0.9715723270440253,0.9622575775171291,0.009341066760506736
2019-02-24,81,0.9233656969316897,0.01783226525494567,0.0,0.0,1.0,0.0,327,1403,2019,2,24,6,1,0.9728301886792455,0.9619091859249795,0.010330786245726925
2019-02-24,85,0.9233656969316897,0.020897185845639456,0.0,0.0,1.0,0.0,328,32,2019,2,24,6,1,0.9778616352201259,0.9603994890256649,0.011719535491654937
2019-02-25,82,0.9712183320692449,0.025633881303984397,0.0,0.0,1.0,0.0,329,1737,2019,2,25,0,0,0.9846540880503145,0.9670189292765068,0.012109139352503519
2019-02-25,83,0.9712183320692449,0.021454444134856508,0.0,0.0,1.0,0.0,330,544,2019,2,25,0,0,0.11069182389937107,0.9673673208686562,0.010613563241504122
2019-02-25,84,0.9712183320692449,0.02284758985789914,0.0,0.0,1.0,0.0,331,1965,2019,2,25,0,0,0.11723270440251574,0.9699221925444199,0.00959870802332596
2019-02-25,81,0.9712183320692449,0.01838952354416272,0.0,0.0,1.0,0.0,332,516,2019,2,25,0,0,0.11471698113207549,0.9699221925444199,0.010538156042630203
2019-02-25,85,0.9712183320692449,0.018946781833379774,0.0,0.0,1.0,0.0,333,1216,2019,2,25,0,0,0.11446540880503148,0.9705028451980027,0.011933189221797707
2019-02-26,80,0.9443387665051524,0.0192254109779883,0.0,0.0,1.0,0.0,334,1993,2019,2,26,1,0,0.11572327044025157,0.9709673673208687,0.16303664789865271
2019-02-26,82,0.9443387665051524,0.02396210643633324,0.0,0.0,1.0,0.0,335,1079,2019,2,26,1,0,0.11849056603773586,0.5660202067123448,0.012379348481801729
2019-02-26,83,0.9443387665051524,0.02424073558094177,0.0,0.0,1.0,0.0,336,1336,2019,2,26,1,0,0.11723270440251574,0.5685750783881083,0.010886914337422079
2019-02-26,84,0.9443387665051524,0.02061855670103093,0.0,0.0,1.0,0.0,337,1871,2019,2,26,1,0,0.11647798742138366,0.5710138195331553,0.00983121355318721
2019-02-26,81,0.055661233494847584,0.009473390916689887,0.0,0.0,1.0,0.0,338,1747,2019,2,26,1,0,0.10440251572327044,0.5683428173266751,0.010644982907701588
2019-02-26,85,0.9443387665051524,0.015881861242685986,0.0,0.0,1.0,0.0,339,805,2019,2,26,1,0,0.10213836477987423,0.5684589478573918,0.012112281319123265
2019-02-27,80,0.9547001659548184,0.9921983839509614,1.0,0.0,1.0,0.0,340,726,2019,2,27,2,0,0.9808805031446542,0.9729415863430495,0.17422519103157047
2019-02-27,82,0.9547001659548184,0.02201170242407356,0.0,0.0,1.0,0.0,341,629,2019,2,27,2,0,0.9833962264150946,0.9746835443037976,0.012627563844761713
2019-02-27,83,0.9547001659548184,0.022568960713290613,0.0,0.0,1.0,0.0,342,1170,2019,2,27,2,0,0.9821383647798744,0.977470677040994,0.011141413633621556
2019-02-27,87,0.9547001659548184,0.02061855670103093,0.0,0.0,1.0,0.0,343,406,2019,2,27,2,0,0.978867924528302,0.9786319823481593,0.0371254775789262
2019-02-27,81,0.9547001659548184,0.01783226525494567,0.0,0.0,1.0,0.0,344,201,2019,2,27,2,0,0.9763522012578619,0.9780513296945765,0.010846068771365373
2019-02-27,85,0.9547001659548184,0.021454444134856508,0.0,0.0,1.0,0.0,345,1098,2019,2,27,2,0,0.987169811320755,0.9777029381024271,0.012354212748843756
2019-02-28,80,1.0,0.023126219002507664,0.0,0.0,1.0,0.0,346,359,2019,2,28,3,0,0.9937106918238994,0.981419115085356,0.17448597426100945
2019-02-28,82,1.0,0.018110894399554194,0.0,0.0,1.0,0.0,347,2049,2019,2,28,3,0,0.11421383647798741,0.981419115085356,0.012831791675045244
2025-03-15,83,1.0,0.020897185845639456,0.0,0.0,1.0,0.0,348,307,2025,3,15,5,1,0.11320754716981132,0.9842062478225526,0.011377061130102553
2019-02-28,84,1.0,0.01978266926720535,0.0,0.0,1.0,0.0,349,236,2019,2,28,3,0,0.11069182389937107,0.9871095110904657,0.010054293183189221
2019-02-28,31,1.0,0.020061298411813876,0.0,0.0,1.0,0.0,350,1885,2019,2,28,3,0,0.11018867924528303,0.9886192079897804,0.000213653730142771
2019-02-28,85,1.0,0.024519364725550295,0.0,0.0,1.0,0.0,351,437,2019,2,28,3,0,0.11622641509433965,0.9924515155034259,0.01263070581138146
2019-03-01,80,0.9331264417364115,0.018946781833379774,0.0,0.0,1.0,0.0032042328737860726,352,1082,2019,3,1,4,0,0.1139622641509434,0.9927999070955753,0.1746996279911522
2019-03-01,82,0.9331264417364115,0.01838952354416272,0.0,0.0,1.0,0.0032042328737860726,353,21,2019,3,1,4,0,0.10968553459119498,0.5880850075484845,0.013039161471948522
2019-03-01,83,0.9331264417364115,0.02061855670103093,0.0,0.0,1.0,0.0032042328737860726,354,197,2019,3,1,4,0,0.1119496855345912,0.5901753571013819,0.011609566659963804
2019-03-01,84,0.9331264417364115,0.01978266926720535,0.0,0.0,1.0,0.0032042328737860726,355,1662,2019,3,1,4,0,0.11094339622641511,0.5895947044477994,0.010277372813191233
2019-03-01,81,0.9331264417364115,0.028698801894678185,0.0,0.0,1.0,0.0032042328737860726,356,872,2019,3,1,4,0,0.1189937106918239,0.5935431424921611,0.011169691333199276
2019-03-01,85,0.9331264417364115,0.019504040122596825,0.0,0.0,1.0,0.0032042328737860726,357,1528,2019,3,1,4,0,0.11849056603773586,0.5942399256764603,0.012850643474763723
2019-03-01,87,0.01451597558623019,0.9846753970465312,1.0,0.0,1.0,0.0032042328737860726,358,1359,2019,3,1,4,0,0.9854088050314467,0.9959354314249216,0.048229187613110805
2019-03-02,82,0.9854840244137698,0.01978266926720535,0.0,0.0,1.0,0.0032042328737860726,359,763,2019,3,2,5,1,0.9861635220125788,0.9934966902798745,0.013262241101950532
2019-03-02,83,0.9854840244137698,0.022568960713290613,0.0,0.0,1.0,0.0032042328737860726,360,1521,2019,3,2,5,1,0.9899371069182392,0.9939612124027408,0.01186406595616328
2019-03-02,84,0.9854840244137698,0.0192254109779883,0.0,0.0,1.0,0.0032042328737860726,361,1077,2019,3,2,5,1,0.9886792452830191,0.9924515155034259,0.01049416850995375
2019-03-02,81,0.9854840244137698,0.02201170242407356,0.0,0.0,1.0,0.0032042328737860726,362,1440,2019,3,2,5,1,0.9906918238993712,0.9939612124027408,0.011417906696159259
2019-03-02,85,0.9854840244137698,0.026191139593201452,0.0,0.0,1.0,0.0032042328737860726,363,1572,2019,3,2,5,1,0.9884276729559749,0.9969806062013702,0.013145988337019908
2019-03-03,80,0.8222044279334446,0.023126219002507664,0.0,0.0,1.0,0.0032042328737860726,364,1899,2019,3,3,6,1,0.9916981132075473,0.9986064336314018,0.1749604112205912
2019-03-03,82,0.8222044279334446,0.020061298411813876,0.0,0.0,1.0,0.0032042328737860726,365,730,2019,3,3,6,1,0.1207547169811321,0.9969806062013702,0.01348846269857229
2019-03-03,83,0.8222044279334446,0.019504040122596825,0.0,0.0,1.0,0.0032042328737860726,366,945,2019,3,3,6,1,0.12050314465408807,0.9950063871791894,0.012084003619545546
2019-03-03,84,0.8222044279334446,0.018668152688771245,0.0,0.0,1.0,0.0032042328737860726,367,839,2019,3,3,6,1,0.11698113207547173,0.9941934734641737,0.010704680273476774
2019-03-03,81,0.8222044279334446,0.021454444134856508,0.0,0.0,1.0,0.0032042328737860726,368,1238,2019,3,3,6,1,0.1189937106918239,0.9991870862849843,0.01165983812587975
2019-03-03,85,0.8222044279334446,0.01783226525494567,0.0,0.0,1.0,0.0032042328737860726,369,185,2019,3,3,6,1,0.11522012578616356,1.0,0.013347074200683692
2019-03-04,80,0.8620983073362587,0.017275006965728618,0.0,0.0,1.0,0.0032042328737860726,370,336,2019,3,4,0,0,0.10716981132075473,0.5936592730228778,0.17515521315101548
2019-03-04,82,0.8620983073362587,0.02340484814711619,0.0,0.0,1.0,0.0032042328737860726,371,1146,2019,3,4,0,0,0.10742138364779877,0.5942399256764603,0.013752387894631008
2019-03-04,39,0.8620983073362587,0.016439119531903038,0.0,0.0,1.0,0.0032042328737860726,372,1996,2019,3,4,0,0,0.10415094339622644,0.5916850540006968,0.00017280816408606477
2025-03-15,87,0.8620983073362587,0.016996377821120092,0.0,0.0,1.0,0.0032042328737860726,373,1576,2025,3,15,5,1,0.1018867924528302,0.5901753571013819,0.048420847576915345
2019-03-04,81,0.8620983073362587,0.018668152688771245,0.0,0.0,1.0,0.0032042328737860726,374,1846,2019,3,4,0,0,0.1018867924528302,0.5905237486935315,0.011870349889402774
2019-03-04,85,0.8620983073362587,0.016160490387294512,0.0,0.0,1.0,0.0032042328737860726,375,1478,2019,3,4,0,0,0.09710691823899373,0.5883172686099176,0.013529308264628996
2019-03-05,80,0.9042947171573152,0.9910838673725273,1.0,0.0,1.0,0.0032042328737860726,376,1248,2019,3,5,1,0,0.9758490566037737,0.9917547323191267,0.18633118841745425
2019-03-05,82,0.9042947171573152,0.017275006965728618,0.0,0.0,1.0,0.0032042328737860726,377,1877,2019,3,5,1,0,0.9758490566037737,0.9914063407269771,0.013947189825055299
2019-03-05,83,0.09570528284268476,0.008916132627472834,0.0,0.0,1.0,0.0032042328737860726,378,875,2019,3,5,1,0,0.9627672955974844,0.9864127279061665,0.012184546551377438
2019-03-05,84,0.9042947171573152,0.021175814990247982,0.0,0.0,1.0,0.0032042328737860726,379,1921,2019,3,5,1,0,0.9670440251572329,0.9869933805597493,0.010943469736577519
2019-03-05,81,0.9042947171573152,0.0192254109779883,0.0,0.0,1.0,0.0032042328737860726,380,1539,2019,3,5,1,0,0.969056603773585,0.9866449889675997,0.012087145586165292
2019-03-05,85,0.9042947171573152,0.021175814990247982,0.0,0.0,1.0,0.0032042328737860726,381,648,2019,3,5,1,0,0.9713207547169813,0.9852514225990014,0.013768097727729741
2019-03-06,80,0.8824206656164364,0.02201170242407356,0.0,0.0,1.0,0.0032042328737860726,382,1133,2019,3,6,2,0,0.9766037735849058,0.986528858436883,0.18657940378041424
2019-03-06,82,0.8824206656164364,0.02424073558094177,0.0,0.0,1.0,0.0032042328737860726,383,1470,2019,3,6,2,0,0.10364779874213836,0.9889675995819303,0.014220540920973255
2019-03-06,83,0.8824206656164364,0.02479799387015882,0.0,0.0,1.0,0.0032042328737860726,384,1934,2019,3,6,2,0,0.11044025157232706,0.9907095575426781,0.012464181580534889
2019-03-06,84,0.8824206656164364,0.020061298411813876,0.0,0.0,1.0,0.0032042328737860726,385,691,2019,3,6,2,0,0.12050314465408807,0.9908256880733946,0.011169691333199276
2019-03-06,81,0.8824206656164364,0.016439119531903038,0.0,0.0,1.0,0.0032042328737860726,386,1020,2019,3,6,2,0,0.11622641509433965,0.9857159447218675,0.012272521616730344
2019-03-06,85,0.8824206656164364,0.023683477291724715,0.0,0.0,1.0,0.0032042328737860726,387,216,2019,3,6,2,0,0.12025157232704403,0.9874579026826154,0.014035164890408203
2019-03-06,87,0.9137050779912241,0.021175814990247982,0.0,0.0,1.0,0.0032042328737860726,388,1267,2019,3,6,2,0,0.12025157232704403,0.5858785274648706,0.04865963704001609
2019-03-07,82,0.9137050779912241,0.02396210643633324,0.0,0.0,1.0,0.0032042328737860726,389,603,2019,3,7,3,0,0.1220125786163522,0.5876204854256184,0.014490750050271466
2019-03-07,83,0.9137050779912241,0.02201170242407356,0.0,0.0,1.0,0.0032042328737860726,390,649,2019,3,7,3,0,0.12000000000000002,0.5873882243641855,0.012712396943494872
2019-03-07,84,0.9137050779912241,0.022568960713290613,0.0,0.0,1.0,0.0032042328737860726,391,448,2019,3,7,3,0,0.11798742138364782,0.5887817907327837,0.011424190629398753
2019-03-07,81,0.9137050779912241,0.018668152688771245,0.0,0.0,1.0,0.0032042328737860726,392,180,2019,3,7,3,0,0.11672955974842769,0.5873882243641855,0.012483033380253368
2019-03-07,85,0.9137050779912241,0.019504040122596825,0.0,0.0,1.0,0.0032042328737860726,393,25,2019,3,7,3,0,0.11949685534591195,0.5846010916269888,0.014255102553790469
2019-03-07,40,0.8722094235442193,0.9944274171078296,1.0,0.0,1.0,0.0032042328737860726,394,799,2019,3,7,3,0,0.9959748427672959,0.9894321217047963,0.011201110999396743
2019-03-08,82,0.8722094235442193,0.014488715519643355,0.0,0.0,1.0,0.0032042328737860726,395,599,2019,3,8,4,0,0.9899371069182392,0.9871095110904657,0.01465413231449829
2019-03-08,83,0.8722094235442193,0.016439119531903038,0.0,0.0,1.0,0.0032042328737860726,396,1012,2019,3,8,4,0,0.9831446540880504,0.9858320752525838,0.012897772974059923
2019-03-08,84,0.8722094235442193,0.021733073279465033,0.0,0.0,1.0,0.0032042328737860726,397,1328,2019,3,8,4,0,0.9828930817610064,0.9871095110904657,0.01166926402573899
2025-03-15,81,0.12779057645578068,0.013095569796600726,0.0,0.0,1.0,0.0032042328737860726,398,1350,2025,3,15,5,1,0.9743396226415095,0.9836255951689699,0.01263070581138146
2019-03-08,85,0.8722094235442193,0.021454444134856508,0.0,0.0,1.0,0.0032042328737860726,399,1522,2019,3,8,4,0,0.9768553459119498,0.9851352920682848,0.01449703398351096
2019-03-09,80,0.8030333348623881,0.021454444134856508,0.0,0.0,1.0,0.0032042328737860726,400,1437,2019,3,9,5,1,0.978616352201258,0.9868772500290326,0.18682133521013472
2019-03-09,82,0.8030333348623881,0.016160490387294512,0.0,0.0,1.0,0.0032042328737860726,401,2082,2019,3,9,5,1,0.09534591194968556,0.983857856230403,0.014836366378443594
2019-03-09,83,0.8030333348623881,0.01838952354416272,0.0,0.0,1.0,0.0032042328737860726,402,1515,2019,3,9,5,1,0.0988679245283019,0.9846707699454187,0.013105142770963201
2019-03-09,87,0.8030333348623881,0.01838952354416272,0.0,0.0,1.0,0.0032042328737860726,403,1322,2019,3,9,5,1,0.10062893081761007,0.9852514225990014,0.04886700683691937
2019-03-09,81,0.8030333348623881,0.01838952354416272,0.0,0.0,1.0,0.0032042328737860726,404,2054,2019,3,9,5,1,0.0976100628930818,0.9851352920682848,0.012838075608284738
2019-03-09,85,0.8030333348623881,0.020339927556422402,0.0,0.0,1.0,0.0032042328737860726,405,1411,2019,3,9,5,1,0.10415094339622644,0.9868772500290326,0.014726397546752463
2019-03-10,80,0.8901791947578135,0.016996377821120092,0.0,0.0,1.0,0.0032042328737860726,406,1824,2019,3,10,6,1,0.10012578616352202,0.58088491464406,0.18701299517393927
2019-03-10,82,0.8901791947578135,0.025076623014767346,0.0,0.0,1.0,0.0032042328737860726,407,165,2019,3,10,6,1,0.10339622641509436,0.5841365695041227,0.015119143374220791
2019-03-10,83,0.8901791947578135,0.015045973808860408,0.0,0.0,1.0,0.0032042328737860726,408,353,2019,3,10,6,1,0.10238993710691827,0.5866914411798863,0.01327480896842952
2019-03-10,84,0.8901791947578135,0.018110894399554194,0.0,0.0,1.0,0.0032042328737860726,409,333,2019,3,10,6,1,0.10213836477987423,0.5854140053420045,0.011873491856022522
2019-03-10,81,0.8901791947578135,0.018668152688771245,0.0,0.0,1.0,0.0032042328737860726,410,1785,2019,3,10,6,1,0.10238993710691827,0.5851817442805713,0.013048587371807762
2019-03-10,85,0.8901791947578135,0.016439119531903038,0.0,0.0,1.0,0.0032042328737860726,411,773,2019,3,10,6,1,0.10062893081761007,0.5832075252583904,0.014911773577317515
2019-03-11,80,0.9740714730516646,0.9949846753970466,1.0,0.0,1.0,0.0032042328737860726,412,2099,2019,3,11,0,0,0.9806289308176102,0.9887353385204971,0.19823295797305449
2019-03-11,82,0.9740714730516646,0.019504040122596825,0.0,0.0,1.0,0.0032042328737860726,413,1033,2019,3,11,0,0,0.9828930817610064,0.9867611194983159,0.015339081037603055
2019-03-11,83,0.9740714730516646,0.016996377821120092,0.0,0.0,1.0,0.0032042328737860726,414,415,2019,3,11,0,0,0.9755974842767298,0.9835094646382534,0.013466468932234063
2019-03-11,84,0.9740714730516646,0.018946781833379774,0.0,0.0,1.0,0.0032042328737860726,415,1520,2019,3,11,0,0,0.9791194968553462,0.9830449425153871,0.012087145586165292
2019-03-11,33,0.9740714730516646,0.023126219002507664,0.0,0.0,1.0,0.0032042328737860726,416,863,2019,3,11,0,0,0.9836477987421386,0.9858320752525838,0.0002482153629599839
2019-03-11,85,0.9740714730516646,0.01783226525494567,0.0,0.0,1.0,0.0032042328737860726,417,1132,2019,3,11,0,0,0.9828930817610064,0.9833933341075369,0.0151128594409813
2019-03-11,87,0.051206330035811265,0.008358874338255782,0.0,0.0,1.0,0.0032042328737860726,418,1729,2019,3,11,0,0,0.9755974842767298,0.9780513296945765,0.04896126583551177
2019-03-12,82,0.9487936699641888,0.016439119531903038,0.0,0.0,1.0,0.0032042328737860726,419,1357,2019,3,12,1,0,0.09207547169811323,0.9749158053652305,0.015524457068168107
2019-03-12,83,0.9487936699641888,0.016439119531903038,0.0,0.0,1.0,0.0032042328737860726,420,1684,2019,3,12,1,0,0.08930817610062894,0.9725931947508999,0.013651844962799115
2019-03-12,84,0.9487936699641888,0.021733073279465033,0.0,0.0,1.0,0.0032042328737860726,421,1531,2019,3,12,1,0,0.09358490566037739,0.9722448031587505,0.012332218982505529
2019-03-12,81,0.9487936699641888,0.02061855670103093,0.0,0.0,1.0,0.0032042328737860726,422,625,2019,3,12,1,0,0.09509433962264152,0.9730577168737662,0.013281092901669012
2025-03-15,85,0.9487936699641888,0.022290331568682084,0.0,0.0,1.0,0.0032042328737860726,423,1700,2025,3,15,5,1,0.09433962264150944,0.9742190221809315,0.01536421677056103
2019-03-13,80,0.8614475960429735,0.016996377821120092,0.0,0.0,1.0,0.0032042328737860726,424,1158,2019,3,13,2,0,0.09358490566037739,0.5668331204273604,0.19842461793685903
2019-03-13,82,0.8614475960429735,0.020061298411813876,0.0,0.0,1.0,0.0032042328737860726,425,263,2019,3,13,2,0,0.10415094339622644,0.5691557310416908,0.015750678664789866
2019-03-13,83,0.8614475960429735,0.015881861242685986,0.0,0.0,1.0,0.0032042328737860726,426,191,2019,3,13,2,0,0.10364779874213836,0.5689234699802579,0.013830937060124672
2019-03-13,84,0.8614475960429735,0.015881861242685986,0.0,0.0,1.0,0.0032042328737860726,427,1406,2019,3,13,2,0,0.10314465408805035,0.5664847288352108,0.012511311079831087
2019-03-13,81,0.8614475960429735,0.021454444134856508,0.0,0.0,1.0,0.0032042328737860726,428,1054,2019,3,13,2,0,0.10289308176100631,0.5699686447567065,0.013523024331389502
2019-03-13,85,0.8614475960429735,0.02201170242407356,0.0,0.0,1.0,0.0032042328737860726,429,457,2019,3,13,2,0,0.10415094339622644,0.5702009058181396,0.015612432133521013
2019-03-14,80,0.838922808073661,0.9913624965171358,1.0,0.0,1.0,0.0032042328737860726,430,1924,2019,3,14,3,0,0.9791194968553462,0.9744512832423644,0.20960373516991757
2019-03-14,82,0.838922808073661,0.022290331568682084,0.0,0.0,1.0,0.0032042328737860726,431,1474,2019,3,14,3,0,0.9838993710691826,0.9770061549181279,0.016002035994369595
2019-03-14,83,0.838922808073661,0.020061298411813876,0.0,0.0,1.0,0.0032042328737860726,432,570,2019,3,14,3,0,0.9838993710691826,0.9777029381024271,0.01405715865674643
2019-03-14,87,0.838922808073661,0.019504040122596825,0.0,0.0,1.0,0.0032042328737860726,433,831,2019,3,14,3,0,0.987169811320755,0.9781674602252932,0.04918120349889403
2019-03-14,81,0.838922808073661,0.022290331568682084,0.0,0.0,1.0,0.0032042328737860726,434,1237,2019,3,14,3,0,0.9929559748427674,0.9797932876553246,0.013774381660969233
2019-03-14,85,0.838922808073661,0.02061855670103093,0.0,0.0,1.0,0.0032042328737860726,435,815,2019,3,14,3,0,0.9922012578616355,0.979909418186041,0.015844937663382262
2019-03-15,80,0.8848233093313611,0.019504040122596825,0.0,0.0,1.0,0.0032042328737860726,436,1492,2019,3,15,4,0,0.9899371069182392,0.9809545929624899,0.2098236728332998
2019-03-15,82,0.8848233093313611,0.018668152688771245,0.0,0.0,1.0,0.0032042328737860726,437,352,2019,3,15,4,0,0.11169811320754719,0.9782835907560099,0.01621254775789262
2019-03-15,86,0.11517669066863895,0.011702424073558095,0.0,0.0,1.0,0.0032042328737860726,438,302,2019,3,15,4,0,0.10213836477987423,0.9768900243874115,0.00045872712648300823
2019-03-15,84,0.8848233093313611,0.019504040122596825,0.0,0.0,1.0,0.0032042328737860726,439,1410,2019,3,15,4,0,0.10163522012578619,0.977470677040994,0.01273124874321335
2019-03-15,81,0.8848233093313611,0.01978266926720535,0.0,0.0,1.0,0.0032042328737860726,440,1536,2019,3,15,4,0,0.1018867924528302,0.9779351991638601,0.013997461290971245
2019-03-15,85,0.8848233093313611,0.02201170242407356,0.0,0.0,1.0,0.0032042328737860726,441,995,2019,3,15,4,0,0.10163522012578619,0.9802578097781907,0.016093153026342247
2019-03-16,80,0.9079987960263844,0.016439119531903038,0.0,0.0,1.0,0.0032042328737860726,442,1741,2019,3,16,5,1,0.09786163522012581,0.5724073859017536,0.21000904886386487
2019-03-16,82,0.9079987960263844,0.021175814990247982,0.0,0.0,1.0,0.0032042328737860726,443,271,2019,3,16,5,1,0.09937106918238997,0.5731041690860528,0.016451337220993362
2019-03-16,83,0.9079987960263844,0.019504040122596825,0.0,0.0,1.0,0.0032042328737860726,444,852,2019,3,16,5,1,0.10012578616352202,0.5741493438625014,0.014277096320128694
2019-03-16,84,0.9079987960263844,0.020339927556422402,0.0,0.0,1.0,0.0032042328737860726,445,881,2019,3,16,5,1,0.10792452830188679,0.5747299965160841,0.012960612306454856
2019-03-16,81,0.9079987960263844,0.026748397882418503,0.0,0.0,1.0,0.0032042328737860726,446,1524,2019,3,16,5,1,0.11446540880503148,0.5762396934153988,0.01429909008646692
2019-03-16,85,0.9079987960263844,0.02201170242407356,0.0,0.0,1.0,0.0032042328737860726,447,1431,2019,3,16,5,1,0.11647798742138366,0.5779816513761469,0.01634136838930223
2025-03-15,87,0.9755230781508322,0.9933129005293955,1.0,0.0,1.0,0.0032042328737860726,448,906,2025,3,15,5,1,0.9934591194968556,0.988503077459064,0.060382314498290776
2019-03-17,82,0.9755230781508322,0.018668152688771245,0.0,0.0,1.0,0.0032042328737860726,449,1844,2019,3,17,6,1,0.9954716981132077,0.9894321217047963,0.01666184898451639
2019-03-17,83,0.9755230781508322,0.020061298411813876,0.0,0.0,1.0,0.0032042328737860726,450,1009,2019,3,17,6,1,0.9944654088050315,0.990941818604111,0.014503317916750452
2019-03-17,84,0.9755230781508322,0.020897185845639456,0.0,0.0,1.0,0.0032042328737860726,451,1808,2019,3,17,6,1,0.9957232704402519,0.9905934270119614,0.013196259802935853
2019-03-17,81,0.9755230781508322,0.0192254109779883,0.0,0.0,1.0,0.0032042328737860726,452,1134,2019,3,17,6,1,0.9947169811320755,0.9900127743583786,0.014515885783229439
2019-03-17,85,0.9755230781508322,0.016439119531903038,0.0,0.0,1.0,0.0032042328737860726,453,1501,2019,3,17,6,1,0.9854088050314467,0.9875740332133318,0.016526744419867283
2019-03-18,80,0.9025427973032499,0.015324602953468934,0.0,0.0,1.0,0.0032042328737860726,454,308,2019,3,18,0,0,0.9793710691823901,0.9868772500290326,0.21018185702795095
2019-03-18,82,0.9025427973032499,0.023126219002507664,0.0,0.0,1.0,0.0032042328737860726,455,1538,2019,3,18,0,0,0.10339622641509436,0.9881546858669144,0.016922632213955357
2019-03-18,83,0.9025427973032499,0.015603232098077461,0.0,0.0,1.0,0.0032042328737860726,456,1920,2019,3,18,0,0,0.10062893081761007,0.9880385553361979,0.014679268047456263
2019-03-18,84,0.9025427973032499,0.020339927556422402,0.0,0.0,1.0,0.0032042328737860726,457,1800,2019,3,18,0,0,0.1008805031446541,0.9898966438276624,0.013425623366177357
2019-03-18,81,0.09745720269675007,0.014767344664251883,0.0,0.0,1.0,0.0032042328737860726,458,146,2019,3,18,0,0,0.09534591194968556,0.9871095110904657,0.01468241001407601
2019-03-18,85,0.9025427973032499,0.022290331568682084,0.0,0.0,1.0,0.0032042328737860726,459,1122,2019,3,18,0,0,0.09811320754716982,0.9872256416211822,0.016778101749447015
2019-03-18,35,0.8765141696258067,0.015324602953468934,0.0,0.0,1.0,0.0032042328737860726,460,635,2019,3,18,0,0,0.09710691823899373,0.5804203925211939,0.00016024029760707825
2019-03-19,82,0.8765141696258067,0.021733073279465033,0.0,0.0,1.0,0.0032042328737860726,461,1430,2019,3,19,1,0,0.10289308176100631,0.5801881314597608,0.017167705610295597
2019-03-19,83,0.8765141696258067,0.0192254109779883,0.0,0.0,1.0,0.0032042328737860726,462,1559,2019,3,19,1,0,0.09937106918238997,0.5798397398676112,0.014896063744218781
2019-03-19,87,0.8765141696258067,0.016996377821120092,0.0,0.0,1.0,0.0032042328737860726,463,2003,2019,3,19,1,0,0.10062893081761007,0.5787945650911626,0.060573974462095316
2019-03-19,81,0.8765141696258067,0.016996377821120092,0.0,0.0,1.0,0.0032042328737860726,464,1171,2019,3,19,1,0,0.0976100628930818,0.5765880850075484,0.014874069977880554
2019-03-19,85,0.8765141696258067,0.016717748676511563,0.0,0.0,1.0,0.0032042328737860726,465,378,2019,3,19,1,0,0.09937106918238997,0.5749622575775173,0.01696661974663181
2019-03-20,80,0.938282113137074,0.9933129005293955,1.0,0.0,1.0,0.0032042328737860726,466,1935,2019,3,20,2,0,0.9761006289308177,0.9808384624317732,0.22138296802734767
2019-03-20,82,0.938282113137074,0.015324602953468934,0.0,0.0,1.0,0.0032042328737860726,467,722,2019,3,20,2,0,0.9761006289308177,0.979444896063175,0.01734051377438166
2019-03-20,83,0.938282113137074,0.01838952354416272,0.0,0.0,1.0,0.0032042328737860726,468,683,2019,3,20,2,0,0.9730817610062895,0.9822320288003716,0.015103433541122058
2019-03-20,84,0.938282113137074,0.02284758985789914,0.0,0.0,1.0,0.0032042328737860726,469,1091,2019,3,20,2,0,0.9763522012578619,0.9836255951689699,0.013683264628996581
2019-03-20,81,0.938282113137074,0.018668152688771245,0.0,0.0,1.0,0.0032042328737860726,470,843,2019,3,20,2,0,0.9778616352201259,0.9831610730461038,0.015084581741403579
2019-03-20,85,0.938282113137074,0.02061855670103093,0.0,0.0,1.0,0.0032042328737860726,471,973,2019,3,20,2,0,0.9811320754716982,0.982580420392521,0.017199125276493064
2019-03-21,80,0.8426268869427302,0.016717748676511563,0.0,0.0,1.0,0.0032042328737860726,472,98,2019,3,21,3,0,0.9811320754716982,0.9826965509232377,0.22157148602453247
2025-03-15,82,0.8426268869427302,0.018668152688771245,0.0,0.0,1.0,0.0032042328737860726,473,354,2025,3,15,5,1,0.10113207547169814,0.9816513761467889,0.017551025537904684
2019-03-21,83,0.8426268869427302,0.0192254109779883,0.0,0.0,1.0,0.0032042328737860726,474,227,2019,3,21,3,0,0.10465408805031448,0.9815352456160724,0.015320229237884576
2019-03-21,84,0.8426268869427302,0.016717748676511563,0.0,0.0,1.0,0.0032042328737860726,475,1631,2019,3,21,3,0,0.10314465408805035,0.9800255487167577,0.013871782626181378
2019-03-21,81,0.8426268869427302,0.015324602953468934,0.0,0.0,1.0,0.0032042328737860726,476,248,2019,3,21,3,0,0.09635220125786165,0.9752641969573801,0.015257389905489643
2019-03-21,85,0.8426268869427302,0.020339927556422402,0.0,0.0,1.0,0.0032042328737860726,477,1629,2019,3,21,3,0,0.09786163522012581,0.9745674137730809,0.017428488839734566
2019-03-21,87,0.13414756971390546,0.01142379492894957,0.0,0.0,1.0,0.0032042328737860726,478,579,2019,3,21,3,0,0.08955974842767297,0.5653234235280455,0.06070279509350493
2019-03-22,82,0.8658524302860946,0.020897185845639456,0.0,0.0,1.0,0.0032042328737860726,479,1265,2019,3,22,4,0,0.09333333333333335,0.5662524677737777,0.01778667303438568
2019-03-22,83,0.8658524302860946,0.016996377821120092,0.0,0.0,1.0,0.0032042328737860726,480,1400,2019,3,22,4,0,0.09182389937106919,0.5649750319358959,0.015511889201689121
2019-03-22,84,0.8658524302860946,0.013374198941209251,0.0,0.0,1.0,0.0032042328737860726,481,637,2019,3,22,4,0,0.08654088050314468,0.5618395076065499,0.014022597023929217
2019-03-22,36,0.8658524302860946,0.019504040122596825,0.0,0.0,1.0,0.0032042328737860726,482,1144,2019,3,22,4,0,0.08905660377358493,0.5619556381372663,0.00020736979690327771
2019-03-22,85,0.8658524302860946,0.025355252159375872,0.0,0.0,1.0,0.0032042328737860726,483,767,2019,3,22,4,0,0.09811320754716982,0.5656718151201952,0.01771440780213151
2019-03-23,80,0.8439783787452158,0.9877403176372249,1.0,0.0,1.0,0.0032042328737860726,484,1251,2019,3,23,5,1,0.9715723270440253,0.9709673673208687,0.2327097576915343
2019-03-23,82,0.8439783787452158,0.0192254109779883,0.0,0.0,1.0,0.0032042328737860726,485,1622,2019,3,23,5,1,0.978616352201258,0.9693415398908372,0.0180034687311482
2019-03-23,83,0.8439783787452158,0.023126219002507664,0.0,0.0,1.0,0.0032042328737860726,486,1744,2019,3,23,5,1,0.9806289308176102,0.9724770642201834,0.015772672431128093
2019-03-23,84,0.8439783787452158,0.01783226525494567,0.0,0.0,1.0,0.0032042328737860726,487,1782,2019,3,23,5,1,0.9813836477987422,0.9714318894437348,0.014223682887593002
2019-03-23,81,0.8439783787452158,0.02061855670103093,0.0,0.0,1.0,0.0032042328737860726,488,1313,2019,3,23,5,1,0.9879245283018869,0.9738706305887816,0.015489895435350894
2019-03-23,85,0.8439783787452158,0.01978266926720535,0.0,0.0,1.0,0.0032042328737860726,489,1335,2019,3,23,5,1,0.9881761006289309,0.972825455812333,0.017937487432133522
2019-03-24,80,0.9233656969316897,0.018668152688771245,0.0,0.0,1.0,0.0032042328737860726,490,1603,2019,3,24,6,1,0.9821383647798744,0.9742190221809315,0.2329202694550573
2019-03-24,82,0.9233656969316897,0.019504040122596825,0.0,0.0,1.0,0.0032042328737860726,491,1812,2019,3,24,6,1,0.10792452830188679,0.9732899779351993,0.018223406394530465
2019-03-24,83,0.9233656969316897,0.016717748676511563,0.0,0.0,1.0,0.0032042328737860726,492,1345,2019,3,24,6,1,0.1056603773584906,0.9722448031587505,0.01596119042831289
2019-03-24,87,0.9233656969316897,0.021733073279465033,0.0,0.0,1.0,0.0032042328737860726,493,1475,2019,3,24,6,1,0.10440251572327044,0.9742190221809315,0.06094786848984517
2019-03-24,81,0.9233656969316897,0.017275006965728618,0.0,0.0,1.0,0.0032042328737860726,494,1587,2019,3,24,6,1,0.10389937106918243,0.9743351527116477,0.015684697365775185
2019-03-24,85,0.9233656969316897,0.016717748676511563,0.0,0.0,1.0,0.0032042328737860726,495,1321,2019,3,24,6,1,0.10037735849056606,0.9743351527116477,0.018126005429318318
2019-03-25,80,0.9712183320692449,0.023126219002507664,0.0,0.0,1.0,0.0032042328737860726,496,132,2019,3,25,0,0,0.10339622641509436,0.5699686447567065,0.2331810526844963
2019-03-25,82,0.9712183320692449,0.023683477291724715,0.0,0.0,1.0,0.0032042328737860726,497,972,2019,3,25,0,0,0.10792452830188679,0.5734525606782024,0.01849047355720893
2025-03-15,83,0.02878166793075515,0.012816940651992199,0.0,0.0,1.0,0.0032042328737860726,498,1161,2025,3,15,5,1,0.1018867924528302,0.5711299500638718,0.016105720892821234
2019-03-25,84,0.9712183320692449,0.015324602953468934,0.0,0.0,1.0,0.0032042328737860726,499,1502,2019,3,25,0,0,0.10062893081761007,0.5679944257345257,0.014396491051679066
2019-03-25,81,0.9712183320692449,0.018668152688771245,0.0,0.0,1.0,0.0032042328737860726,500,2070,2019,3,25,0,0,0.09786163522012581,0.5679944257345257,0.01589520912929821
2019-03-25,85,0.9712183320692449,0.018668152688771245,0.0,0.0,1.0,0.0032042328737860726,501,1637,2019,3,25,0,0,0.09911949685534593,0.5671815120195098,0.018336517192841344
2019-03-26,80,0.9443387665051524,0.9924770130955699,1.0,0.0,1.0,0.0032042328737860726,502,1932,2019,3,26,1,0,0.9801257861635222,0.9738706305887816,0.2443727377840338
2019-03-26,82,0.9443387665051524,0.018946781833379774,0.0,0.0,1.0,0.0032042328737860726,503,1552,2019,3,26,1,0,0.9763522012578619,0.9739867611194983,0.0187041272873517
2019-03-26,37,0.9443387665051524,0.012816940651992199,0.0,0.0,1.0,0.0032042328737860726,504,233,2019,3,26,1,0,0.9665408805031447,0.9713157589130184,0.00013196259802935855
2019-03-26,84,0.9443387665051524,0.021454444134856508,0.0,0.0,1.0,0.0032042328737860726,505,183,2019,3,26,1,0,0.9743396226415095,0.9732899779351993,0.014638422481399557
2019-03-26,81,0.9443387665051524,0.01978266926720535,0.0,0.0,1.0,0.0032042328737860726,506,1361,2019,3,26,1,0,0.978364779874214,0.9751480664266636,0.01611828875930022
2019-03-26,85,0.9443387665051524,0.022568960713290613,0.0,0.0,1.0,0.0032042328737860726,507,1898,2019,3,26,1,0,0.9818867924528304,0.9760771106723958,0.01859101648904082
2019-03-26,87,0.9547001659548184,0.022290331568682084,0.0,0.0,1.0,0.0032042328737860726,508,1947,2019,3,26,1,0,0.9851572327044027,0.9806062013703403,0.0611992258194249
2019-03-27,82,0.9547001659548184,0.01978266926720535,0.0,0.0,1.0,0.0032042328737860726,509,1421,2019,3,27,2,0,0.1069182389937107,0.9801416792474742,0.01892720691735371
2019-03-27,83,0.9547001659548184,0.014488715519643355,0.0,0.0,1.0,0.0032042328737860726,510,2057,2019,3,27,2,0,0.10289308176100631,0.9790965044710254,0.01626910315704806
2019-03-27,84,0.9547001659548184,0.01978266926720535,0.0,0.0,1.0,0.0032042328737860726,511,1868,2019,3,27,2,0,0.10918238993710694,0.9817675066775056,0.014861502111401569
2019-03-27,81,0.9547001659548184,0.014488715519643355,0.0,0.0,1.0,0.0032042328737860726,512,1547,2019,3,27,2,0,0.10289308176100631,0.9796771571246081,0.016281671023527046
2019-03-27,85,0.9547001659548184,0.021175814990247982,0.0,0.0,1.0,0.0032042328737860726,513,1657,2019,3,27,2,0,0.10415094339622644,0.9779351991638601,0.018829805952141565
2019-03-28,80,1.0,0.02396210643633324,0.0,0.0,1.0,0.0032042328737860726,514,176,2019,3,28,3,0,0.10540880503144656,0.5762396934153988,0.244642946913332
2019-03-28,82,1.0,0.018110894399554194,0.0,0.0,1.0,0.0032042328737860726,515,696,2019,3,28,3,0,0.10163522012578619,0.5757751712925328,0.01913143474763724
2019-03-28,83,1.0,0.023126219002507664,0.0,0.0,1.0,0.0032042328737860726,516,292,2019,3,28,3,0,0.10465408805031448,0.5757751712925328,0.01652988638648703
2019-03-28,84,1.0,0.01783226525494567,0.0,0.0,1.0,0.0032042328737860726,517,1454,2019,3,28,3,0,0.10767295597484278,0.5757751712925328,0.015062587975065352
2019-03-28,81,0.0,0.0078016160490387305,0.0,0.0,1.0,0.0032042328737860726,518,439,2019,3,28,3,0,0.09685534591194972,0.5704331668795726,0.01636964608887995
2019-03-28,85,1.0,0.019504040122596825,0.0,0.0,1.0,0.0032042328737860726,519,1436,2019,3,28,3,0,0.10138364779874215,0.5703170363488561,0.019049743615523827
2019-03-29,80,0.9977475262300985,0.9921983839509614,1.0,0.0,1.0,0.0032042328737860726,520,891,2019,3,29,4,0,0.97811320754717,0.9760771106723958,0.2558314900462498
2019-03-29,82,0.9977475262300985,0.023126219002507664,0.0,0.0,1.0,0.0032042328737860726,521,554,2019,3,29,4,0,0.977358490566038,0.9775868075717105,0.01939221797707621
2019-03-29,83,0.9977475262300985,0.022290331568682084,0.0,0.0,1.0,0.0032042328737860726,522,1049,2019,3,29,4,0,0.9811320754716982,0.979909418186041,0.01678124371606676
2025-03-15,87,0.9977475262300985,0.023683477291724715,0.0,0.0,1.0,0.0032042328737860726,523,1967,2025,3,15,5,1,0.9816352201257864,0.9807223319010567,0.06146629298210336
2019-03-29,81,0.9977475262300985,0.016717748676511563,0.0,0.0,1.0,0.0032042328737860726,524,1805,2019,3,29,4,0,0.9806289308176102,0.9804900708396238,0.01655816408606475
2019-03-29,85,0.9977475262300985,0.021175814990247982,0.0,0.0,1.0,0.0032042328737860726,525,259,2019,3,29,4,0,0.9927044025157234,0.9823481593310881,0.019288533078624572
2019-03-29,38,0.9010912047716566,0.020339927556422402,0.0,0.0,1.0,0.0032042328737860726,526,1413,2019,3,29,4,0,0.9934591194968556,0.9811868540239228,0.0002167956967625176
2019-03-30,82,0.9010912047716566,0.015324602953468934,0.0,0.0,1.0,0.0032042328737860726,527,1379,2019,3,30,5,1,0.11144654088050315,0.9777029381024271,0.019565026141162276
2019-03-30,83,0.9010912047716566,0.011145165784341042,0.0,0.0,1.0,0.0032042328737860726,528,235,2019,3,30,5,1,0.10062893081761007,0.9770061549181279,0.016906922380856625
2019-03-30,84,0.9010912047716566,0.021454444134856508,0.0,0.0,1.0,0.0032042328737860726,529,257,2019,3,30,5,1,0.09987421383647799,0.9795610265938914,0.015304519404785843
2019-03-30,81,0.9010912047716566,0.022568960713290613,0.0,0.0,1.0,0.0032042328737860726,530,1848,2019,3,30,5,1,0.0988679245283019,0.9811868540239228,0.016812663382264226
2019-03-30,85,0.9010912047716566,0.019504040122596825,0.0,0.0,1.0,0.0032042328737860726,531,6,2019,3,30,5,1,0.10138364779874215,0.9815352456160724,0.019508470742006838
2019-03-31,80,0.8449794740093138,0.021733073279465033,0.0,0.0,1.0,0.0032042328737860726,532,338,2019,3,31,6,1,0.1018867924528302,0.576936476599698,0.25607656344259
2019-03-31,82,0.8449794740093138,0.018110894399554194,0.0,0.0,1.0,0.0032042328737860726,533,909,2019,3,31,6,1,0.09987421383647799,0.5765880850075484,0.019769253971445806
2019-03-31,83,0.8449794740093138,0.018946781833379774,0.0,0.0,1.0,0.0032042328737860726,534,2114,2019,3,31,6,1,0.10314465408805035,0.5791429566833122,0.017120576110999396
2019-03-31,84,0.8449794740093138,0.02284758985789914,0.0,0.0,1.0,0.0032042328737860726,535,555,2019,3,31,6,1,0.1137106918238994,0.5797236093368947,0.015562160667605067
2019-03-31,81,0.8449794740093138,0.019504040122596825,0.0,0.0,1.0,0.0032042328737860726,536,226,2019,3,31,6,1,0.1119496855345912,0.5796074788061782,0.01703260104564649
2019-03-31,85,0.8449794740093138,0.020061298411813876,0.0,0.0,1.0,0.0032042328737860726,537,1199,2019,3,31,6,1,0.10968553459119498,0.5785623040297294,0.019734692338628596
2019-03-31,87,0.06687355826358854,0.9660072443577599,1.0,0.0,0.0,0.0032042328737860726,538,1553,2019,3,31,6,1,0.9642767295597486,0.9718964115666009,0.07235949125276493
2019-04-01,82,0.9331264417364115,0.00027862914460852607,0.0,0.0,0.0,0.0032042328737860726,539,1196,2019,4,1,0,0,0.9449056603773587,0.963767274416444,0.019772395938065554
2019-04-01,83,0.9331264417364115,0.010030649205906938,0.0,0.0,0.0,0.0032042328737860726,540,772,2019,4,1,0,0,0.937610062893082,0.9619091859249795,0.017233686909310274
2019-04-01,84,0.9331264417364115,0.0025076623014767345,0.0,0.0,0.0,0.0032042328737860726,541,1841,2019,4,1,0,0,0.9227672955974845,0.9547090930205551,0.015590438367182788
2019-04-01,81,0.9331264417364115,0.0016717748676511564,0.0,0.0,0.0,0.0032042328737860726,542,36,2019,4,1,0,0,0.9036477987421385,0.9493670886075949,0.01705145284536497
2019-04-01,85,0.9331264417364115,0.007244357759821678,0.0,0.0,0.0,0.0032042328737860726,543,1821,2019,4,1,0,0,0.8925786163522013,0.9435605620717686,0.019816383470742008
2019-04-02,80,0.9854840244137698,0.006129841181387574,0.0,0.0,0.0,0.0032042328737860726,544,1412,2019,4,2,1,0,0.8800000000000001,0.936128208105911,0.25614568670822446
2019-04-02,82,0.9854840244137698,0.010866536639732517,0.0,0.0,0.0,0.0032042328737860726,545,834,2019,4,2,1,0,0.017610062893081764,0.9331088143072814,0.019894932636235672
2019-04-02,83,0.9854840244137698,0.0078016160490387305,0.0,0.0,0.0,0.0032042328737860726,546,759,2019,4,2,1,0,0.024402515723270443,0.9267216351178726,0.017321661974663182
2019-04-02,84,0.9854840244137698,0.008358874338255782,0.0,0.0,0.0,0.0032042328737860726,547,1713,2019,4,2,1,0,0.022893081761006295,0.9227731970735107,0.015684697365775185
2019-04-02,34,0.9854840244137698,0.0019504040122596826,0.0,0.0,0.0,0.0032042328737860726,548,1206,2019,4,2,1,0,0.022389937106918244,0.9203344559284636,9.425899859239894e-06
2019-04-02,85,0.9854840244137698,0.0039008080245193652,0.0,0.0,0.0,0.0032042328737860726,549,1811,2019,4,2,1,0,0.024402515723270443,0.9138311462083384,0.019860371003418458
2019-04-03,80,0.8222044279334446,0.003622178879910839,0.0,0.0,0.0,0.0032042328737860726,550,153,2019,4,3,2,0,0.021132075471698118,0.5018000232261062,0.2561865322742811
2019-04-03,82,0.8222044279334446,0.0,0.0,0.0,0.0,0.0032042328737860726,551,517,2019,4,3,2,0,0.015597484276729565,0.4921611891766346,0.019894932636235672
2019-04-03,83,0.8222044279334446,0.006129841181387574,0.0,0.0,0.0,0.0032042328737860726,552,1369,2019,4,3,2,0,0.01132075471698113,0.4854256183950761,0.017390785240297607
2019-04-03,87,0.8222044279334446,0.009752020061298413,0.0,0.0,0.0,0.0032042328737860726,553,313,2019,4,3,2,0,0.013081761006289307,0.47961909185924984,0.07246946008445607
2019-04-03,81,0.8222044279334446,0.0052939537475619955,0.0,0.0,0.0,0.0032042328737860726,554,1446,2019,4,3,2,0,0.01031446540880503,0.4748577400998723,0.017111150211140156
2019-04-04,80,0.8620983073362587,0.9813318473112288,1.0,0.0,0.0,0.0032042328737860726,555,1948,2019,4,4,3,0,0.8945911949685537,0.8750435489490187,0.26725253870902876
2019-04-04,82,0.8620983073362587,0.010309278350515465,0.0,0.0,0.0,0.0032042328737860726,556,757,2019,4,4,3,0,0.9003773584905661,0.8708628498432238,0.0200111854011663
2019-04-04,84,0.8620983073362587,0.0052939537475619955,0.0,0.0,0.0,0.0032042328737860726,557,876,2019,4,4,3,0,0.9018867924528303,0.8666821507374289,0.01574439473155037
2019-04-04,81,0.8620983073362587,0.0052939537475619955,0.0,0.0,0.0,0.0032042328737860726,558,1510,2019,4,4,3,0,0.9066666666666667,0.8642434095923819,0.01717084757691534
2019-04-04,85,0.8620983073362587,0.005015324602953469,0.0,0.0,0.0,0.0032042328737860726,559,1567,2019,4,4,3,0,0.9056603773584907,0.8573917082801068,0.0199169264025739
2019-04-05,80,0.9042947171573152,0.0027862914460852605,0.0,0.0,0.0,0.0032042328737860726,560,1000,2019,4,5,4,0,0.8993710691823901,0.8491464405992335,0.2672839583752262
2019-04-05,82,0.9042947171573152,0.004458066313736417,0.0,0.0,0.0,0.0032042328737860726,561,841,2019,4,5,4,0,0.8986163522012579,0.8428753919405412,0.020061456867082245
2019-04-05,83,0.9042947171573152,0.006687099470604626,0.0,0.0,0.0,0.0032042328737860726,562,1483,2019,4,5,4,0,0.01861635220125786,0.8366043432818489,0.017466192439171527
2019-04-05,84,0.9042947171573152,0.006965728615213152,0.0,0.0,0.0,0.0032042328737860726,563,2009,2019,4,5,4,0,0.015597484276729565,0.8319591220531879,0.01582294389704404
2019-04-05,81,0.9042947171573152,0.004179437169127891,0.0,0.0,0.0,0.0032042328737860726,564,802,2019,4,5,4,0,0.014591194968553461,0.8258042039252118,0.017217977076211543
2019-04-05,85,0.9042947171573152,0.004458066313736417,0.0,0.0,0.0,0.0032042328737860726,565,1153,2019,4,5,4,0,0.013836477987421384,0.8181395888979213,0.019967197868489845
2019-04-05,87,0.8824206656164364,0.004458066313736417,0.0,0.0,0.0,0.0032042328737860726,566,794,2019,4,5,4,0,0.013333333333333332,0.8118685402392289,0.072519731550372
2019-04-06,82,0.8824206656164364,0.006408470325996099,0.0,0.0,0.0,0.0032042328737860726,567,76,2019,4,6,5,1,0.01660377358490566,0.8061781442341192,0.020133722099336417
2019-04-06,45,0.8824206656164364,0.006687099470604626,0.0,0.0,0.0,0.0032042328737860726,568,1966,2019,4,6,5,1,0.01861635220125786,0.4063407269771223,6.283933239493264e-05
2019-04-06,84,0.8824206656164364,0.0016717748676511564,0.0,0.0,0.0,0.0032042328737860726,569,1409,2019,4,6,5,1,0.01408805031446541,0.4069213796307049,0.015841795696762518
2025-03-15,85,0.8824206656164364,0.0052939537475619955,0.0,0.0,0.0,0.0032042328737860726,570,1546,2025,3,15,5,1,0.012578616352201259,0.404947160608524,0.02002689523426503
2019-04-07,80,0.9137050779912241,0.9804959598774032,1.0,0.0,0.0,0.0032042328737860726,571,1810,2019,4,7,6,1,0.8940880503144655,0.8125653234235282,0.2783405389101147
2019-04-07,82,0.9137050779912241,0.0047366954583449436,0.0,0.0,0.0,0.0032042328737860726,572,1694,2019,4,7,6,1,0.8943396226415095,0.8138427592614099,0.02018713553187211
2019-04-07,83,0.9137050779912241,0.005851212036779047,0.0,0.0,0.0,0.0032042328737860726,573,1958,2019,4,7,6,1,0.8955974842767297,0.8132621066078272,0.017532173738186205
2019-04-07,84,0.9137050779912241,0.0078016160490387305,0.0,0.0,0.0,0.0032042328737860726,574,455,2019,4,7,6,1,0.8968553459119498,0.8139588897921264,0.015929770762115422
2019-04-07,85,0.9137050779912241,0.004458066313736417,0.0,0.0,0.0,0.0032042328737860726,575,681,2019,4,7,6,1,0.8948427672955976,0.8112878875856462,0.020077166700180976
2019-04-08,80,0.8722094235442193,0.0052939537475619955,0.0,0.0,0.0,0.0032042328737860726,576,87,2019,4,8,0,0,0.8981132075471701,0.8102427128091976,0.27840023627588983
2019-04-08,82,0.8722094235442193,0.005015324602953469,0.0,0.0,0.0,0.0032042328737860726,577,1972,2019,4,8,0,0,0.8978616352201259,0.8088491464405994,0.02024369093102755
2019-04-08,83,0.8722094235442193,0.003064920590693787,0.0,0.0,0.0,0.0032042328737860726,578,1344,2019,4,8,0,0,0.015345911949685535,0.8093136685634654,0.01756673537100342
2019-04-08,87,0.8722094235442193,0.0078016160490387305,0.0,0.0,0.0,0.0032042328737860726,579,622,2019,4,8,0,0,0.01811320754716981,0.8109394959934968,0.07260770661572491
2019-04-08,81,0.8722094235442193,0.0078016160490387305,0.0,0.0,0.0,0.0032042328737860726,580,1796,2019,4,8,0,0,0.019874213836477986,0.8126814539542446,0.017305952141564447
2019-04-08,85,0.8722094235442193,0.011145165784341042,0.0,0.0,0.0,0.0032042328737860726,581,1765,2019,4,8,0,0,0.022893081761006295,0.8173266751829056,0.020202845364970842
2019-04-09,80,0.8030333348623881,0.004179437169127891,0.0,0.0,0.0,0.0032042328737860726,582,66,2019,4,9,1,0,0.022641509433962266,0.8165137614678899,0.27844736577518603
2019-04-09,82,0.8030333348623881,0.006408470325996099,0.0,0.0,0.0,0.0032042328737860726,583,930,2019,4,9,1,0,0.023647798742138362,0.8151201950992917,0.02031595616328172
2019-04-09,83,0.8030333348623881,0.0027862914460852605,0.0,0.0,0.0,0.0032042328737860726,584,386,2019,4,9,1,0,0.021635220125786163,0.8140750203228428,0.017598155037200885
2019-04-09,84,0.8030333348623881,0.0,0.0,0.0,0.0,0.0032042328737860726,585,1149,2019,4,9,1,0,0.01886792452830189,0.4050632911392405,0.015929770762115422
2019-04-09,81,0.8030333348623881,0.007522986904430204,0.0,0.0,0.0,0.0032042328737860726,586,252,2019,4,9,1,0,0.01861635220125786,0.40390198583207526,0.017390785240297607
2019-04-09,85,0.8030333348623881,0.00027862914460852607,0.0,0.0,0.0,0.0032042328737860726,587,265,2019,4,9,1,0,0.011823899371069185,0.4018116362791778,0.02020598733159059
2019-04-09,41,0.8901791947578135,0.9760378935636669,1.0,0.0,0.0,0.0032042328737860726,588,370,2019,4,9,1,0,0.8830188679245284,0.8064104052955523,0.010993741202493464
2019-04-10,82,0.8901791947578135,0.005572582892170521,0.0,0.0,0.0,0.0032042328737860726,589,1581,2019,4,10,2,0,0.8842767295597486,0.8066426663569852,0.020378795495676654
2019-04-10,83,0.8901791947578135,0.008916132627472834,0.0,0.0,0.0,0.0032042328737860726,590,1014,2019,4,10,2,0,0.8865408805031448,0.8091975380327487,0.017698697969032777
2019-04-10,84,0.8901791947578135,0.006687099470604626,0.0,0.0,0.0,0.0032042328737860726,591,725,2019,4,10,2,0,0.8900628930817612,0.8101265822784811,0.016005177960989343
2019-04-10,81,0.8901791947578135,0.010866536639732517,0.0,0.0,0.0,0.0032042328737860726,592,1310,2019,4,10,2,0,0.8998742138364781,0.8118685402392289,0.017513321938467726
2019-04-10,85,0.8901791947578135,0.008080245193647256,0.0,0.0,0.0,0.0032042328737860726,593,1032,2019,4,10,2,0,0.9003773584905661,0.812333062362095,0.020297104363563242
2019-04-11,82,0.9740714730516646,0.006687099470604626,0.0,0.0,0.0,0.0032042328737860726,594,1117,2019,4,11,3,0,0.9061635220125788,0.8133782371385436,0.020454202694550574
2019-04-11,83,0.9740714730516646,0.010587907495123991,0.0,0.0,0.0,0.0032042328737860726,595,281,2019,4,11,3,0,0.03446540880503145,0.8159331088143074,0.017818092700583148
2019-04-11,84,0.9740714730516646,0.0039008080245193652,0.0,0.0,0.0,0.0032042328737860726,596,589,2019,4,11,3,0,0.0329559748427673,0.8157008477528742,0.016049165493665796
2019-04-11,81,0.9740714730516646,0.006129841181387574,0.0,0.0,0.0,0.0032042328737860726,597,2083,2019,4,11,3,0,0.03044025157232705,0.8155847172221578,0.01758244520410215
2019-04-11,85,0.9740714730516646,0.0078016160490387305,0.0,0.0,0.0,0.0032042328737860726,598,1613,2019,4,11,3,0,0.03144654088050315,0.8160492393450238,0.020385079428916146
2019-04-12,80,0.9487936699641888,0.006408470325996099,0.0,0.0,0.0,0.0032042328737860726,599,1486,2019,4,12,4,0,0.027421383647798746,0.8180234583672048,0.2785196310074402
2019-04-12,82,0.9487936699641888,0.005015324602953469,0.0,0.0,0.0,0.0032042328737860726,600,316,2019,4,12,4,0,0.024654088050314465,0.8179073278364883,0.020510758093706012
2019-04-12,83,0.9487936699641888,0.008916132627472834,0.0,0.0,0.0,0.0032042328737860726,601,1851,2019,4,12,4,0,0.026666666666666672,0.4129601672279643,0.01791863563241504
2019-04-12,84,0.9487936699641888,0.008080245193647256,0.0,0.0,0.0,0.0032042328737860726,602,422,2019,4,12,4,0,0.024402515723270443,0.4143537335965625,0.01614028252563845
2019-04-12,81,0.9487936699641888,0.005015324602953469,0.0,0.0,0.0,0.0032042328737860726,603,1563,2019,4,12,4,0,0.02540880503144654,0.41400534200441297,0.01763900060325759
2019-04-12,85,0.9487936699641888,0.006965728615213152,0.0,0.0,0.0,0.0032042328737860726,604,585,2019,4,12,4,0,0.02616352201257862,0.4136569504122634,0.020463628594409814
2019-04-13,80,0.8614475960429735,0.9799387015881862,1.0,0.0,0.0,0.0032042328737860726,605,1187,2019,4,13,5,1,0.9038993710691825,0.8202299384508187,0.2895699276090891
2019-04-13,82,0.8614475960429735,0.0025076623014767345,0.0,0.0,0.0,0.0032042328737860726,606,1067,2019,4,13,5,1,0.9003773584905661,0.8190686331436536,0.02053903579328373
2019-04-13,83,0.8614475960429735,0.003622178879910839,0.0,0.0,0.0,0.0032042328737860726,607,596,2019,4,13,5,1,0.8991194968553461,0.8184879804900709,0.01795948119847175
2019-04-13,87,0.8614475960429735,0.007522986904430204,0.0,0.0,0.0,0.0032042328737860726,608,833,2019,4,13,5,1,0.8978616352201259,0.8203460689815352,0.07269253971445808
2019-04-13,85,0.8614475960429735,0.0052939537475619955,0.0,0.0,0.0,0.0032042328737860726,609,985,2019,4,13,5,1,0.8953459119496857,0.8193008942050866,0.020523325960185
2019-04-14,80,0.838922808073661,0.0008358874338255782,0.0,0.0,0.0,0.0032042328737860726,610,82,2019,4,14,6,1,0.8915723270440252,0.8163976309371734,0.28957935350894837
2019-04-14,82,0.838922808073661,0.007244357759821678,0.0,0.0,0.0,0.0032042328737860726,611,474,2019,4,14,6,1,0.8918238993710694,0.8147718035071421,0.020620726925397143
2019-04-14,83,0.1610771919263389,0.0016717748676511564,0.0,0.0,0.0,0.0032042328737860726,612,1126,2019,4,14,6,1,0.008553459119496853,0.8137266287306935,0.017978332998190228
2019-04-14,84,0.838922808073661,0.006687099470604626,0.0,0.0,0.0,0.0032042328737860726,613,923,2019,4,14,6,1,0.012327044025157233,0.8138427592614099,0.016215689724512365
2019-04-14,81,0.838922808073661,0.0022290331568682086,0.0,0.0,0.0,0.0032042328737860726,614,342,2019,4,14,6,1,0.011069182389937107,0.8136104981999768,0.017664136336215563
2019-04-14,85,0.838922808073661,0.0039008080245193652,0.0,0.0,0.0,0.0032042328737860726,615,947,2019,4,14,6,1,0.007798742138364779,0.8152363256300081,0.020567313492861453
2019-04-15,80,0.8848233093313611,0.00027862914460852607,0.0,0.0,0.0,0.0032042328737860726,616,380,2019,4,15,0,0,0.003270440251572325,0.8122169318313786,0.2895824954755681
2025-03-15,82,0.8848233093313611,0.00919476177208136,0.0,0.0,0.0,0.0032042328737860726,617,349,2025,3,15,5,1,0.010817610062893081,0.8159331088143074,0.020724411823848782
2019-04-15,83,0.8848233093313611,0.006408470325996099,0.0,0.0,0.0,0.0032042328737860726,618,1783,2019,4,15,0,0,0.010062893081761004,0.411798861920799,0.0180505982304444
2019-04-15,84,0.8848233093313611,0.003622178879910839,0.0,0.0,0.0,0.0032042328737860726,619,166,2019,4,15,0,0,0.011823899371069185,0.41098594820578327,0.01625653529056907
2019-04-15,81,0.8848233093313611,0.0047366954583449436,0.0,0.0,0.0,0.0032042328737860726,620,1333,2019,4,15,0,0,0.010062893081761004,0.4092439902450354,0.017717549768751256
2019-04-15,85,0.8848233093313611,0.008358874338255782,0.0,0.0,0.0,0.0032042328737860726,621,485,2019,4,15,0,0,0.015597484276729565,0.4099407734293346,0.02066157249145385
2019-04-15,87,0.9079987960263844,0.9782669267205351,1.0,0.0,0.0,0.0032042328737860726,622,543,2019,4,15,0,0,0.8953459119496857,0.8131459760771107,0.08372398451638849
2019-04-16,82,0.9079987960263844,0.0019504040122596826,0.0,0.0,0.0,0.0032042328737860726,623,177,2019,4,16,1,0,0.8968553459119498,0.8105911044013472,0.02074640559018701
2019-04-16,83,0.9079987960263844,0.006408470325996099,0.0,0.0,0.0,0.0032042328737860726,624,961,2019,4,16,1,0,0.8943396226415095,0.8104749738706307,0.018122863462698573
2019-04-16,84,0.9079987960263844,0.003622178879910839,0.0,0.0,0.0,0.0032042328737860726,625,2108,2019,4,16,1,0,0.8918238993710694,0.8075717106027174,0.016297380856625777
2019-04-16,81,0.9079987960263844,0.010309278350515465,0.0,0.0,0.0,0.0032042328737860726,626,431,2019,4,16,1,0,0.8978616352201259,0.8102427128091976,0.017833802533681883
2019-04-16,85,0.9079987960263844,0.006408470325996099,0.0,0.0,0.0,0.0032042328737860726,627,1048,2019,4,16,1,0,0.8993710691823901,0.810358843339914,0.020733837723708022
2019-04-17,80,0.9755230781508322,0.0078016160490387305,0.0,0.0,0.0,0.0032042328737860726,628,389,2019,4,17,2,0,0.8988679245283021,0.810358843339914,0.289670470540921
2019-04-17,82,0.9755230781508322,0.0025076623014767345,0.0,0.0,0.0,0.0032042328737860726,629,1104,2019,4,17,2,0,0.017861635220125786,0.8087330159098827,0.020774683289764728
2019-04-17,42,0.9755230781508322,0.0011145165784341043,0.0,0.0,0.0,0.0032042328737860726,630,1756,2019,4,17,2,0,0.017106918238993712,0.8071071884798513,0.0
2019-04-17,84,0.9755230781508322,0.004458066313736417,0.0,0.0,0.0,0.0032042328737860726,631,1579,2019,4,17,2,0,0.015345911949685535,0.805249099988387,0.016347652322541727
2019-04-17,85,0.9755230781508322,0.006965728615213152,0.0,0.0,0.0,0.0032042328737860726,632,339,2019,4,17,2,0,0.018364779874213838,0.8047845778655209,0.02081238688920169
2019-04-18,80,0.9025427973032499,0.005015324602953469,0.0,0.0,0.0,0.0032042328737860726,633,636,2019,4,18,3,0,0.013584905660377362,0.8047845778655209,0.28972702594007643
2019-04-18,82,0.9025427973032499,0.005572582892170521,0.0,0.0,0.0,0.0032042328737860726,634,115,2019,4,18,3,0,0.01283018867924528,0.8042039252119382,0.02083752262215966
2019-04-18,83,0.9025427973032499,0.005015324602953469,0.0,0.0,0.0,0.0032042328737860726,635,1544,2019,4,18,3,0,0.01031446540880503,0.397863198234816,0.01817941886185401
2019-04-18,87,0.9025427973032499,0.006687099470604626,0.0,0.0,0.0,0.0032042328737860726,636,1548,2019,4,18,3,0,0.01408805031446541,0.39960515619556386,0.08379939171526242
2019-04-18,81,0.9025427973032499,0.008080245193647256,0.0,0.0,0.0,0.0032042328737860726,637,1505,2019,4,18,3,0,0.020377358490566037,0.40146324468702826,0.017924919565654535
2019-04-18,85,0.9025427973032499,0.0013931457230426303,0.0,0.0,0.0,0.0032042328737860726,638,2102,2019,4,18,3,0,0.017610062893081764,0.39890837301126464,0.02082809672230042
2019-04-19,80,0.8765141696258067,0.9818891056004458,1.0,0.0,0.0,0.0032042328737860726,639,647,2019,4,19,4,0,0.8978616352201259,0.8059458831726862,0.30079931630806356
2019-04-19,82,0.8765141696258067,0.005851212036779047,0.0,0.0,0.0,0.0032042328737860726,640,1469,2019,4,19,4,0,0.8986163522012579,0.8080362327255834,0.020903503921174342
2025-03-15,83,0.8765141696258067,0.006687099470604626,0.0,0.0,0.0,0.0032042328737860726,641,704,2025,3,15,5,1,0.899622641509434,0.8078039716641505,0.01825482606072793
2019-04-19,84,0.8765141696258067,0.0011145165784341043,0.0,0.0,0.0,0.0032042328737860726,642,835,2019,4,19,4,0,0.8961006289308177,0.8075717106027174,0.01636022018902071
2019-04-19,81,0.8765141696258067,0.0047366954583449436,0.0,0.0,0.0,0.0032042328737860726,643,401,2019,4,19,4,0,0.8943396226415095,0.8067587968877019,0.017978332998190228
2019-04-19,85,0.8765141696258067,0.004179437169127891,0.0,0.0,0.0,0.0032042328737860726,644,1798,2019,4,19,4,0,0.8908176100628932,0.8075717106027174,0.020875226221596623
2019-04-20,80,0.938282113137074,0.008637503482864309,0.0,0.0,0.0,0.0032042328737860726,645,1766,2019,4,20,5,1,0.8973584905660379,0.8095459296248984,0.3008967172732757
2019-04-20,82,0.938282113137074,0.0016717748676511564,0.0,0.0,0.0,0.0032042328737860726,646,269,2019,4,20,5,1,0.012327044025157233,0.8101265822784811,0.02092235572089282
2019-04-20,84,0.938282113137074,0.0005572582892170521,0.0,0.0,0.0,0.0032042328737860726,647,566,2019,4,20,5,1,0.007547169811320753,0.8065265358262688,0.016366504122260206
2019-04-20,81,0.938282113137074,0.004179437169127891,0.0,0.0,0.0,0.0032042328737860726,648,1781,2019,4,20,5,1,0.005283018867924528,0.8055974915805366,0.018025462497486426
2019-04-20,85,0.938282113137074,0.0047366954583449436,0.0,0.0,0.0,0.0032042328737860726,649,1164,2019,4,20,5,1,0.008553459119496853,0.8060620137034027,0.020928639654132313
2019-04-21,82,0.8426268869427302,0.005572582892170521,0.0,0.0,0.0,0.0032042328737860726,650,167,2019,4,21,6,1,0.00930817610062893,0.8064104052955523,0.020985195053287754
2019-04-21,83,0.8426268869427302,0.008637503482864309,0.0,0.0,0.0,0.0032042328737860726,651,325,2019,4,21,6,1,0.013333333333333332,0.8065265358262688,0.018352227025940075
2019-04-21,84,0.8426268869427302,0.003622178879910839,0.0,0.0,0.0,0.0032042328737860726,652,1578,2019,4,21,6,1,0.008805031446540882,0.40030193937986297,0.016407349688316912
2019-04-21,81,0.8426268869427302,0.0013931457230426303,0.0,0.0,0.0,0.0032042328737860726,653,214,2019,4,21,6,1,0.008553459119496853,0.40006967831842993,0.01804117233058516
2019-04-21,85,0.8426268869427302,0.0011145165784341043,0.0,0.0,0.0,0.0032042328737860726,654,93,2019,4,21,6,1,0.009056603773584904,0.397863198234816,0.0209412075206113
2019-04-22,80,0.8658524302860946,0.9793814432989691,1.0,0.0,0.0,0.0032042328737860726,655,929,2019,4,22,0,0,0.889559748427673,0.8045523168040878,0.31194072994168515
2019-04-22,82,0.8658524302860946,0.005851212036779047,0.0,0.0,0.0,0.0032042328737860726,656,889,2019,4,22,0,0,0.8905660377358492,0.8026942283126235,0.02105117635230243
2019-04-22,83,0.8658524302860946,0.005572582892170521,0.0,0.0,0.0,0.0032042328737860726,657,192,2019,4,22,0,0,0.8905660377358492,0.8023458367204739,0.01841506635833501
2019-04-22,84,0.8658524302860946,0.003064920590693787,0.0,0.0,0.0,0.0032042328737860726,658,1773,2019,4,22,0,0,0.8855345911949686,0.8003716176982929,0.016441911321134123
2019-04-22,81,0.8658524302860946,0.0047366954583449436,0.0,0.0,0.0,0.0032042328737860726,659,1494,2019,4,22,0,0,0.8865408805031448,0.801300661944025,0.01809458576312085
2019-04-22,85,0.8658524302860946,0.011145165784341042,0.0,0.0,0.0,0.0032042328737860726,660,1006,2019,4,22,0,0,0.8953459119496857,0.8054813610498202,0.021066886185401167
2019-04-23,80,0.8439783787452158,0.006408470325996099,0.0,0.0,0.0,0.0032042328737860726,661,1340,2019,4,23,1,0,0.9001257861635221,0.8062942747648356,0.3120129951739393
2019-04-23,82,0.8439783787452158,0.005015324602953469,0.0,0.0,0.0,0.0032042328737860726,662,1193,2019,4,23,1,0,0.020377358490566037,0.8054813610498202,0.021107731751457873
2019-04-23,83,0.8439783787452158,0.008637503482864309,0.0,0.0,0.0,0.0032042328737860726,663,1208,2019,4,23,1,0,0.022893081761006295,0.8069910579491348,0.018512467323547156
2025-03-15,87,0.8439783787452158,0.0025076623014767345,0.0,0.0,0.0,0.0032042328737860726,664,838,2025,3,15,5,1,0.020125786163522015,0.8057136221112531,0.08382766941484013
2019-04-23,81,0.8439783787452158,0.005015324602953469,0.0,0.0,0.0,0.0032042328737860726,665,49,2019,4,23,1,0,0.021886792452830192,0.8057136221112531,0.018151141162276292
2019-04-23,85,0.8439783787452158,0.0025076623014767345,0.0,0.0,0.0,0.0032042328737860726,666,1961,2019,4,23,1,0,0.019874213836477986,0.8039716641505052,0.021095163884978885
2019-04-24,80,0.9233656969316897,0.0008358874338255782,0.0,0.0,0.0,0.0032042328737860726,667,979,2019,4,24,2,0,0.010566037735849056,0.8009522703518754,0.3120224210737985
2019-04-24,82,0.9233656969316897,0.0005572582892170521,0.0,0.0,0.0,0.0032042328737860726,668,616,2019,4,24,2,0,0.005283018867924528,0.800603878759726,0.021114015684697365
2019-04-24,84,0.9233656969316897,0.006687099470604626,0.0,0.0,0.0,0.0032042328737860726,669,646,2019,4,24,2,0,0.006792452830188676,0.39414702125188716,0.016517318520008043
2019-04-24,43,0.9233656969316897,0.00919476177208136,0.0,0.0,0.0,0.0032042328737860726,670,1860,2019,4,24,2,0,0.007295597484276727,0.3955405876204855,9.111703197265232e-05
2019-04-24,85,0.9233656969316897,0.006129841181387574,0.0,0.0,0.0,0.0032042328737860726,671,755,2019,4,24,2,0,0.010566037735849056,0.39530832655905235,0.02116428715061331
2019-04-25,80,0.9712183320692449,0.9754806352744498,1.0,0.0,0.0,0.0032042328737860726,672,664,2019,4,25,3,0,0.8867924528301888,0.8014167924747417,0.3230224462095315
2019-04-25,82,0.9712183320692449,0.005572582892170521,0.0,0.0,0.0,0.0032042328737860726,673,670,2019,4,25,3,0,0.889559748427673,0.8017651840668913,0.021176855017092298
2019-04-25,83,0.9712183320692449,0.004179437169127891,0.0,0.0,0.0,0.0032042328737860726,674,2064,2019,4,25,3,0,0.8925786163522013,0.8017651840668913,0.018559596822843354
2019-04-25,84,0.9712183320692449,0.0027862914460852605,0.0,0.0,0.0,0.0032042328737860726,675,239,2019,4,25,3,0,0.8945911949685537,0.7993264429218441,0.01654873818620551
2019-04-25,81,0.9712183320692449,0.003064920590693787,0.0,0.0,0.0,0.0032042328737860726,676,365,2019,4,25,3,0,0.8913207547169812,0.7999070955754268,0.018185702795093503
2019-04-25,85,0.9712183320692449,0.005015324602953469,0.0,0.0,0.0,0.0032042328737860726,677,1701,2019,4,25,3,0,0.887547169811321,0.8017651840668913,0.02122084254976875
2019-04-25,87,0.9443387665051524,0.005572582892170521,0.0,0.0,0.0,0.0032042328737860726,678,695,2019,4,25,3,0,0.8870440251572328,0.8023458367204739,0.08389050874723507
2019-04-26,82,0.9443387665051524,0.0,0.0,0.0,0.0,0.0032042328737860726,679,521,2019,4,26,4,0,0.0062893081761006275,0.8003716176982929,0.021176855017092298
2019-04-26,83,0.9443387665051524,0.007522986904430204,0.0,0.0,0.0,0.0032042328737860726,680,1294,2019,4,26,4,0,0.008050314465408805,0.8011845314133086,0.018644429921576514
2019-04-26,84,0.9443387665051524,0.004458066313736417,0.0,0.0,0.0,0.0032042328737860726,681,652,2019,4,26,4,0,0.00830188679245283,0.7994425734525608,0.016599009652121455
2019-04-26,81,0.9443387665051524,0.010587907495123991,0.0,0.0,0.0,0.0032042328737860726,682,967,2019,4,26,4,0,0.015345911949685535,0.8023458367204739,0.018305097526643877
2019-04-26,85,0.9443387665051524,0.00919476177208136,0.0,0.0,0.0,0.0032042328737860726,683,1346,2019,4,26,4,0,0.02088050314465409,0.8055974915805366,0.02132452744822039
2019-04-27,80,0.9547001659548184,0.0078016160490387305,0.0,0.0,0.0,0.0032042328737860726,684,1791,2019,4,27,5,1,0.02339622641509434,0.8083846243177333,0.32311042127488443
2019-04-27,82,0.9547001659548184,0.005015324602953469,0.0,0.0,0.0,0.0032042328737860726,685,1869,2019,4,27,5,1,0.022893081761006295,0.4022761584020439,0.02123341041624774
2019-04-27,83,0.9547001659548184,0.0022290331568682086,0.0,0.0,0.0,0.0032042328737860726,686,1928,2019,4,27,5,1,0.024905660377358495,0.40076646150272915,0.018669565654534485
2019-04-27,84,0.9547001659548184,0.013652828085817777,0.0,0.0,0.0,0.0032042328737860726,687,405,2019,4,27,5,1,0.03044025157232705,0.4041342468935083,0.01675296601648904
2025-03-15,81,0.04529983404518162,0.0,0.0,0.0,0.0,0.0032042328737860726,688,138,2025,3,15,5,1,0.026415094339622643,0.40285681105562654,0.018305097526643877
2019-04-27,85,0.9547001659548184,0.0039008080245193652,0.0,0.0,0.0,0.0032042328737860726,689,1565,2019,4,27,5,1,0.020377358490566037,0.402508419463477,0.02136851498089684
2019-04-28,80,1.0,0.9818891056004458,1.0,0.0,0.0,0.0032042328737860726,690,1807,2019,4,28,6,1,0.8986163522012579,0.8071071884798513,0.33418271164287155
2019-04-28,82,1.0,0.004458066313736417,0.0,0.0,0.0,0.0032042328737860726,691,1969,2019,4,28,6,1,0.8955974842767297,0.8062942747648356,0.021283681882163685
2019-04-28,44,1.0,0.0022290331568682086,0.0,0.0,0.0,0.0032042328737860726,692,1004,2019,4,28,6,1,0.8930817610062894,0.8051329694576705,1.2567866478986528e-05
2019-04-28,87,1.0,0.008080245193647256,0.0,0.0,0.0,0.0032042328737860726,693,1826,2019,4,28,6,1,0.8983647798742139,0.8049007083962374,0.08398162577920772
2019-04-28,81,1.0,0.009473390916689887,0.0,0.0,0.0,0.0032042328737860726,694,1619,2019,4,28,6,1,0.8945911949685537,0.8078039716641505,0.01841192439171526
2019-04-28,85,1.0,0.003343549735302313,0.0,0.0,0.0,0.0032042328737860726,695,1057,2019,4,28,6,1,0.8976100628930819,0.8071071884798513,0.021406218580333803
2019-04-29,80,0.9977475262300985,0.004179437169127891,0.0,0.0,0.0,0.0032042328737860726,696,1257,2019,4,29,0,0,0.8978616352201259,0.8078039716641505,0.33422984114216775
2019-04-29,82,0.9977475262300985,0.0027862914460852605,0.0,0.0,0.0,0.0032042328737860726,697,1517,2019,4,29,0,0,0.013836477987421384,0.8086168853791662,0.02131510154836115
2019-04-29,83,0.9977475262300985,0.009752020061298413,0.0,0.0,0.0,0.0032042328737860726,698,61,2019,4,29,0,0,0.01861635220125786,0.8124491928928115,0.01877953448622562
2019-04-29,84,0.9977475262300985,0.009473390916689887,0.0,0.0,0.0,0.0032042328737860726,699,1253,2019,4,29,0,0,0.025157232704402517,0.8136104981999768,0.016859792881560427
2019-04-29,81,0.9977475262300985,0.006687099470604626,0.0,0.0,0.0,0.0032042328737860726,700,1726,2019,4,29,0,0,0.02389937106918239,0.8125653234235282,0.01848733159058918
2019-04-29,85,0.9977475262300985,0.0039008080245193652,0.0,0.0,0.0,0.0032042328737860726,701,936,2019,4,29,0,0,0.01886792452830189,0.8116362791777958,0.021450206113010257
2019-04-30,80,0.9010912047716566,0.004179437169127891,0.0,0.0,0.0,0.0032042328737860726,702,20,2019,4,30,1,0,0.019622641509433963,0.4068052490999884,0.33427697064146394
2019-04-30,82,0.9010912047716566,0.003064920590693787,0.0,0.0,0.0,0.0032042328737860726,703,988,2019,4,30,1,0,0.01861635220125786,0.4057600743235396,0.021349663181178362
2019-04-30,83,0.9010912047716566,0.004179437169127891,0.0,0.0,0.0,0.0032042328737860726,704,600,2019,4,30,1,0,0.019874213836477986,0.4057600743235396,0.018826663985521817
2019-04-30,84,0.9010912047716566,0.005851212036779047,0.0,0.0,0.0,0.0032042328737860726,705,1558,2019,4,30,1,0,0.01635220125786164,0.4070375101614214,0.016925774180575105
2019-04-30,81,0.9010912047716566,0.0047366954583449436,0.0,0.0,0.0,0.0032042328737860726,706,249,2019,4,30,1,0,0.01207547169811321,0.40773429334572064,0.018540745023124874
2019-04-30,85,0.9010912047716566,0.0022290331568682086,0.0,0.0,0.0,0.0032042328737860726,707,798,2019,4,30,1,0,0.008050314465408805,0.40657298803855535,0.021475341845968228
2019-04-30,87,0.06687355826358854,0.9685149066592367,1.0,0.0,0.0,0.0032042328737860726,708,1566,2019,4,30,1,0,0.8789937106918241,0.807920102194867,0.09490310174944701
2019-05-01,82,0.9331264417364115,0.0008358874338255782,0.0,0.0,0.0,0.0032042328737860726,709,54,2019,5,1,2,0,0.8759748427672958,0.8082684937870166,0.0213590890810376
2019-05-01,83,0.9331264417364115,0.006129841181387574,0.0,0.0,0.0,0.0032042328737860726,710,10,2019,5,1,2,0,0.87874213836478,0.8076878411334341,0.018895787251156242
2019-05-01,84,0.9331264417364115,0.008916132627472834,0.0,0.0,0.0,0.0032042328737860726,711,1612,2019,5,1,2,0,0.8830188679245284,0.8095459296248984,0.017026317112406996
2019-05-01,81,0.9331264417364115,0.005572582892170521,0.0,0.0,0.0,0.0032042328737860726,712,1073,2019,5,1,2,0,0.8827672955974845,0.8074555800720009,0.018603584355519807
2025-03-15,85,0.9331264417364115,0.0039008080245193652,0.0,0.0,0.0,0.0032042328737860726,713,125,2025,3,15,5,1,0.8820125786163524,0.805249099988387,0.021519329378644682
2025-03-15,48,0.9854840244137698,0.008358874338255782,0.0,0.0,0.0,0.0032042328737860726,714,382,2025,3,15,5,1,0.887547169811321,0.8054813610498202,8.169113211341243e-05
2019-05-02,82,0.9854840244137698,0.004179437169127891,0.0,0.0,0.0,0.0032042328737860726,715,1568,2019,5,2,3,0,0.016855345911949683,0.8051329694576705,0.021406218580333803
2019-05-02,83,0.9854840244137698,0.007522986904430204,0.0,0.0,0.0,0.0032042328737860726,716,3,2019,5,2,3,0,0.022893081761006295,0.8073394495412844,0.018980620349889402
2019-05-02,84,0.9854840244137698,0.0052939537475619955,0.0,0.0,0.0,0.0032042328737860726,717,347,2019,5,2,3,0,0.022138364779874214,0.8038555336197888,0.017086014478182185
2019-05-02,81,0.9854840244137698,0.0013931457230426303,0.0,0.0,0.0,0.0032042328737860726,718,2028,2019,5,2,3,0,0.015345911949685535,0.8044361862733713,0.01861929418861854
2019-05-02,85,0.9854840244137698,0.009473390916689887,0.0,0.0,0.0,0.0032042328737860726,719,1806,2019,5,2,3,0,0.01886792452830189,0.8067587968877019,0.021626156243716065
2019-05-03,80,0.8222044279334446,0.009752020061298413,0.0,0.0,0.0,0.0032042328737860726,720,452,2019,5,3,4,0,0.02415094339622642,0.4015793752177448,0.33438693947315506
2019-05-03,82,0.8222044279334446,0.005015324602953469,0.0,0.0,0.0,0.0032042328737860726,721,335,2019,5,3,4,0,0.021132075471698118,0.4018116362791778,0.02146277397948924
2019-05-03,83,0.8222044279334446,0.006687099470604626,0.0,0.0,0.0,0.0032042328737860726,722,156,2019,5,3,4,0,0.02339622641509434,0.40366972477064217,0.019056027548763323
2019-05-03,87,0.8222044279334446,0.009752020061298413,0.0,0.0,0.0,0.0032042328737860726,723,2101,2019,5,3,4,0,0.02540880503144654,0.4043665079549414,0.09501307058113814
2019-05-03,81,0.8222044279334446,0.0013931457230426303,0.0,0.0,0.0,0.0032042328737860726,724,1660,2019,5,3,4,0,0.021886792452830192,0.4009987225641622,0.018635004021717274
2019-05-03,85,0.8222044279334446,0.0008358874338255782,0.0,0.0,0.0,0.0032042328737860726,725,413,2019,5,3,4,0,0.02138364779874214,0.3999535477877134,0.021635582143575305
2019-05-04,80,0.8620983073362587,0.9765951518528839,1.0,0.0,0.0,0.0032042328737860726,726,11,2019,5,4,5,1,0.8945911949685537,0.805249099988387,0.34539953247536703
2019-05-04,82,0.8620983073362587,0.0039008080245193652,0.0,0.0,0.0,0.0032042328737860726,727,1291,2019,5,4,5,1,0.8893081761006292,0.8057136221112531,0.021506761512165695
2019-05-04,84,0.8620983073362587,0.0,0.0,0.0,0.0,0.0032042328737860726,728,1900,2019,5,4,5,1,0.8847798742138367,0.8016490535361747,0.017086014478182185
2019-05-04,81,0.8620983073362587,0.003064920590693787,0.0,0.0,0.0,0.0032042328737860726,729,1905,2019,5,4,5,1,0.8815094339622643,0.7989780513296947,0.018669565654534485
2019-05-04,85,0.8620983073362587,0.006408470325996099,0.0,0.0,0.0,0.0032042328737860726,730,210,2019,5,4,5,1,0.878490566037736,0.798861920798978,0.021707847375829478
2019-05-05,80,0.9042947171573152,0.003343549735302313,0.0,0.0,0.0,0.0032042328737860726,731,777,2019,5,5,6,1,0.8802515723270442,0.7986296597375451,0.345437236074804
2019-05-05,82,0.9042947171573152,0.0019504040122596826,0.0,0.0,0.0,0.0032042328737860726,732,1880,2019,5,5,6,1,0.8812578616352202,0.7977006154918127,0.02152875527850392
2019-05-05,83,0.9042947171573152,0.006965728615213152,0.0,0.0,0.0,0.0032042328737860726,733,1404,2019,5,5,6,1,0.005786163522012576,0.7993264429218441,0.019134576714256987
2019-05-05,84,0.9042947171573152,0.005015324602953469,0.0,0.0,0.0,0.0032042328737860726,734,1100,2019,5,5,6,1,0.006792452830188676,0.7996748345139939,0.017142569877337623
2019-05-05,52,0.9042947171573152,0.006687099470604626,0.0,0.0,0.0,0.0032042328737860726,735,729,2019,5,5,6,1,0.01283018867924528,0.8000232261061433,6.283933239493264e-05
2019-05-05,85,0.9042947171573152,0.006965728615213152,0.0,0.0,0.0,0.0032042328737860726,736,1740,2019,5,5,6,1,0.01635220125786164,0.8009522703518754,0.021786396541323146
2025-03-15,87,0.8824206656164364,0.005851212036779047,0.0,0.0,0.0,0.0032042328737860726,737,572,2025,3,15,5,1,0.015849056603773587,0.8024619672511903,0.09507905188015282
2019-05-06,82,0.8824206656164364,0.006965728615213152,0.0,0.0,0.0,0.0032042328737860726,738,1630,2019,5,6,0,0,0.019119496855345912,0.4016955057484613,0.021607304443997586
2019-05-06,83,0.8824206656164364,0.010309278350515465,0.0,0.0,0.0,0.0032042328737860726,739,614,2019,5,6,0,0,0.026666666666666672,0.4056439437928231,0.019250829479187614
2019-05-06,84,0.8824206656164364,0.003343549735302313,0.0,0.0,0.0,0.0032042328737860726,740,1305,2019,5,6,0,0,0.02339622641509434,0.4044826384856579,0.01718027347677458
2019-05-06,81,0.8824206656164364,0.003343549735302313,0.0,0.0,0.0,0.0032042328737860726,741,915,2019,5,6,0,0,0.021886792452830192,0.4021600278713274,0.018707269253971447
2019-05-06,85,0.8824206656164364,0.003622178879910839,0.0,0.0,0.0,0.0032042328737860726,742,916,2019,5,6,0,0,0.019119496855345912,0.40134711415631175,0.02182724210737985
2019-05-07,80,0.9137050779912241,0.9796600724435777,1.0,0.0,0.0,0.0032042328737860726,743,903,2019,5,7,1,0,0.8973584905660379,0.8080362327255834,0.3564843907098331
2019-05-07,82,0.9137050779912241,0.006687099470604626,0.0,0.0,0.0,0.0032042328737860726,744,1918,2019,5,7,1,0,0.8981132075471701,0.8073394495412844,0.021682711642871506
2019-05-07,83,0.9137050779912241,0.0008358874338255782,0.0,0.0,0.0,0.0032042328737860726,745,136,2019,5,7,1,0,0.8925786163522013,0.8059458831726862,0.019260255379046853
2019-05-07,84,0.9137050779912241,0.008637503482864309,0.0,0.0,0.0,0.0032042328737860726,746,1679,2019,5,7,1,0,0.8910691823899373,0.8064104052955523,0.01727767444198673
2019-05-07,85,0.9137050779912241,0.0019504040122596826,0.0,0.0,0.0,0.0032042328737860726,747,927,2019,5,7,1,0,0.889811320754717,0.8050168389269539,0.02184923587371808
2019-05-08,80,0.8722094235442193,0.0039008080245193652,0.0,0.0,0.0,0.0032042328737860726,748,1448,2019,5,8,2,0,0.8903144654088052,0.8060620137034027,0.3565283782425096
2019-05-08,82,0.8722094235442193,0.006687099470604626,0.0,0.0,0.0,0.0032042328737860726,749,1139,2019,5,8,2,0,0.8930817610062894,0.8049007083962374,0.021758118841745427
2019-05-08,83,0.8722094235442193,0.004179437169127891,0.0,0.0,0.0,0.0032042328737860726,750,971,2019,5,8,2,0,0.012327044025157233,0.8025780977819068,0.01930738487834305
2019-05-08,87,0.8722094235442193,0.0019504040122596826,0.0,0.0,0.0,0.0032042328737860726,751,680,2019,5,8,2,0,0.008050314465408805,0.801300661944025,0.09510104564649105
2019-05-08,81,0.8722094235442193,0.0047366954583449436,0.0,0.0,0.0,0.0032042328737860726,752,888,2019,5,8,2,0,0.011572327044025155,0.8004877482290094,0.018760682686507137
2019-05-09,80,0.8030333348623881,0.0025076623014767345,0.0,0.0,0.0,0.0032042328737860726,753,208,2019,5,9,3,0,0.006037735849056605,0.7974683544303798,0.3565566559420873
2019-05-09,82,0.8030333348623881,0.0047366954583449436,0.0,0.0,0.0,0.0032042328737860726,754,423,2019,5,9,3,0,0.008553459119496853,0.798861920798978,0.021811532274281117
2019-05-09,86,0.8030333348623881,0.005851212036779047,0.0,0.0,0.0,0.0032042328737860726,755,1371,2019,5,9,3,0,0.01031446540880503,0.8009522703518754,0.0005247084254976875
2019-05-09,84,0.8030333348623881,0.003064920590693787,0.0,0.0,0.0,0.0032042328737860726,756,1414,2019,5,9,3,0,0.007044025157232705,0.39519219602833583,0.017312236074803942
2019-05-09,81,0.8030333348623881,0.0011145165784341043,0.0,0.0,0.0,0.0032042328737860726,757,1865,2019,5,9,3,0,0.004276729559748428,0.39403089072117065,0.018773250552986124
2019-05-09,85,0.8030333348623881,0.0052939537475619955,0.0,0.0,0.0,0.0032042328737860726,758,1859,2019,5,9,3,0,0.007295597484276727,0.3962373708047846,0.021908933239493264
2019-05-10,80,0.8901791947578135,0.9788241850097521,1.0,0.0,0.0,0.0032042328737860726,759,964,2019,5,10,4,0,0.8867924528301888,0.8029264893740564,0.36759438467725725
2025-03-15,82,0.8901791947578135,0.006965728615213152,0.0,0.0,0.0,0.0032042328737860726,760,2074,2025,3,15,5,1,0.8908176100628932,0.8031587504354896,0.021890081439774785
2019-05-10,83,0.8901791947578135,0.004458066313736417,0.0,0.0,0.0,0.0032042328737860726,761,774,2019,5,10,4,0,0.8905660377358492,0.8036232725583556,0.019357656344258997
2019-05-10,84,0.8901791947578135,0.007244357759821678,0.0,0.0,0.0,0.0032042328737860726,762,806,2019,5,10,4,0,0.8918238993710694,0.8058297526419695,0.017393927206917355
2019-05-10,81,0.8901791947578135,0.005851212036779047,0.0,0.0,0.0,0.0032042328737860726,763,1496,2019,5,10,4,0,0.8943396226415095,0.8053652305191035,0.018839231852000805
2019-05-10,85,0.8901791947578135,0.005015324602953469,0.0,0.0,0.0,0.0032042328737860726,764,686,2019,5,10,4,0,0.8978616352201259,0.8053652305191035,0.0219654886386487
2019-05-11,82,0.9740714730516646,0.006129841181387574,0.0,0.0,0.0,0.0032042328737860726,765,327,2019,5,11,5,1,0.8986163522012579,0.8051329694576705,0.02195920470540921
2019-05-11,83,0.9740714730516646,0.009752020061298413,0.0,0.0,0.0,0.0032042328737860726,766,832,2019,5,11,5,1,0.023647798742138362,0.8062942747648356,0.019467625175950132
2019-05-11,84,0.9740714730516646,0.005572582892170521,0.0,0.0,0.0,0.0032042328737860726,767,745,2019,5,11,5,1,0.022389937106918244,0.8061781442341192,0.017456766539312284
2019-05-11,81,0.9740714730516646,0.009473390916689887,0.0,0.0,0.0,0.0032042328737860726,768,1768,2019,5,11,5,1,0.026918238993710694,0.807223319010568,0.018946058717072188
2019-05-11,85,0.9740714730516646,0.0078016160490387305,0.0,0.0,0.0,0.0032042328737860726,769,1835,2019,5,11,5,1,0.027421383647798746,0.8061781442341192,0.02205346370400161
2019-05-12,80,0.9487936699641888,0.007522986904430204,0.0,0.0,0.0,0.0032042328737860726,770,1549,2019,5,12,6,1,0.028930817610062894,0.807920102194867,0.3676792177759904
2019-05-12,82,0.9487936699641888,0.006129841181387574,0.0,0.0,0.0,0.0032042328737860726,771,1317,2019,5,12,6,1,0.029937106918238997,0.8090814075020323,0.022028327971043635
2019-05-12,83,0.9487936699641888,0.004179437169127891,0.0,0.0,0.0,0.0032042328737860726,772,1123,2019,5,12,6,1,0.02817610062893082,0.8093136685634654,0.01951475467524633
2019-05-12,84,0.9487936699641888,0.0005572582892170521,0.0,0.0,0.0,0.0032042328737860726,773,918,2019,5,12,6,1,0.019874213836477986,0.40123098362559523,0.01746305047255178
2019-05-12,81,0.9487936699641888,0.007244357759821678,0.0,0.0,0.0,0.0032042328737860726,774,1418,2019,5,12,6,1,0.02138364779874214,0.40146324468702826,0.0190277498491856
2019-05-12,85,0.9487936699641888,0.006129841181387574,0.0,0.0,0.0,0.0032042328737860726,775,776,2019,5,12,6,1,0.018364779874213838,0.40366972477064217,0.022122586969636034
2019-05-12,46,0.8614475960429735,0.9768737809974924,1.0,0.0,0.0,0.0032042328737860726,776,1236,2019,5,12,6,1,0.8933333333333334,0.807223319010568,0.011003167102352704
2019-05-13,82,0.8614475960429735,0.0027862914460852605,0.0,0.0,0.0,0.0032042328737860726,777,1620,2019,5,13,0,0,0.889056603773585,0.8075717106027174,0.0220597476372411
2019-05-13,83,0.8614475960429735,0.006965728615213152,0.0,0.0,0.0,0.0032042328737860726,778,207,2019,5,13,0,0,0.889811320754717,0.8088491464405994,0.019593303840739994
2019-05-13,87,0.8614475960429735,0.005572582892170521,0.0,0.0,0.0,0.0032042328737860726,779,1331,2019,5,13,0,0,0.8910691823899373,0.8083846243177333,0.09516388497888598
2019-05-13,81,0.8614475960429735,0.003622178879910839,0.0,0.0,0.0,0.0032042328737860726,780,1070,2019,5,13,0,0,0.8938364779874215,0.8081523632563001,0.019068595415242307
2019-05-13,85,0.8614475960429735,0.0052939537475619955,0.0,0.0,0.0,0.0032042328737860726,781,163,2019,5,13,0,0,0.8920754716981134,0.8095459296248984,0.02218228433541122
2019-05-14,80,0.838922808073661,0.004458066313736417,0.0,0.0,0.0,0.0032042328737860726,782,247,2019,5,14,1,0,0.8905660377358492,0.8094297990941819,0.36772948924190635
2019-05-14,82,0.838922808073661,0.0052939537475619955,0.0,0.0,0.0,0.0032042328737860726,783,71,2019,5,14,1,0,0.013333333333333332,0.8105911044013472,0.022119445003016287
2019-05-14,84,0.838922808073661,0.0039008080245193652,0.0,0.0,0.0,0.0032042328737860726,784,1495,2019,5,14,1,0,0.014339622641509432,0.8102427128091976,0.017507038005228234
2019-05-14,81,0.838922808073661,0.006408470325996099,0.0,0.0,0.0,0.0032042328737860726,785,560,2019,5,14,1,0,0.013836477987421384,0.8104749738706307,0.01914086064749648
2019-05-14,85,0.838922808073661,0.006129841181387574,0.0,0.0,0.0,0.0032042328737860726,786,94,2019,5,14,1,0,0.014339622641509432,0.8117524097085123,0.022251407601045645
2019-05-15,80,0.8848233093313611,0.003343549735302313,0.0,0.0,0.0,0.0032042328737860726,787,853,2019,5,15,2,0,0.01408805031446541,0.8126814539542446,0.3677671928413433
2019-05-15,82,0.8848233093313611,0.0027862914460852605,0.0,0.0,0.0,0.0032042328737860726,788,1949,2019,5,15,2,0,0.011823899371069185,0.8116362791777958,0.022150864669213753
2019-05-15,83,0.8848233093313611,0.010030649205906938,0.0,0.0,0.0,0.0032042328737860726,789,303,2019,5,15,2,0,0.016855345911949683,0.40785042387643716,0.019706414639050873
2019-05-15,84,0.8848233093313611,0.008916132627472834,0.0,0.0,0.0,0.0032042328737860726,790,1083,2019,5,15,2,0,0.020125786163522015,0.4086633375914528,0.017607580937060125
2019-05-15,81,0.8848233093313611,0.003064920590693787,0.0,0.0,0.0,0.0032042328737860726,791,1394,2019,5,15,2,0,0.01937106918238994,0.4080826849378702,0.019175422280313693
2019-05-15,85,0.8848233093313611,0.005572582892170521,0.0,0.0,0.0,0.0032042328737860726,792,1739,2019,5,15,2,0,0.01861635220125786,0.407385901753571,0.022314246933440578
2019-05-15,87,0.9079987960263844,0.9843967679019227,1.0,0.0,0.0,0.0032042328737860726,793,1562,2019,5,15,2,0,0.9018867924528303,0.8152363256300081,0.10626445304645084
2019-05-16,82,0.9079987960263844,0.003064920590693787,0.0,0.0,0.0,0.0032042328737860726,794,1738,2019,5,16,3,0,0.9016352201257863,0.8144234119149925,0.022185426302030967
2019-05-16,83,0.9079987960263844,0.005572582892170521,0.0,0.0,0.0,0.0032042328737860726,795,1901,2019,5,16,3,0,0.9041509433962266,0.8141911508535595,0.019769253971445806
2019-05-16,84,0.9079987960263844,0.0027862914460852605,0.0,0.0,0.0,0.0032042328737860726,796,139,2019,5,16,3,0,0.8976100628930819,0.8112878875856462,0.01763900060325759
2019-05-16,47,0.9079987960263844,0.0052939537475619955,0.0,0.0,0.0,0.0032042328737860726,797,913,2019,5,16,3,0,0.8943396226415095,0.8111717570549297,4.712949929619948e-05
2019-05-16,85,0.9079987960263844,0.005851212036779047,0.0,0.0,0.0,0.0032042328737860726,798,212,2019,5,16,3,0,0.8968553459119498,0.8096620601556148,0.02238022823245526
2019-05-17,80,0.9755230781508322,0.0078016160490387305,0.0,0.0,0.0,0.0032042328737860726,799,1234,2019,5,17,4,0,0.8988679245283021,0.8096620601556148,0.3678551679066962
2019-05-17,82,0.9755230781508322,0.004458066313736417,0.0,0.0,0.0,0.0032042328737860726,800,1408,2019,5,17,4,0,0.01408805031446541,0.8083846243177333,0.022235697767946913
2019-05-17,83,0.9755230781508322,0.003343549735302313,0.0,0.0,0.0,0.0032042328737860726,801,1753,2019,5,17,4,0,0.014339622641509432,0.807223319010568,0.019806957570882768
2019-05-17,84,0.9755230781508322,0.00919476177208136,0.0,0.0,0.0,0.0032042328737860726,802,607,2019,5,17,4,0,0.017610062893081764,0.8093136685634654,0.01774268550170923
2019-05-17,81,0.024476921849167776,0.00027862914460852607,0.0,0.0,0.0,0.0032042328737860726,803,714,2019,5,17,4,0,0.015345911949685535,0.8091975380327487,0.01917856424693344
2019-05-17,85,0.9755230781508322,0.004458066313736417,0.0,0.0,0.0,0.0032042328737860726,804,2081,2019,5,17,4,0,0.014591194968553461,0.8080362327255834,0.022430499698371204
2019-05-18,80,0.9025427973032499,0.0008358874338255782,0.0,0.0,0.0,0.0032042328737860726,805,542,2019,5,18,5,1,0.010062893081761004,0.8058297526419695,0.36786459380655545
2019-05-18,82,0.9025427973032499,0.003064920590693787,0.0,0.0,0.0,0.0032042328737860726,806,661,2019,5,18,5,1,0.005786163522012576,0.3999535477877134,0.022270259400764127
2019-05-18,83,0.9025427973032499,0.008080245193647256,0.0,0.0,0.0,0.0032042328737860726,807,149,2019,5,18,5,1,0.009056603773584904,0.4021600278713274,0.01989807460285542
2025-03-15,87,0.9025427973032499,0.0011145165784341043,0.0,0.0,0.0,0.0032042328737860726,808,520,2025,3,15,5,1,0.007044025157232705,0.3997212867262804,0.10627702091292981
2019-05-18,81,0.9025427973032499,0.0025076623014767345,0.0,0.0,0.0,0.0032042328737860726,809,1405,2019,5,18,5,1,0.0010062893081760997,0.39844385088839857,0.01920684194651116
2019-05-18,85,0.9025427973032499,0.0047366954583449436,0.0,0.0,0.0,0.0032042328737860726,810,1751,2019,5,18,5,1,0.005031446540880502,0.39890837301126464,0.022483913130906898
2019-05-19,80,0.8765141696258067,0.9791028141543606,1.0,0.0,0.0,0.0032042328737860726,811,540,2019,5,19,6,1,0.8850314465408806,0.8047845778655209,0.3789054645083451
2019-05-19,82,0.8765141696258067,0.0013931457230426303,0.0,0.0,0.0,0.0032042328737860726,812,1930,2019,5,19,6,1,0.8855345911949686,0.8035071420276392,0.02228596923386286
2019-05-19,83,0.8765141696258067,0.005851212036779047,0.0,0.0,0.0,0.0032042328737860726,813,1489,2019,5,19,6,1,0.8880503144654088,0.8037394030890721,0.019964055901870097
2019-05-19,84,0.8765141696258067,0.010866536639732517,0.0,0.0,0.0,0.0032042328737860726,814,1332,2019,5,19,6,1,0.8905660377358492,0.8066426663569852,0.01786522219987935
2019-05-19,81,0.8765141696258067,0.0027862914460852605,0.0,0.0,0.0,0.0032042328737860726,815,340,2019,5,19,6,1,0.8920754716981134,0.8051329694576705,0.019238261612708626
2019-05-19,85,0.8765141696258067,0.008916132627472834,0.0,0.0,0.0,0.0032042328737860726,816,143,2019,5,19,6,1,0.8978616352201259,0.8062942747648356,0.02258445606273879
2019-05-20,80,0.938282113137074,0.006965728615213152,0.0,0.0,0.0,0.0032042328737860726,817,1627,2019,5,20,0,0,0.8998742138364781,0.8078039716641505,0.37898401367383877
2019-05-20,82,0.938282113137074,0.007522986904430204,0.0,0.0,0.0,0.0032042328737860726,818,509,2019,5,20,0,0,0.022641509433962266,0.8097781906863315,0.02237080233259602
2019-05-20,49,0.938282113137074,0.003622178879910839,0.0,0.0,0.0,0.0032042328737860726,819,242,2019,5,20,0,0,0.024654088050314465,0.8071071884798513,2.8277699577719688e-05
2019-05-20,84,0.938282113137074,0.008080245193647256,0.0,0.0,0.0,0.0032042328737860726,820,469,2019,5,20,0,0,0.026666666666666672,0.8067587968877019,0.017956339231852
2019-05-20,81,0.938282113137074,0.006965728615213152,0.0,0.0,0.0,0.0032042328737860726,821,42,2019,5,20,0,0,0.023144654088050318,0.8083846243177333,0.01931681077820229
2019-05-20,85,0.938282113137074,0.006687099470604626,0.0,0.0,0.0,0.0032042328737860726,822,1349,2019,5,20,0,0,0.026666666666666672,0.8088491464405994,0.02265986326161271
2019-05-21,82,0.8426268869427302,0.0022290331568682086,0.0,0.0,0.0,0.0032042328737860726,823,1159,2019,5,21,1,0,0.020628930817610067,0.39948902566484734,0.02239593806555399
2019-05-21,83,0.8426268869427302,0.0019504040122596826,0.0,0.0,0.0,0.0032042328737860726,824,1706,2019,5,21,1,0,0.01610062893081761,0.39902450354198127,0.019986049668208324
2019-05-21,84,0.8426268869427302,0.006965728615213152,0.0,0.0,0.0,0.0032042328737860726,825,2084,2019,5,21,1,0,0.015597484276729565,0.39960515619556386,0.018034888397345666
2019-05-21,81,0.8426268869427302,0.0047366954583449436,0.0,0.0,0.0,0.0032042328737860726,826,40,2019,5,21,1,0,0.01660377358490566,0.4004180699105795,0.019370224210737984
2019-05-21,85,0.8426268869427302,0.005851212036779047,0.0,0.0,0.0,0.0032042328737860726,827,47,2019,5,21,1,0,0.014591194968553461,0.4006503309720125,0.022725844560627387
2019-05-22,80,0.8658524302860946,0.9788241850097521,1.0,0.0,0.0,0.0032042328737860726,828,866,2019,5,22,2,0,0.8920754716981134,0.8061781442341192,0.39002174240900866
2019-05-22,82,0.8658524302860946,0.006408470325996099,0.0,0.0,0.0,0.0032042328737860726,829,677,2019,5,22,2,0,0.8918238993710694,0.8055974915805366,0.022468203297808163
2019-05-22,83,0.8658524302860946,0.0047366954583449436,0.0,0.0,0.0,0.0032042328737860726,830,1354,2019,5,22,2,0,0.8940880503144655,0.8057136221112531,0.020039463100744018
2019-05-22,84,0.8658524302860946,0.008637503482864309,0.0,0.0,0.0,0.0032042328737860726,831,2041,2019,5,22,2,0,0.9001257861635221,0.807920102194867,0.018132289362557813
2025-03-15,81,0.8658524302860946,0.0047366954583449436,0.0,0.0,0.0,0.0032042328737860726,832,1942,2025,3,15,5,1,0.8981132075471701,0.8060620137034027,0.019423637643273678
2019-05-22,85,0.8658524302860946,0.0052939537475619955,0.0,0.0,0.0,0.0032042328737860726,833,81,2019,5,22,2,0,0.8986163522012579,0.8081523632563001,0.022785541926402572
2019-05-23,80,0.8439783787452158,0.004458066313736417,0.0,0.0,0.0,0.0032042328737860726,834,1745,2019,5,23,3,0,0.8973584905660379,0.8081523632563001,0.39007201387492463
2019-05-23,82,0.8439783787452158,0.003622178879910839,0.0,0.0,0.0,0.0032042328737860726,835,689,2019,5,23,3,0,0.016855345911949683,0.8093136685634654,0.02250904886386487
2019-05-23,83,0.8439783787452158,0.0039008080245193652,0.0,0.0,0.0,0.0032042328737860726,836,129,2019,5,23,3,0,0.014591194968553461,0.8096620601556148,0.02008345063342047
2019-05-23,87,0.8439783787452158,0.007522986904430204,0.0,0.0,0.0,0.0032042328737860726,837,574,2019,5,23,3,0,0.017106918238993712,0.8094297990941819,0.10636185401166298
2019-05-23,81,0.8439783787452158,0.008080245193647256,0.0,0.0,0.0,0.0032042328737860726,838,1429,2019,5,23,3,0,0.01660377358490566,0.812333062362095,0.01951475467524633
2019-05-23,85,0.8439783787452158,0.007244357759821678,0.0,0.0,0.0,0.0032042328737860726,839,1638,2019,5,23,3,0,0.01886792452830189,0.814307281384276,0.022867233058515984
2019-05-23,50,0.9233656969316897,0.0039008080245193652,0.0,0.0,0.0,0.0032042328737860726,840,1626,2019,5,23,3,0,0.017610062893081764,0.8139588897921264,3.141966619746632e-05
2019-05-24,82,0.9233656969316897,0.003622178879910839,0.0,0.0,0.0,0.0032042328737860726,841,657,2019,5,24,4,0,0.016855345911949683,0.407385901753571,0.022549894429921575
2019-05-24,84,0.9233656969316897,0.01142379492894957,0.0,0.0,0.0,0.0032042328737860726,842,151,2019,5,24,4,0,0.02389937106918239,0.41156660085936597,0.018261109993967423
2019-05-24,81,0.9233656969316897,0.0052939537475619955,0.0,0.0,0.0,0.0032042328737860726,843,778,2019,5,24,4,0,0.025157232704402517,0.41133433979793294,0.019574452041021515
2019-05-24,85,0.9233656969316897,0.007244357759821678,0.0,0.0,0.0,0.0032042328737860726,844,1569,2019,5,24,4,0,0.024905660377358495,0.4098246428986181,0.0229489241906294
2019-05-25,80,0.9712183320692449,0.9824463638896629,1.0,0.0,0.0,0.0032042328737860726,845,744,2019,5,25,5,1,0.9046540880503146,0.8181395888979213,0.40115058817615123
2019-05-25,82,0.9712183320692449,0.004179437169127891,0.0,0.0,0.0,0.0032042328737860726,846,862,2019,5,25,5,1,0.9018867924528303,0.8161653698757403,0.022597023929217776
2019-05-25,83,0.9712183320692449,0.003064920590693787,0.0,0.0,0.0,0.0032042328737860726,847,1712,2019,5,25,5,1,0.9011320754716983,0.8145395424457089,0.020118012266237682
2019-05-25,84,0.9712183320692449,0.0039008080245193652,0.0,0.0,0.0,0.0032042328737860726,848,894,2019,5,25,5,1,0.9013836477987421,0.8130298455463942,0.018305097526643877
2019-05-25,81,0.9712183320692449,0.005851212036779047,0.0,0.0,0.0,0.0032042328737860726,849,752,2019,5,25,5,1,0.8963522012578619,0.8139588897921264,0.019640433340036196
2019-05-25,85,0.9712183320692449,0.003064920590693787,0.0,0.0,0.0,0.0032042328737860726,850,901,2019,5,25,5,1,0.8943396226415095,0.8118685402392289,0.02298348582344661
2019-05-25,87,0.9443387665051524,0.008080245193647256,0.0,0.0,0.0,0.0032042328737860726,851,1772,2019,5,25,5,1,0.8950943396226416,0.812333062362095,0.10645297104363563
2019-05-26,82,0.9443387665051524,0.0052939537475619955,0.0,0.0,0.0,0.0032042328737860726,852,662,2019,5,26,6,1,0.01283018867924528,0.8117524097085123,0.022656721294992962
2019-05-26,83,0.9443387665051524,0.009473390916689887,0.0,0.0,0.0,0.0032042328737860726,853,1396,2019,5,26,6,1,0.017610062893081764,0.8147718035071421,0.02022483913130907
2019-05-26,84,0.9443387665051524,0.006687099470604626,0.0,0.0,0.0,0.0032042328737860726,854,868,2019,5,26,6,1,0.02088050314465409,0.816746022529323,0.018380504725517794
2019-05-26,81,0.9443387665051524,0.005572582892170521,0.0,0.0,0.0,0.0032042328737860726,855,1435,2019,5,26,6,1,0.022389937106918244,0.8161653698757403,0.01970327267243113
2025-03-15,85,0.9443387665051524,0.0016717748676511564,0.0,0.0,0.0,0.0032042328737860726,856,412,2025,3,15,5,1,0.01861635220125786,0.8148879340378585,0.02300233762316509
2019-05-27,80,0.9547001659548184,0.004179437169127891,0.0,0.0,0.0,0.0032042328737860726,857,721,2019,5,27,0,0,0.019622641509433963,0.8141911508535595,0.40119771767544743
2019-05-27,82,0.9547001659548184,0.0078016160490387305,0.0,0.0,0.0,0.0032042328737860726,858,1599,2019,5,27,0,0,0.01937106918238994,0.40947625130646853,0.022744696360345866
2019-05-27,83,0.9547001659548184,0.0039008080245193652,0.0,0.0,0.0,0.0032042328737860726,859,1040,2019,5,27,0,0,0.01811320754716981,0.40843107653001975,0.020268826663985523
2019-05-27,84,0.9547001659548184,0.007244357759821678,0.0,0.0,0.0,0.0032042328737860726,860,885,2019,5,27,0,0,0.01610062893081761,0.40947625130646853,0.01846219585763121
2019-05-27,86,0.04529983404518162,0.0,0.0,0.0,0.0,0.0032042328737860726,861,1463,2019,5,27,0,0,0.010062893081761004,0.40587620485425613,0.0005247084254976875
2019-05-27,85,0.9547001659548184,0.004179437169127891,0.0,0.0,0.0,0.0032042328737860726,862,732,2019,5,27,0,0,0.008805031446540882,0.4056439437928231,0.02304946712246129
2019-05-28,80,1.0,0.9768737809974924,1.0,0.0,0.0,0.0032042328737860726,863,1670,2019,5,28,1,0,0.8893081761006292,0.8105911044013472,0.41221345264427917
2019-05-28,82,1.0,0.008637503482864309,0.0,0.0,0.0,0.0032042328737860726,864,1245,2019,5,28,1,0,0.8933333333333334,0.812333062362095,0.022842097325558013
2019-05-28,83,1.0,0.009752020061298413,0.0,0.0,0.0,0.0032042328737860726,865,1213,2019,5,28,1,0,0.8950943396226416,0.8148879340378585,0.020378795495676654
2019-05-28,87,1.0,0.004458066313736417,0.0,0.0,0.0,0.0032042328737860726,866,530,2019,5,28,1,0,0.8955974842767297,0.8151201950992917,0.10650324250955158
2019-05-28,81,1.0,0.005015324602953469,0.0,0.0,0.0,0.0032042328737860726,867,1452,2019,5,28,1,0,0.8935849056603776,0.8140750203228428,0.019759828071586567
2019-05-28,85,1.0,0.0047366954583449436,0.0,0.0,0.0,0.0032042328737860726,868,533,2019,5,28,1,0,0.8978616352201259,0.8126814539542446,0.023102880554996985
2019-05-29,80,0.9977475262300985,0.004458066313736417,0.0,0.0,0.0,0.0032042328737860726,869,90,2019,5,29,2,0,0.8981132075471701,0.8115201486470793,0.4122637241101951
2019-05-29,82,0.9977475262300985,0.0016717748676511564,0.0,0.0,0.0,0.0032042328737860726,870,1987,2019,5,29,2,0,0.017610062893081764,0.8105911044013472,0.022860949125276493
2019-05-29,83,0.9977475262300985,0.008916132627472834,0.0,0.0,0.0,0.0032042328737860726,871,2025,2019,5,29,2,0,0.017861635220125786,0.8127975844849611,0.020479338427508546
2019-05-29,84,0.9977475262300985,0.006687099470604626,0.0,0.0,0.0,0.0032042328737860726,872,301,2019,5,29,2,0,0.015094339622641506,0.8108233654627801,0.018537603056505127
2019-05-29,81,0.9977475262300985,0.0047366954583449436,0.0,0.0,0.0,0.0032042328737860726,873,823,2019,5,29,2,0,0.015345911949685535,0.8105911044013472,0.01981324150412226
2019-05-29,85,0.9977475262300985,0.0,0.0,0.0,0.0,0.0032042328737860726,874,1936,2019,5,29,2,0,0.010817610062893081,0.8075717106027174,0.023102880554996985
2019-05-30,80,0.9010912047716566,0.003064920590693787,0.0,0.0,0.0,0.0032042328737860726,875,417,2019,5,30,3,0,0.00930817610062893,0.3993728951341308,0.4122982857430123
2019-05-30,82,0.9010912047716566,0.004179437169127891,0.0,0.0,0.0,0.0032042328737860726,876,2088,2019,5,30,3,0,0.009056603773584904,0.3993728951341308,0.022908078624572694
2019-05-30,83,0.9010912047716566,0.0008358874338255782,0.0,0.0,0.0,0.0032042328737860726,877,693,2019,5,30,3,0,0.00830188679245283,0.39844385088839857,0.020488764327367785
2019-05-30,81,0.9010912047716566,0.0039008080245193652,0.0,0.0,0.0,0.0032042328737860726,878,1021,2019,5,30,3,0,0.0037735849056603765,0.39844385088839857,0.019857229036798714
2019-05-30,85,0.9010912047716566,0.0025076623014767345,0.0,0.0,0.0,0.0032042328737860726,879,1526,2019,5,30,3,0,0.0,0.39705028451980023,0.023131158254574704
2025-03-15,87,0.15502052599068616,0.9721370855391475,1.0,0.0,0.0,0.0032042328737860726,880,545,2025,3,15,5,1,0.8734591194968554,0.8009522703518754,0.11746556404584757
2019-05-31,82,0.8449794740093138,0.005015324602953469,0.0,0.0,0.0,0.0032042328737860726,881,1468,2019,5,31,4,0,0.8779874213836479,0.7996748345139939,0.02296463402372813
2019-05-31,51,0.8449794740093138,0.0052939537475619955,0.0,0.0,0.0,0.0032042328737860726,882,369,2019,5,31,4,0,0.8800000000000001,0.7996748345139939,4.712949929619948e-05
2019-05-31,84,0.8449794740093138,0.0027862914460852605,0.0,0.0,0.0,0.0032042328737860726,883,1681,2019,5,31,4,0,0.87874213836478,0.7968877017767972,0.018569022722702593
2019-05-31,81,0.8449794740093138,0.003622178879910839,0.0,0.0,0.0,0.0032042328737860726,884,2018,2019,5,31,4,0,0.8812578616352202,0.7956102659389153,0.01989807460285542
2019-05-31,85,0.8449794740093138,0.008080245193647256,0.0,0.0,0.0,0.0032042328737860726,885,1985,2019,5,31,4,0,0.8850314465408806,0.7966554407153641,0.023222275286547356
2019-06-01,80,0.9331264417364115,0.006687099470604626,0.0,0.0,0.0,0.0032042328737860726,886,1717,2019,6,1,5,1,0.888805031446541,0.7987457902682615,0.4123736929418862
2019-06-01,82,0.9331264417364115,0.003622178879910839,0.0,0.0,0.0,0.0032042328737860726,887,1609,2019,6,1,5,1,0.014339622641509432,0.7985135292068286,0.023005479589784838
2019-06-01,83,0.9331264417364115,0.006129841181387574,0.0,0.0,0.0,0.0032042328737860726,888,548,2019,6,1,5,1,0.015345911949685535,0.7978167460225294,0.02055788759300221
2019-06-01,84,0.9331264417364115,0.0005572582892170521,0.0,0.0,0.0,0.0032042328737860726,889,133,2019,6,1,5,1,0.011069182389937107,0.7964231796539312,0.01857530665594209
2019-06-01,81,0.9331264417364115,0.0013931457230426303,0.0,0.0,0.0,0.0032042328737860726,890,454,2019,6,1,5,1,0.009811320754716982,0.7939844385088839,0.01991378443595415
2019-06-01,85,0.9331264417364115,0.01142379492894957,0.0,0.0,0.0,0.0032042328737860726,891,450,2019,6,1,5,1,0.016855345911949683,0.7987457902682615,0.023351095917956966
2019-06-02,80,0.9854840244137698,0.00027862914460852607,0.0,0.0,0.0,0.0032042328737860726,892,1519,2019,6,2,6,1,0.009811320754716982,0.7971199628382302,0.41237683490850596
2019-06-02,82,0.9854840244137698,0.006687099470604626,0.0,0.0,0.0,0.0032042328737860726,893,1282,2019,6,2,6,1,0.009811320754716982,0.39275345488328883,0.023080886788658758
2019-06-02,83,0.9854840244137698,0.010866536639732517,0.0,0.0,0.0,0.0032042328737860726,894,1813,2019,6,2,6,1,0.01635220125786164,0.393682499129021,0.02068042429117233
2019-06-02,87,0.9854840244137698,0.007522986904430204,0.0,0.0,0.0,0.0032042328737860726,895,1902,2019,6,2,6,1,0.017610062893081764,0.39275345488328883,0.11755039714458074
2019-06-02,81,0.9854840244137698,0.005015324602953469,0.0,0.0,0.0,0.0032042328737860726,896,535,2019,6,2,6,1,0.021635220125786163,0.39298571594472187,0.019970339835109593
2019-06-02,85,0.9854840244137698,0.0011145165784341043,0.0,0.0,0.0,0.0032042328737860726,897,379,2019,6,2,6,1,0.02138364779874214,0.3913598885146905,0.023363663784435953
2019-06-03,80,0.8222044279334446,0.9810532181666203,1.0,0.0,0.0,0.0032042328737860726,898,711,2019,6,3,0,0,0.8968553459119498,0.7982812681453955,0.42343969937663384
2019-06-03,82,0.8222044279334446,0.0047366954583449436,0.0,0.0,0.0,0.0032042328737860726,899,1658,2019,6,3,0,0,0.9008805031446543,0.7983973986761119,0.023134300221194448
2019-06-03,84,0.8222044279334446,0.007244357759821678,0.0,0.0,0.0,0.0032042328737860726,900,467,2019,6,3,0,0,0.9013836477987421,0.8007200092904425,0.0186569977880555
2019-06-03,85,0.8222044279334446,0.01142379492894957,0.0,0.0,0.0,0.0032042328737860726,901,1061,2019,6,3,0,0,0.9018867924528303,0.8017651840668913,0.023492484415845567
2019-06-03,58,0.8620983073362587,0.006408470325996099,0.0,0.0,0.0,0.0032042328737860726,902,1970,2019,6,3,0,0,0.9008805031446543,0.8016490535361747,5.9697365775186006e-05
2025-03-15,82,0.8620983073362587,0.005572582892170521,0.0,0.0,0.0,0.0032042328737860726,903,830,2025,3,15,5,1,0.9013836477987421,0.8019974451283243,0.02319713955358938
2019-06-04,83,0.8620983073362587,0.008080245193647256,0.0,0.0,0.0,0.0032042328737860726,904,403,2019,6,4,1,0,0.907672955974843,0.8053652305191035,0.020771541323144984
2019-06-04,84,0.8620983073362587,0.006965728615213152,0.0,0.0,0.0,0.0032042328737860726,905,1908,2019,6,4,1,0,0.02817610062893082,0.8069910579491348,0.018735546953549165
2019-06-04,81,0.8620983073362587,0.004458066313736417,0.0,0.0,0.0,0.0032042328737860726,906,2063,2019,6,4,1,0,0.027924528301886797,0.8071071884798513,0.02002061130102554
2019-06-04,85,0.8620983073362587,0.0008358874338255782,0.0,0.0,0.0,0.0032042328737860726,907,293,2019,6,4,1,0,0.022138364779874214,0.8071071884798513,0.023501910315704807
2019-06-04,87,0.9042947171573152,0.0022290331568682086,0.0,0.0,0.0,0.0032042328737860726,908,1541,2019,6,4,1,0,0.013836477987421384,0.8064104052955523,0.1175755328775387
2019-06-05,82,0.9042947171573152,0.006408470325996099,0.0,0.0,0.0,0.0032042328737860726,909,1625,2019,6,5,2,0,0.013836477987421384,0.8080362327255834,0.023269404785843554
2019-06-05,83,0.9042947171573152,0.0039008080245193652,0.0,0.0,0.0,0.0032042328737860726,910,621,2019,6,5,2,0,0.012327044025157233,0.4044826384856579,0.020815528855821434
2019-06-05,84,0.9042947171573152,0.0039008080245193652,0.0,0.0,0.0,0.0032042328737860726,911,501,2019,6,5,2,0,0.008553459119496853,0.4040181163627918,0.01877953448622562
2019-06-05,81,0.9042947171573152,0.0022290331568682086,0.0,0.0,0.0,0.0032042328737860726,912,640,2019,6,5,2,0,0.004276729559748428,0.40274068052491,0.02004574703398351
2019-06-05,85,0.9042947171573152,0.00027862914460852607,0.0,0.0,0.0,0.0032042328737860726,913,77,2019,6,5,2,0,0.0005031446540880481,0.4016955057484613,0.02350505228232455
2019-06-06,80,0.8824206656164364,0.977709668431318,1.0,0.0,0.0,0.0032042328737860726,914,771,2019,6,6,3,0,0.8825157232704404,0.8076878411334341,0.43446486024532477
2019-06-06,82,0.8824206656164364,0.0022290331568682086,0.0,0.0,0.0,0.0032042328737860726,915,1644,2019,6,6,3,0,0.8825157232704404,0.805249099988387,0.02329454051880153
2019-06-06,83,0.8824206656164364,0.006687099470604626,0.0,0.0,0.0,0.0032042328737860726,916,846,2019,6,6,3,0,0.8827672955974845,0.805249099988387,0.020890936054695355
2019-06-06,84,0.8824206656164364,0.005572582892170521,0.0,0.0,0.0,0.0032042328737860726,917,1652,2019,6,6,3,0,0.8842767295597486,0.8060620137034027,0.018842373818620552
2019-06-06,85,0.8824206656164364,0.007244357759821678,0.0,0.0,0.0,0.0032042328737860726,918,1169,2019,6,6,3,0,0.8872955974842768,0.8065265358262688,0.023586743414437963
2019-06-07,80,0.9137050779912241,0.007244357759821678,0.0,0.0,0.0,0.0032042328737860726,919,1774,2019,6,7,4,0,0.8918238993710694,0.8093136685634654,0.4345465513774382
2019-06-07,82,0.9137050779912241,0.003064920590693787,0.0,0.0,0.0,0.0032042328737860726,920,1293,2019,6,7,4,0,0.8943396226415095,0.8100104517477644,0.023329102151618743
2019-06-07,83,0.9137050779912241,0.003343549735302313,0.0,0.0,0.0,0.0032042328737860726,921,667,2019,6,7,4,0,0.014591194968553461,0.8066426663569852,0.020928639654132313
2019-06-07,87,0.9137050779912241,0.0039008080245193652,0.0,0.0,0.0,0.0032042328737860726,922,791,2019,6,7,4,0,0.01610062893081761,0.8081523632563001,0.11761952041021516
2019-06-07,59,0.9137050779912241,0.006408470325996099,0.0,0.0,0.0,0.0032042328737860726,923,1984,2019,6,7,4,0,0.015849056603773587,0.8080362327255834,5.9697365775186006e-05
2019-06-07,85,0.9137050779912241,0.0025076623014767345,0.0,0.0,0.0,0.0032042328737860726,924,976,2019,6,7,4,0,0.013081761006289307,0.8045523168040878,0.023615021114015686
2019-06-08,80,0.8722094235442193,0.008080245193647256,0.0,0.0,0.0,0.0032042328737860726,925,523,2019,6,8,5,1,0.013836477987421384,0.8047845778655209,0.43463766840941087
2019-06-08,82,0.8722094235442193,0.003064920590693787,0.0,0.0,0.0,0.0032042328737860726,926,1441,2019,6,8,5,1,0.010062893081761004,0.8039716641505052,0.023363663784435953
2019-06-08,84,0.8722094235442193,0.007522986904430204,0.0,0.0,0.0,0.0032042328737860726,927,1402,2019,6,8,5,1,0.01408805031446541,0.8066426663569852,0.01892720691735371
2019-06-08,81,0.8722094235442193,0.004179437169127891,0.0,0.0,0.0,0.0032042328737860726,928,1460,2019,6,8,5,1,0.014842767295597484,0.39948902566484734,0.02009287653327971
2019-06-08,85,0.8722094235442193,0.0052939537475619955,0.0,0.0,0.0,0.0032042328737860726,929,1975,2019,6,8,5,1,0.01610062893081761,0.3997212867262804,0.02367471847979087
2019-06-09,80,0.8030333348623881,0.9793814432989691,1.0,0.0,0.0,0.0032042328737860726,930,426,2019,6,9,6,1,0.8945911949685537,0.8049007083962374,0.44568168107782025
2019-06-09,82,0.8030333348623881,0.006129841181387574,0.0,0.0,0.0,0.0032042328737860726,931,1278,2019,6,9,6,1,0.8978616352201259,0.8026942283126235,0.02343278705007038
2019-06-09,83,0.8030333348623881,0.003343549735302313,0.0,0.0,0.0,0.0032042328737860726,932,45,2019,6,9,6,1,0.8935849056603776,0.8014167924747417,0.020966343253569275
2019-06-09,84,0.8030333348623881,0.006408470325996099,0.0,0.0,0.0,0.0032042328737860726,933,321,2019,6,9,6,1,0.8966037735849058,0.8017651840668913,0.01899947214960788
2019-06-09,81,0.8030333348623881,0.008358874338255782,0.0,0.0,0.0,0.0032042328737860726,934,728,2019,6,9,6,1,0.8973584905660379,0.8018813145976078,0.02018713553187211
2019-06-09,85,0.8030333348623881,0.004179437169127891,0.0,0.0,0.0,0.0032042328737860726,935,1686,2019,6,9,6,1,0.8973584905660379,0.8007200092904425,0.02372184797908707
2019-06-09,87,0.10982080524218657,0.0011145165784341043,0.0,0.0,0.0,0.0032042328737860726,936,1062,2019,6,9,6,1,0.8935849056603776,0.7993264429218441,0.11763208827669415
2019-06-10,82,0.8901791947578135,0.006408470325996099,0.0,0.0,0.0,0.0032042328737860726,937,978,2019,6,10,0,0,0.015094339622641506,0.8016490535361747,0.02350505228232455
2019-06-10,83,0.8901791947578135,0.008637503482864309,0.0,0.0,0.0,0.0032042328737860726,938,282,2019,6,10,0,0,0.01735849056603774,0.8043200557426549,0.02106374421878142
2019-06-10,84,0.8901791947578135,0.006408470325996099,0.0,0.0,0.0,0.0032042328737860726,939,1037,2019,6,10,0,0,0.020125786163522015,0.8043200557426549,0.019071737381862054
2019-06-10,81,0.8901791947578135,0.007244357759821678,0.0,0.0,0.0,0.0032042328737860726,940,991,2019,6,10,0,0,0.02088050314465409,0.8057136221112531,0.020268826663985523
2019-06-10,85,0.8901791947578135,0.0039008080245193652,0.0,0.0,0.0,0.0032042328737860726,941,1420,2019,6,10,0,0,0.016855345911949683,0.8057136221112531,0.023765835511763523
2019-06-11,80,0.9740714730516646,0.005015324602953469,0.0,0.0,0.0,0.0032042328737860726,942,1862,2019,6,11,1,0,0.017610062893081764,0.8068749274184184,0.4457382364769757
2019-06-11,82,0.9740714730516646,0.0078016160490387305,0.0,0.0,0.0,0.0032042328737860726,943,264,2019,6,11,1,0,0.023647798742138362,0.8100104517477644,0.02359302734767746
2019-06-11,53,0.9740714730516646,0.006129841181387574,0.0,0.0,0.0,0.0032042328737860726,944,1125,2019,6,11,1,0,0.02339622641509434,0.4050632911392405,5.655539915543937e-05
2019-06-11,84,0.9740714730516646,0.008358874338255782,0.0,0.0,0.0,0.0032042328737860726,945,1986,2019,6,11,1,0,0.023144654088050318,0.407618162815004,0.019165996380454454
2019-06-11,81,0.9740714730516646,0.008637503482864309,0.0,0.0,0.0,0.0032042328737860726,946,1175,2019,6,11,1,0,0.025157232704402517,0.40843107653001975,0.020366227629197667
2019-06-12,80,0.9487936699641888,0.9813318473112288,1.0,0.0,0.0,0.0032042328737860726,947,122,2019,6,12,2,0,0.9046540880503146,0.8151201950992917,0.45680424291172333
2019-06-12,82,0.9487936699641888,0.00027862914460852607,0.0,0.0,0.0,0.0032042328737860726,948,1944,2019,6,12,2,0,0.9013836477987421,0.8122169318313786,0.023596169314297203
2019-06-12,83,0.9487936699641888,0.0,0.0,0.0,0.0,0.0032042328737860726,949,1472,2019,6,12,2,0,0.8968553459119498,0.8091975380327487,0.02106374421878142
2025-03-15,87,0.9487936699641888,0.006687099470604626,0.0,0.0,0.0,0.0032042328737860726,950,1668,2025,3,15,5,1,0.8958490566037737,0.8107072349320636,0.11770749547556807
2019-06-12,81,0.9487936699641888,0.004458066313736417,0.0,0.0,0.0,0.0032042328737860726,951,561,2019,6,12,2,0,0.8943396226415095,0.8111717570549297,0.020416499095113613
2019-06-12,85,0.9487936699641888,0.010309278350515465,0.0,0.0,0.0,0.0032042328737860726,952,1870,2019,6,12,2,0,0.8961006289308177,0.8138427592614099,0.02388208827669415
2019-06-13,82,0.8614475960429735,0.004458066313736417,0.0,0.0,0.0,0.0032042328737860726,953,877,2019,6,13,3,0,0.8923270440251574,0.8130298455463942,0.023646440780213152
2019-06-13,84,0.8614475960429735,0.005015324602953469,0.0,0.0,0.0,0.0032042328737860726,954,1535,2019,6,13,3,0,0.010817610062893081,0.8140750203228428,0.01922255177960989
2019-06-13,81,0.8614475960429735,0.0019504040122596826,0.0,0.0,0.0,0.0032042328737860726,955,48,2019,6,13,3,0,0.012327044025157233,0.8115201486470793,0.02043849286145184
2019-06-13,85,0.8614475960429735,0.0025076623014767345,0.0,0.0,0.0,0.0032042328737860726,956,654,2019,6,13,3,0,0.014591194968553461,0.8112878875856462,0.02391036597627187
2019-06-14,80,0.838922808073661,0.008916132627472834,0.0,0.0,0.0,0.0032042328737860726,957,443,2019,6,14,4,0,0.01660377358490566,0.8118685402392289,0.4569047858435552
2019-06-14,82,0.838922808073661,0.007244357759821678,0.0,0.0,0.0,0.0032042328737860726,958,951,2019,6,14,4,0,0.019119496855345912,0.8131459760771107,0.023728131912326565
2019-06-14,83,0.838922808073661,0.006408470325996099,0.0,0.0,0.0,0.0032042328737860726,959,314,2019,6,14,4,0,0.015597484276729565,0.8136104981999768,0.02113600945103559
2019-06-14,84,0.838922808073661,0.0047366954583449436,0.0,0.0,0.0,0.0032042328737860726,960,482,2019,6,14,4,0,0.015849056603773587,0.407385901753571,0.019275965212145585
2019-06-14,81,0.838922808073661,0.006129841181387574,0.0,0.0,0.0,0.0032042328737860726,961,1271,2019,6,14,4,0,0.016855345911949683,0.407385901753571,0.020507616127086264
2019-06-14,85,0.838922808073661,0.008916132627472834,0.0,0.0,0.0,0.0032042328737860726,962,743,2019,6,14,4,0,0.023144654088050318,0.40970851236790157,0.02401090890810376
2019-06-15,82,0.8848233093313611,0.0039008080245193652,0.0,0.0,0.0,0.0032042328737860726,963,116,2019,6,15,5,1,0.024402515723270443,0.4086633375914528,0.023772119445003015
2019-06-15,83,0.8848233093313611,0.007522986904430204,0.0,0.0,0.0,0.0032042328737860726,964,515,2019,6,15,5,1,0.023144654088050318,0.40831494599930324,0.02122084254976875
2019-06-15,84,0.8848233093313611,0.008080245193647256,0.0,0.0,0.0,0.0032042328737860726,965,1537,2019,6,15,5,1,0.02389937106918239,0.4099407734293346,0.019367082244118237
2019-06-15,81,0.8848233093313611,0.0052939537475619955,0.0,0.0,0.0,0.0032042328737860726,966,1366,2019,6,15,5,1,0.022893081761006295,0.4116827313900825,0.020567313492861453
2019-06-15,85,0.8848233093313611,0.01142379492894957,0.0,0.0,0.0,0.0032042328737860726,967,587,2019,6,15,5,1,0.028930817610062894,0.41377308094297993,0.024139729539513374
2019-06-16,80,0.9079987960263844,0.003343549735302313,0.0,0.0,0.0,0.0032042328737860726,968,547,2019,6,16,6,1,0.026415094339622643,0.41156660085936597,0.4569424894429922
2019-06-16,82,0.9079987960263844,0.004458066313736417,0.0,0.0,0.0,0.0032042328737860726,969,65,2019,6,16,6,1,0.022389937106918244,0.41075368714435023,0.02382239091091896
2019-06-16,83,0.9079987960263844,0.0027862914460852605,0.0,0.0,0.0,0.0032042328737860726,970,633,2019,6,16,6,1,0.02138364779874214,0.4088955986528858,0.021252262215966218
2019-06-16,84,0.9079987960263844,0.007244357759821678,0.0,0.0,0.0,0.0032042328737860726,971,1856,2019,6,16,6,1,0.021132075471698118,0.41028916502148416,0.01944877337623165
2019-06-16,85,0.9079987960263844,0.005851212036779047,0.0,0.0,0.0,0.0032042328737860726,972,442,2019,6,16,6,1,0.019119496855345912,0.4106375566136337,0.02420571083852805
2019-06-17,80,0.9755230781508322,0.003343549735302313,0.0,0.0,0.0,0.0032042328737860726,973,1588,2019,6,17,0,0,0.01735849056603774,0.4087794681221693,0.45698019304242915
2019-06-17,82,0.9755230781508322,0.005851212036779047,0.0,0.0,0.0,0.0032042328737860726,974,1653,2019,6,17,0,0,0.012327044025157233,0.4086633375914528,0.02388837220993364
2019-06-17,83,0.9755230781508322,0.005851212036779047,0.0,0.0,0.0,0.0032042328737860726,975,110,2019,6,17,0,0,0.014591194968553461,0.407618162815004,0.021318243514980895
2019-06-17,87,0.9755230781508322,0.006408470325996099,0.0,0.0,0.0,0.0032042328737860726,976,1374,2019,6,17,0,0,0.01635220125786164,0.40668911856927187,0.11777976070782224
2019-06-17,81,0.9755230781508322,0.005572582892170521,0.0,0.0,0.0,0.0032042328737860726,977,80,2019,6,17,0,0,0.01886792452830189,0.0,0.020630152825256383
2019-06-17,85,0.9755230781508322,0.0052939537475619955,0.0,0.0,0.0,0.0032042328737860726,978,1534,2019,6,17,0,0,0.017106918238993712,0.0020903495528974553,0.024265408204303236
2019-06-18,80,0.9025427973032499,0.9793814432989691,1.0,0.0,0.0,0.0032042328737860726,979,86,2019,6,18,1,0,0.8961006289308177,0.41028916502148416,0.4680242057108386
2019-06-18,82,0.9025427973032499,0.006965728615213152,0.0,0.0,0.0,0.0032042328737860726,980,1476,2019,6,18,1,0,0.8993710691823901,0.4104052955522007,0.023966921375427306
2019-06-18,83,0.9025427973032499,0.009473390916689887,0.0,0.0,0.0,0.0032042328737860726,981,955,2019,6,18,1,0,0.9026415094339625,0.4124956451050981,0.021425070380052282
2019-06-18,84,0.9025427973032499,0.003622178879910839,0.0,0.0,0.0,0.0032042328737860726,982,2110,2019,6,18,1,0,0.9006289308176103,0.40970851236790157,0.019489618942288355
2019-06-18,54,0.9025427973032499,0.004458066313736417,0.0,0.0,0.0,0.0032042328737860726,983,72,2019,6,18,1,0,0.8988679245283021,0.40970851236790157,3.7703599436959584e-05
2019-06-18,85,0.9025427973032499,0.011145165784341042,0.0,0.0,0.0,0.0032042328737860726,984,1180,2019,6,18,1,0,0.9038993710691825,0.4122633840436651,0.024391086869093102
2019-06-19,80,0.8765141696258067,0.0005572582892170521,0.0,0.0,0.0,0.0032042328737860726,985,1270,2019,6,19,2,0,0.899622641509434,0.4116827313900825,0.46803048964407806
2019-06-19,82,0.8765141696258067,0.008358874338255782,0.0,0.0,0.0,0.0032042328737860726,986,425,2019,6,19,2,0,0.022893081761006295,0.4141214725351295,0.024061180374019706
2019-06-19,83,0.8765141696258067,0.006408470325996099,0.0,0.0,0.0,0.0032042328737860726,987,953,2019,6,19,2,0,0.022389937106918244,0.4130762977586808,0.021497335612306455
2019-06-19,84,0.8765141696258067,0.0039008080245193652,0.0,0.0,0.0,0.0032042328737860726,988,1177,2019,6,19,2,0,0.01735849056603774,0.4116827313900825,0.01953360647496481
2019-06-19,81,0.8765141696258067,0.0019504040122596826,0.0,0.0,0.0,0.0032042328737860726,989,1623,2019,6,19,2,0,0.015849056603773587,0.4098246428986181,0.02065214659159461
2019-06-19,85,0.8765141696258067,0.0008358874338255782,0.0,0.0,0.0,0.0032042328737860726,990,1584,2019,6,19,2,0,0.012578616352201259,0.4081988154685867,0.024400512768952342
2019-06-20,82,0.938282113137074,0.01421008637503483,0.0,0.0,0.0,0.0032042328737860726,991,1888,2019,6,20,3,0,0.015345911949685535,0.41156660085936597,0.024221420671626786
2019-06-20,83,0.938282113137074,0.0011145165784341043,0.0,0.0,0.0,0.0032042328737860726,992,1011,2019,6,20,3,0,0.015849056603773587,0.40831494599930324,0.021509903478785442
2019-06-20,84,0.938282113137074,0.008637503482864309,0.0,0.0,0.0,0.0032042328737860726,993,1542,2019,6,20,3,0,0.01610062893081761,0.41028916502148416,0.019631007440176956
2019-06-20,81,0.938282113137074,0.003622178879910839,0.0,0.0,0.0,0.0032042328737860726,994,1115,2019,6,20,3,0,0.013584905660377362,0.4086633375914528,0.020692992157651316
2025-03-15,85,0.938282113137074,0.0078016160490387305,0.0,0.0,0.0,0.0032042328737860726,995,2087,2025,3,15,5,1,0.017106918238993712,0.4085472070607363,0.02448848783430525
2019-06-21,80,0.8426268869427302,0.9802173307327947,1.0,0.0,0.0,0.0032042328737860726,996,2011,2019,6,21,4,0,0.9003773584905661,0.8148879340378585,0.4790839282123467
2019-06-21,82,0.8426268869427302,0.003622178879910839,0.0,0.0,0.0,0.0032042328737860726,997,1351,2019,6,21,4,0,0.9028930817610064,0.8116362791777958,0.024262266237683492
2019-06-21,83,0.8426268869427302,0.0019504040122596826,0.0,0.0,0.0,0.0032042328737860726,998,434,2019,6,21,4,0,0.8918238993710694,0.8110556265242133,0.02153189724512367
2019-06-21,84,0.8426268869427302,0.0019504040122596826,0.0,0.0,0.0,0.0032042328737860726,999,1039,2019,6,21,4,0,0.8925786163522013,0.8100104517477644,0.019653001206515183
2019-06-21,81,0.8426268869427302,0.0,0.0,0.0,0.0,0.0032042328737860726,1000,2062,2019,6,21,4,0,0.8847798742138367,0.8088491464405994,0.020692992157651316
2019-06-21,85,0.8426268869427302,0.004458066313736417,0.0,0.0,0.0,0.0032042328737860726,1001,708,2019,6,21,4,0,0.8855345911949686,0.8076878411334341,0.024538759300221195
2019-06-22,80,0.8658524302860946,0.003343549735302313,0.0,0.0,0.0,0.0032042328737860726,1002,1204,2019,6,22,5,1,0.8815094339622643,0.8066426663569852,0.4791216318117837
2019-06-22,82,0.8658524302860946,0.004179437169127891,0.0,0.0,0.0,0.0032042328737860726,1003,2090,2019,6,22,5,1,0.0002515723270440223,0.8069910579491348,0.02430939573697969
2019-06-22,55,0.8658524302860946,0.011702424073558095,0.0,0.0,0.0,0.0032042328737860726,1004,2112,2019,6,22,5,1,0.007547169811320753,0.8094297990941819,0.00011939473155037201
2019-06-22,87,0.8658524302860946,0.0047366954583449436,0.0,0.0,0.0,0.0032042328737860726,1005,2058,2019,6,22,5,1,0.010062893081761004,0.8089652769713158,0.11783317414035793
2019-06-22,81,0.8658524302860946,0.005851212036779047,0.0,0.0,0.0,0.0032042328737860726,1006,827,2019,6,22,5,1,0.013584905660377362,0.8087330159098827,0.020758973456665997
2019-06-22,85,0.8658524302860946,0.003064920590693787,0.0,0.0,0.0,0.0032042328737860726,1007,51,2019,6,22,5,1,0.01635220125786164,0.8076878411334341,0.024573320933038406
2019-06-23,80,0.8439783787452158,0.006129841181387574,0.0,0.0,0.0,0.0032042328737860726,1008,1977,2019,6,23,6,1,0.017861635220125786,0.8080362327255834,0.4791907550774181
2019-06-23,82,0.8439783787452158,0.003343549735302313,0.0,0.0,0.0,0.0032042328737860726,1009,1691,2019,6,23,6,1,0.017861635220125786,0.40123098362559523,0.02434709933641665
2019-06-23,84,0.8439783787452158,0.005851212036779047,0.0,0.0,0.0,0.0032042328737860726,1010,748,2019,6,23,6,1,0.01937106918238994,0.40076646150272915,0.01971898250552986
2019-06-23,81,0.8439783787452158,0.0,0.0,0.0,0.0,0.0032042328737860726,1011,738,2019,6,23,6,1,0.008805031446540882,0.3968180234583672,0.020758973456665997
2019-06-23,85,0.8439783787452158,0.003064920590693787,0.0,0.0,0.0,0.0032042328737860726,1012,818,2019,6,23,6,1,0.007295597484276727,0.39658576239693416,0.02460788256585562
2019-06-24,80,0.9233656969316897,0.9813318473112288,1.0,0.0,0.0,0.0032042328737860726,1013,99,2019,6,24,0,0,0.8880503144654088,0.8037394030890721,0.49025676151216574
2019-06-24,82,0.9233656969316897,0.006408470325996099,0.0,0.0,0.0,0.0032042328737860726,1014,984,2019,6,24,0,0,0.8910691823899373,0.8017651840668913,0.02441936456867082
2019-06-24,83,0.9233656969316897,0.004179437169127891,0.0,0.0,0.0,0.0032042328737860726,1015,486,2019,6,24,0,0,0.8893081761006292,0.803274880966206,0.021579026744419867
2019-06-24,84,0.9233656969316897,0.008358874338255782,0.0,0.0,0.0,0.0032042328737860726,1016,642,2019,6,24,0,0,0.8938364779874215,0.803274880966206,0.01981324150412226
2019-06-24,81,0.9233656969316897,0.0052939537475619955,0.0,0.0,0.0,0.0032042328737860726,1017,1750,2019,6,24,0,0,0.8933333333333334,0.80281035884334,0.020818670822441182
2019-06-24,85,0.9233656969316897,0.0047366954583449436,0.0,0.0,0.0,0.0032042328737860726,1018,492,2019,6,24,0,0,0.8976100628930819,0.8031587504354896,0.024661295998391314
2025-03-15,87,0.9712183320692449,0.003064920590693787,0.0,0.0,0.0,0.0032042328737860726,1019,1274,2025,3,15,5,1,0.8976100628930819,0.8036232725583556,0.11786773577317515
2019-06-25,82,0.9712183320692449,0.0078016160490387305,0.0,0.0,0.0,0.0032042328737860726,1020,1839,2019,6,25,1,0,0.01861635220125786,0.8065265358262688,0.02450733963402373
2019-06-25,83,0.9712183320692449,0.006687099470604626,0.0,0.0,0.0,0.0032042328737860726,1021,1264,2019,6,25,1,0,0.01886792452830189,0.8033910114969227,0.021654433943293788
2019-06-25,84,0.9712183320692449,0.007244357759821678,0.0,0.0,0.0,0.0032042328737860726,1022,121,2019,6,25,1,0,0.021635220125786163,0.8059458831726862,0.019894932636235672
2019-06-25,81,0.9712183320692449,0.005015324602953469,0.0,0.0,0.0,0.0032042328737860726,1023,710,2019,6,25,1,0,0.01861635220125786,0.8044361862733713,0.020875226221596623
2019-06-25,85,0.9712183320692449,0.003622178879910839,0.0,0.0,0.0,0.0032042328737860726,1024,458,2019,6,25,1,0,0.017106918238993712,0.8044361862733713,0.02470214156444802
2019-06-25,56,0.9443387665051524,0.0047366954583449436,0.0,0.0,0.0,0.0032042328737860726,1025,1594,2019,6,25,1,0,0.017106918238993712,0.8031587504354896,4.0845566056706214e-05
2019-06-26,82,0.9443387665051524,0.005572582892170521,0.0,0.0,0.0,0.0032042328737860726,1026,1641,2019,6,26,2,0,0.01937106918238994,0.3969341539890837,0.024570178966418662
2019-06-26,83,0.9443387665051524,0.003622178879910839,0.0,0.0,0.0,0.0032042328737860726,1027,873,2019,6,26,2,0,0.015597484276729565,0.3969341539890837,0.021695279509350494
2019-06-26,84,0.9443387665051524,0.009752020061298413,0.0,0.0,0.0,0.0032042328737860726,1028,1953,2019,6,26,2,0,0.018364779874213838,0.40018580884914645,0.020004901467926803
2019-06-26,85,0.9443387665051524,0.0011145165784341043,0.0,0.0,0.0,0.0032042328737860726,1029,283,2019,6,26,2,0,0.01283018867924528,0.3998374172569969,0.024714709430927007
2019-06-27,80,0.9547001659548184,0.9816104764558373,1.0,0.0,0.0,0.0032042328737860726,1030,807,2019,6,27,3,0,0.8945911949685537,0.8089652769713158,0.5013259099135331
2019-06-27,82,0.9547001659548184,0.005015324602953469,0.0,0.0,0.0,0.0032042328737860726,1031,1353,2019,6,27,3,0,0.8958490566037737,0.8091975380327487,0.0246267343655741
2019-06-27,83,0.9547001659548184,0.003343549735302313,0.0,0.0,0.0,0.0032042328737860726,1032,513,2019,6,27,3,0,0.8945911949685537,0.8091975380327487,0.021732983108787452
2019-06-27,87,0.9547001659548184,0.0039008080245193652,0.0,0.0,0.0,0.0032042328737860726,1033,1683,2019,6,27,3,0,0.8930817610062894,0.8090814075020323,0.1179117233058516
2019-06-27,81,0.9547001659548184,0.005015324602953469,0.0,0.0,0.0,0.0032042328737860726,1034,861,2019,6,27,3,0,0.8943396226415095,0.8062942747648356,0.02093178162075206
2019-06-27,85,0.9547001659548184,0.00919476177208136,0.0,0.0,0.0,0.0032042328737860726,1035,1832,2019,6,27,3,0,0.8938364779874215,0.8081523632563001,0.024818394329378643
2019-06-28,80,1.0,0.006687099470604626,0.0,0.0,0.0,0.0032042328737860726,1036,1075,2019,6,28,4,0,0.8988679245283021,0.8085007548484497,0.501401317112407
2019-06-28,82,1.0,0.003064920590693787,0.0,0.0,0.0,0.0032042328737860726,1037,1939,2019,6,28,4,0,0.015345911949685535,0.8085007548484497,0.024661295998391314
2019-06-28,83,1.0,0.006965728615213152,0.0,0.0,0.0,0.0032042328737860726,1038,1822,2019,6,28,4,0,0.017106918238993712,0.8088491464405994,0.021811532274281117
2019-06-28,84,1.0,0.010309278350515465,0.0,0.0,0.0,0.0032042328737860726,1039,1221,2019,6,28,4,0,0.02339622641509434,0.8117524097085123,0.02012115423285743
2019-06-28,81,1.0,0.007244357759821678,0.0,0.0,0.0,0.0032042328737860726,1040,1698,2019,6,28,4,0,0.026415094339622643,0.812333062362095,0.021013472752865473
2019-06-28,85,1.0,0.006687099470604626,0.0,0.0,0.0,0.0032042328737860726,1041,1191,2019,6,28,4,0,0.027924528301886797,0.8151201950992917,0.024893801528252563
2019-06-29,80,0.9977475262300985,0.0078016160490387305,0.0,0.0,0.0,0.0032042328737860726,1042,780,2019,6,29,5,1,0.026666666666666672,0.8170944141214727,0.50148929217776
2025-03-15,82,0.9977475262300985,0.007244357759821678,0.0,0.0,0.0,0.0032042328737860726,1043,1748,2025,3,15,5,1,0.027169811320754716,0.4111020787364998,0.024742987130504726
2019-06-29,83,0.9977475262300985,0.006129841181387574,0.0,0.0,0.0,0.0032042328737860726,1044,617,2019,6,29,5,1,0.029937106918238997,0.41098594820578327,0.021880655539915545
2019-06-29,84,0.9977475262300985,0.005851212036779047,0.0,0.0,0.0,0.0032042328737860726,1045,758,2019,6,29,5,1,0.028930817610062894,0.4116827313900825,0.02018713553187211
2019-06-29,57,0.9977475262300985,0.0011145165784341043,0.0,0.0,0.0,0.0032042328737860726,1046,1656,2019,6,29,5,1,0.020628930817610067,0.4086633375914528,0.0
2019-06-29,85,0.9977475262300985,0.0016717748676511564,0.0,0.0,0.0,0.0032042328737860726,1047,123,2019,6,29,5,1,0.015597484276729565,0.40715364069213794,0.024912653327971043
2019-06-29,87,0.09890879522834345,0.9687935358038452,1.0,0.0,0.0,0.0032042328737860726,1048,1659,2019,6,29,5,1,0.8842767295597486,0.8089652769713158,0.12883634124271065
2019-06-30,82,0.9010912047716566,0.003343549735302313,0.0,0.0,0.0,0.0032042328737860726,1049,1338,2019,6,30,6,1,0.8802515723270442,0.8090814075020323,0.024780690729941685
2019-06-30,83,0.9010912047716566,0.0052939537475619955,0.0,0.0,0.0,0.0032042328737860726,1050,940,2019,6,30,6,1,0.878490566037736,0.8080362327255834,0.02194035290569073
2019-06-30,84,0.9010912047716566,0.003343549735302313,0.0,0.0,0.0,0.0032042328737860726,1051,2023,2019,6,30,6,1,0.8759748427672958,0.8066426663569852,0.02022483913130907
2019-06-30,81,0.9010912047716566,0.0,0.0,0.0,0.0,0.0032042328737860726,1052,372,2019,6,30,6,1,0.8706918238993712,0.8036232725583556,0.021013472752865473
2019-06-30,85,0.9010912047716566,0.0027862914460852605,0.0,0.0,0.0,0.0032042328737860726,1053,737,2019,6,30,6,1,0.8722012578616354,0.8026942283126235,0.02494407299416851
2019-07-01,80,0.9331264417364115,0.008080245193647256,0.0,0.0,0.0,0.1700412442282728,1054,1789,2019,7,1,0,0,0.8779874213836479,0.8045523168040878,0.5015804092097326
2019-07-01,82,0.9331264417364115,0.005572582892170521,0.0,0.0,0.0,0.1700412442282728,1055,170,2019,7,1,0,0,0.00830188679245283,0.8049007083962374,0.024843530062336618
2019-07-01,83,0.9331264417364115,0.005015324602953469,0.0,0.0,0.0,0.1700412442282728,1056,1724,2019,7,1,0,0,0.009811320754716982,0.8046684473348042,0.021996908304846168
2019-07-01,84,0.9331264417364115,0.0047366954583449436,0.0,0.0,0.0,0.1700412442282728,1057,858,2019,7,1,0,0,0.00930817610062893,0.8051329694576705,0.020278252563844763
2019-07-01,81,0.9331264417364115,0.009473390916689887,0.0,0.0,0.0,0.1700412442282728,1058,1461,2019,7,1,0,0,0.014842767295597484,0.8050168389269539,0.02112029961793686
2019-07-01,85,0.9331264417364115,0.006408470325996099,0.0,0.0,0.0,0.1700412442282728,1059,507,2019,7,1,0,0,0.020628930817610067,0.807223319010568,0.025016338226422682
2019-07-02,80,0.9854840244137698,0.0019504040122596826,0.0,0.0,0.0,0.1700412442282728,1060,1329,2019,7,2,1,0,0.019874213836477986,0.39890837301126464,0.5016024029760708
2019-07-02,82,0.9854840244137698,0.0052939537475619955,0.0,0.0,0.0,0.1700412442282728,1061,1028,2019,7,2,1,0,0.01735849056603774,0.39902450354198127,0.024903227428111803
2019-07-02,83,0.9854840244137698,0.0027862914460852605,0.0,0.0,0.0,0.1700412442282728,1062,1849,2019,7,2,1,0,0.014842767295597484,0.3987922424805481,0.022028327971043635
2019-07-02,87,0.9854840244137698,0.006129841181387574,0.0,0.0,0.0,0.1700412442282728,1063,385,2019,7,2,1,0,0.015849056603773587,0.3997212867262804,0.12890546450834506
2019-07-02,81,0.9854840244137698,0.006965728615213152,0.0,0.0,0.0,0.1700412442282728,1064,1358,2019,7,2,1,0,0.017861635220125786,0.400534200441296,0.021198848783430525
2019-07-02,85,0.9854840244137698,0.004179437169127891,0.0,0.0,0.0,0.1700412442282728,1065,44,2019,7,2,1,0,0.013081761006289307,0.39844385088839857,0.025063467725718883
2019-07-03,80,0.8222044279334446,0.9810532181666203,1.0,0.0,0.0,0.1700412442282728,1066,228,2019,7,3,2,0,0.8930817610062894,0.8045523168040878,0.5126652674441987
2019-07-03,82,0.8222044279334446,0.0016717748676511564,0.0,0.0,0.0,0.1700412442282728,1067,1633,2019,7,3,2,0,0.8928301886792455,0.8039716641505052,0.024922079227830282
2019-07-03,84,0.8222044279334446,0.005572582892170521,0.0,0.0,0.0,0.1700412442282728,1068,1959,2019,7,3,2,0,0.8930817610062894,0.8033910114969227,0.020341091896239696
2019-07-03,81,0.8222044279334446,0.009473390916689887,0.0,0.0,0.0,0.1700412442282728,1069,653,2019,7,3,2,0,0.8991194968553461,0.8030426199047729,0.02130567564850191
2019-07-03,85,0.8222044279334446,0.005015324602953469,0.0,0.0,0.0,0.1700412442282728,1070,989,2019,7,3,2,0,0.8981132075471701,0.8021135756590407,0.02512002312487432
2019-07-04,80,0.8620983073362587,0.010309278350515465,0.0,0.0,0.0,0.1700412442282728,1071,429,2019,7,4,3,0,0.9011320754716983,0.8036232725583556,0.5127815202091294
2019-07-04,82,0.8620983073362587,0.005572582892170521,0.0,0.0,0.0,0.1700412442282728,1072,675,2019,7,4,3,0,0.9023899371069185,0.8026942283126235,0.024984918560225215
2019-07-04,83,0.8620983073362587,0.0052939537475619955,0.0,0.0,0.0,0.1700412442282728,1073,1457,2019,7,4,3,0,0.02138364779874214,0.8018813145976078,0.02208802533681882
2019-07-04,84,0.8620983073362587,0.0052939537475619955,0.0,0.0,0.0,0.1700412442282728,1074,1695,2019,7,4,3,0,0.024654088050314465,0.8015329230054582,0.02040078926201488
2019-07-04,81,0.8620983073362587,0.0047366954583449436,0.0,0.0,0.0,0.1700412442282728,1075,315,2019,7,4,3,0,0.02389937106918239,0.8010684008825921,0.0213590890810376
2019-07-04,85,0.8620983073362587,0.0008358874338255782,0.0,0.0,0.0,0.1700412442282728,1076,1992,2019,7,4,3,0,0.01610062893081761,0.8009522703518754,0.02512944902473356
2019-07-04,87,0.9042947171573152,0.013095569796600726,0.0,0.0,0.0,0.1700412442282728,1077,1272,2019,7,4,3,0,0.02339622641509434,0.8057136221112531,0.12905313693947315
2019-07-05,82,0.9042947171573152,0.005572582892170521,0.0,0.0,0.0,0.1700412442282728,1078,926,2019,7,5,4,0,0.019119496855345912,0.40425037742422487,0.02504775789262015
2019-07-05,83,0.9042947171573152,0.003622178879910839,0.0,0.0,0.0,0.1700412442282728,1079,476,2019,7,5,4,0,0.01735849056603774,0.4043665079549414,0.022128870902875526
2019-07-05,84,0.9042947171573152,0.0047366954583449436,0.0,0.0,0.0,0.1700412442282728,1080,1225,2019,7,5,4,0,0.016855345911949683,0.4041342468935083,0.020454202694550574
2019-07-05,81,0.9042947171573152,0.0047366954583449436,0.0,0.0,0.0,0.1700412442282728,1081,1207,2019,7,5,4,0,0.01635220125786164,0.40471489954709094,0.021412502513573295
2019-07-05,85,0.9042947171573152,0.0019504040122596826,0.0,0.0,0.0,0.1700412442282728,1082,291,2019,7,5,4,0,0.013836477987421384,0.4055278132621066,0.025151442791071787
2019-07-06,80,0.8824206656164364,0.9791028141543606,1.0,0.0,0.0,0.1700412442282728,1083,975,2019,7,6,5,1,0.8971069182389939,0.8124491928928115,0.523822390910919
2019-07-06,82,0.8824206656164364,0.0019504040122596826,0.0,0.0,0.0,0.1700412442282728,1084,553,2019,7,6,5,1,0.8870440251572328,0.809894321217048,0.025069751658958375
2019-07-06,83,0.8824206656164364,0.0022290331568682086,0.0,0.0,0.0,0.1700412442282728,1085,1551,2019,7,6,5,1,0.8840251572327045,0.8085007548484497,0.0221540066358335
2019-07-06,84,0.8824206656164364,0.008916132627472834,0.0,0.0,0.0,0.1700412442282728,1086,1775,2019,7,6,5,1,0.888805031446541,0.8101265822784811,0.020554745626382466
2019-07-06,85,0.8824206656164364,0.006687099470604626,0.0,0.0,0.0,0.1700412442282728,1087,792,2019,7,6,5,1,0.8905660377358492,0.8109394959934968,0.025226849989945708
2019-07-06,65,0.9137050779912241,0.009473390916689887,0.0,0.0,0.0,0.1700412442282728,1088,1699,2019,7,6,5,1,0.8948427672955976,0.8109394959934968,9.425899859239895e-05
2019-07-07,82,0.9137050779912241,0.006129841181387574,0.0,0.0,0.0,0.1700412442282728,1089,2021,2019,7,7,6,1,0.8986163522012579,0.8108233654627801,0.0251388749245928
2019-07-07,83,0.9137050779912241,0.006408470325996099,0.0,0.0,0.0,0.1700412442282728,1090,1224,2019,7,7,6,1,0.020377358490566037,0.8126814539542446,0.022226271868087673
2025-03-15,87,0.9137050779912241,0.0052939537475619955,0.0,0.0,0.0,0.1700412442282728,1091,546,2025,3,15,5,1,0.02339622641509434,0.8126814539542446,0.12911283430524834
2019-07-07,81,0.9137050779912241,0.0019504040122596826,0.0,0.0,0.0,0.1700412442282728,1092,847,2019,7,7,6,1,0.023144654088050318,0.812333062362095,0.021434496279911522
2019-07-07,85,0.9137050779912241,0.008916132627472834,0.0,0.0,0.0,0.1700412442282728,1093,2115,2019,7,7,6,1,0.023144654088050318,0.8134943676692603,0.0253273929217776
2019-07-08,80,0.8722094235442193,0.0078016160490387305,0.0,0.0,0.0,0.1700412442282728,1094,609,2019,7,8,0,0,0.02415094339622642,0.8138427592614099,0.5239103659762719
2019-07-08,82,0.8722094235442193,0.0078016160490387305,0.0,0.0,0.0,0.1700412442282728,1095,299,2019,7,8,0,0,0.022641509433962266,0.8153524561607248,0.025226849989945708
2019-07-08,83,0.8722094235442193,0.0027862914460852605,0.0,0.0,0.0,0.1700412442282728,1096,418,2019,7,8,0,0,0.019622641509433963,0.407618162815004,0.02225769153428514
2019-07-08,84,0.8722094235442193,0.0078016160490387305,0.0,0.0,0.0,0.1700412442282728,1097,1540,2019,7,8,0,0,0.02088050314465409,0.41017303449076764,0.02064272069173537
2019-07-08,81,0.8722094235442193,0.004179437169127891,0.0,0.0,0.0,0.1700412442282728,1098,1639,2019,7,8,0,0,0.019874213836477986,0.40959238183718505,0.02148162577920772
2019-07-08,85,0.8722094235442193,0.00919476177208136,0.0,0.0,0.0,0.1700412442282728,1099,1465,2019,7,8,0,0,0.026415094339622643,0.40947625130646853,0.02543107782022924
2019-07-09,80,0.8030333348623881,0.9765951518528839,1.0,0.0,0.0,0.1700412442282728,1100,558,2019,7,9,1,0,0.9001257861635221,0.8144234119149925,0.5349229589784839
2019-07-09,82,0.8030333348623881,0.0011145165784341043,0.0,0.0,0.0,0.1700412442282728,1101,215,2019,7,9,1,0,0.8940880503144655,0.8105911044013472,0.02523941785642469
2019-07-09,83,0.8030333348623881,0.003343549735302313,0.0,0.0,0.0,0.1700412442282728,1102,2068,2019,7,9,1,0,0.8900628930817612,0.8096620601556148,0.0222953951337221
2019-07-09,84,0.8030333348623881,0.006965728615213152,0.0,0.0,0.0,0.1700412442282728,1103,1363,2019,7,9,1,0,0.8938364779874215,0.810358843339914,0.020721269857229038
2019-07-09,81,0.8030333348623881,0.008637503482864309,0.0,0.0,0.0,0.1700412442282728,1104,441,2019,7,9,1,0,0.8945911949685537,0.8117524097085123,0.021579026744419867
2019-07-09,85,0.8030333348623881,0.0039008080245193652,0.0,0.0,0.0,0.1700412442282728,1105,1140,2019,7,9,1,0,0.8943396226415095,0.8114040181163629,0.02547506535290569
2019-07-10,82,0.8901791947578135,0.006129841181387574,0.0,0.0,0.0,0.1700412442282728,1106,484,2019,7,10,2,0,0.8915723270440252,0.8136104981999768,0.02530854112205912
2019-07-10,83,0.8901791947578135,0.003622178879910839,0.0,0.0,0.0,0.1700412442282728,1107,1788,2019,7,10,2,0,0.013081761006289307,0.8096620601556148,0.022336240699778805
2019-07-10,84,0.8901791947578135,0.006408470325996099,0.0,0.0,0.0,0.1700412442282728,1108,793,2019,7,10,2,0,0.017861635220125786,0.8100104517477644,0.020793535089483207
2019-07-10,60,0.8901791947578135,0.0016717748676511564,0.0,0.0,0.0,0.1700412442282728,1109,2001,2019,7,10,2,0,0.01635220125786164,0.8091975380327487,6.283933239493265e-06
2019-07-10,85,0.8901791947578135,0.006965728615213152,0.0,0.0,0.0,0.1700412442282728,1110,960,2019,7,10,2,0,0.01635220125786164,0.8101265822784811,0.025553614518399357
2019-07-11,80,0.9740714730516646,0.0027862914460852605,0.0,0.0,0.0,0.1700412442282728,1111,666,2019,7,11,3,0,0.011069182389937107,0.8093136685634654,0.5349543786446813
2019-07-11,82,0.9740714730516646,0.0025076623014767345,0.0,0.0,0.0,0.1700412442282728,1112,57,2019,7,11,3,0,0.009811320754716982,0.8095459296248984,0.02533681882163684
2019-07-11,83,0.9740714730516646,0.008637503482864309,0.0,0.0,0.0,0.1700412442282728,1113,473,2019,7,11,3,0,0.01207547169811321,0.4050632911392405,0.022433641664990952
2019-07-11,84,0.9740714730516646,0.009473390916689887,0.0,0.0,0.0,0.1700412442282728,1114,824,2019,7,11,3,0,0.01735849056603774,0.4081988154685867,0.020900361954554594
2025-03-15,81,0.9740714730516646,0.010587907495123991,0.0,0.0,0.0,0.1700412442282728,1115,552,2025,3,15,5,1,0.021132075471698118,0.4116827313900825,0.021698421475970238
2019-07-11,85,0.9740714730516646,0.0052939537475619955,0.0,0.0,0.0,0.1700412442282728,1116,2073,2019,7,11,3,0,0.024402515723270443,0.41017303449076764,0.025613311884174542
2019-07-12,80,0.9487936699641888,0.9802173307327947,1.0,0.0,0.0,0.1700412442282728,1117,463,2019,7,12,4,0,0.9031446540880503,0.8159331088143074,0.54600781721295
2019-07-12,82,0.9487936699641888,0.007522986904430204,0.0,0.0,0.0,0.1700412442282728,1118,154,2019,7,12,4,0,0.9074213836477988,0.8151201950992917,0.02542165192037
2019-07-12,83,0.9487936699641888,0.010309278350515465,0.0,0.0,0.0,0.1700412442282728,1119,1758,2019,7,12,4,0,0.9144654088050316,0.8168621530600395,0.022549894429921575
2019-07-12,87,0.9487936699641888,0.006129841181387574,0.0,0.0,0.0,0.1700412442282728,1120,1878,2019,7,12,4,0,0.9122012578616354,0.816746022529323,0.12918195757088277
2019-07-12,81,0.9487936699641888,0.006129841181387574,0.0,0.0,0.0,0.1700412442282728,1121,1994,2019,7,12,4,0,0.909182389937107,0.8170944141214727,0.021767544741604666
2019-07-12,85,0.9487936699641888,0.005015324602953469,0.0,0.0,0.0,0.1700412442282728,1122,1442,2019,7,12,4,0,0.9041509433962266,0.8183718499593544,0.025669867283329983
2019-07-13,80,0.8614475960429735,0.0022290331568682086,0.0,0.0,0.0,0.1700412442282728,1123,421,2019,7,13,5,1,0.9013836477987421,0.8155847172221578,0.5460329529459079
2019-07-13,82,0.8614475960429735,0.006129841181387574,0.0,0.0,0.0,0.1700412442282728,1124,1352,2019,7,13,5,1,0.021886792452830192,0.8148879340378585,0.025490775186004424
2019-07-13,84,0.8614475960429735,0.005851212036779047,0.0,0.0,0.0,0.1700412442282728,1125,1982,2019,7,13,5,1,0.020377358490566037,0.8140750203228428,0.020966343253569275
2019-07-13,81,0.8614475960429735,0.003064920590693787,0.0,0.0,0.0,0.1700412442282728,1126,803,2019,7,13,5,1,0.013836477987421384,0.8141911508535595,0.021802106374421877
2019-07-13,85,0.8614475960429735,0.0047366954583449436,0.0,0.0,0.0,0.1700412442282728,1127,1016,2019,7,13,5,1,0.012578616352201259,0.8129137150156776,0.025723280715865673
2019-07-14,80,0.838922808073661,0.005015324602953469,0.0,0.0,0.0,0.1700412442282728,1128,367,2019,7,14,6,1,0.011572327044025155,0.8132621066078272,0.5460895083450634
2019-07-14,82,0.838922808073661,0.0,0.0,0.0,0.0,0.1700412442282728,1129,1034,2019,7,14,6,1,0.007044025157232705,0.8094297990941819,0.025490775186004424
2019-07-14,61,0.838922808073661,0.005015324602953469,0.0,0.0,0.0,0.1700412442282728,1130,0,2019,7,14,6,1,0.009559748427672956,0.4044826384856579,4.398753267645285e-05
2019-07-14,84,0.838922808073661,0.0008358874338255782,0.0,0.0,0.0,0.1700412442282728,1131,396,2019,7,14,6,1,0.004779874213836476,0.4043665079549414,0.020975769153428515
2019-07-14,81,0.838922808073661,0.0039008080245193652,0.0,0.0,0.0,0.1700412442282728,1132,1,2019,7,14,6,1,0.003018867924528299,0.4045987690163744,0.02184609390709833
2019-07-14,85,0.838922808073661,0.006129841181387574,0.0,0.0,0.0,0.1700412442282728,1133,939,2019,7,14,6,1,0.005786163522012576,0.40425037742422487,0.025792403981500102
2019-07-14,87,0.8848233093313611,0.9804959598774032,1.0,0.0,0.0,0.1700412442282728,1134,795,2019,7,14,6,1,0.8867924528301888,0.8093136685634654,0.14023853810577117
2019-07-15,82,0.8848233093313611,0.006129841181387574,0.0,0.0,0.0,0.1700412442282728,1135,934,2019,7,15,0,0,0.887798742138365,0.8102427128091976,0.02555989845163885
2019-07-15,83,0.8848233093313611,0.006687099470604626,0.0,0.0,0.0,0.1700412442282728,1136,272,2019,7,15,0,0,0.8938364779874215,0.8104749738706307,0.022625301628795495
2019-07-15,84,0.8848233093313611,0.0078016160490387305,0.0,0.0,0.0,0.1700412442282728,1137,1319,2019,7,15,0,0,0.8963522012578619,0.8122169318313786,0.02106374421878142
2019-07-15,81,0.8848233093313611,0.0078016160490387305,0.0,0.0,0.0,0.1700412442282728,1138,1157,2019,7,15,0,0,0.9026415094339625,0.8127975844849611,0.021934068972451235
2025-03-15,85,0.8848233093313611,0.010030649205906938,0.0,0.0,0.0,0.1700412442282728,1139,2109,2025,3,15,5,1,0.908176100628931,0.816281500406457,0.02590551477981098
2019-07-16,80,0.9079987960263844,0.003064920590693787,0.0,0.0,0.0,0.1700412442282728,1140,581,2019,7,16,1,0,0.9054088050314467,0.8146556729764256,0.5461240699778805
2019-07-16,82,0.9079987960263844,0.0052939537475619955,0.0,0.0,0.0,0.1700412442282728,1141,105,2019,7,16,1,0,0.024905660377358495,0.8157008477528742,0.025619595817414034
2019-07-16,83,0.9079987960263844,0.0039008080245193652,0.0,0.0,0.0,0.1700412442282728,1142,232,2019,7,16,1,0,0.022893081761006295,0.816281500406457,0.02266928916147195
2019-07-16,84,0.9079987960263844,0.006408470325996099,0.0,0.0,0.0,0.1700412442282728,1143,157,2019,7,16,1,0,0.022641509433962266,0.8153524561607248,0.02113600945103559
2019-07-16,85,0.9079987960263844,0.004179437169127891,0.0,0.0,0.0,0.1700412442282728,1144,499,2019,7,16,1,0,0.01937106918238994,0.8131459760771107,0.02595264427910718
2019-07-17,80,0.9755230781508322,0.008080245193647256,0.0,0.0,0.0,0.1700412442282728,1145,615,2019,7,17,2,0,0.019622641509433963,0.8121008013006621,0.5462151870098533
2019-07-17,82,0.9755230781508322,0.0047366954583449436,0.0,0.0,0.0,0.1700412442282728,1146,1007,2019,7,17,2,0,0.014842767295597484,0.8118685402392289,0.025673009249949728
2019-07-17,83,0.9755230781508322,0.006965728615213152,0.0,0.0,0.0,0.1700412442282728,1147,374,2019,7,17,2,0,0.018364779874213838,0.4062245964464058,0.022747838326965614
2019-07-17,87,0.9755230781508322,0.006965728615213152,0.0,0.0,0.0,0.1700412442282728,1148,950,2019,7,17,2,0,0.019874213836477986,0.40599233538497276,0.14031708727126482
2019-07-17,81,0.9755230781508322,0.007244357759821678,0.0,0.0,0.0,0.1700412442282728,1149,1722,2019,7,17,2,0,0.022893081761006295,0.40471489954709094,0.022015760104564647
2019-07-17,85,0.9755230781508322,0.007244357759821678,0.0,0.0,0.0,0.1700412442282728,1150,514,2019,7,17,2,0,0.023647798742138362,0.405179421669957,0.02603433541122059
2019-07-17,62,0.9025427973032499,0.9779882975759265,1.0,0.0,0.0,0.1700412442282728,1151,108,2019,7,17,2,0,0.9028930817610064,0.8102427128091976,0.011015734968831691
2019-07-18,82,0.9025427973032499,0.008080245193647256,0.0,0.0,0.0,0.1700412442282728,1152,769,2019,7,18,3,0,0.9028930817610064,0.8115201486470793,0.02576412628192238
2019-07-18,83,0.9025427973032499,0.007244357759821678,0.0,0.0,0.0,0.1700412442282728,1153,707,2019,7,18,3,0,0.9051572327044027,0.8136104981999768,0.022829529459079026
2019-07-18,84,0.9025427973032499,0.007244357759821678,0.0,0.0,0.0,0.1700412442282728,1154,604,2019,7,18,3,0,0.9054088050314467,0.8140750203228428,0.021217700583149004
2019-07-18,81,0.9025427973032499,0.0011145165784341043,0.0,0.0,0.0,0.1700412442282728,1155,900,2019,7,18,3,0,0.9001257861635221,0.8121008013006621,0.022028327971043635
2019-07-18,85,0.9025427973032499,0.0027862914460852605,0.0,0.0,0.0,0.1700412442282728,1156,1702,2019,7,18,3,0,0.8961006289308177,0.8119846707699454,0.026065755077418058
2019-07-19,80,0.8765141696258067,0.005572582892170521,0.0,0.0,0.0,0.1700412442282728,1157,578,2019,7,19,4,0,0.8945911949685537,0.812333062362095,0.5462780263422482
2019-07-19,82,0.8765141696258067,0.006687099470604626,0.0,0.0,0.0,0.1700412442282728,1158,2111,2019,7,19,4,0,0.017610062893081764,0.8130298455463942,0.0258395334807963
2019-07-19,83,0.8765141696258067,0.010309278350515465,0.0,0.0,0.0,0.1700412442282728,1159,567,2019,7,19,4,0,0.019622641509433963,0.8173266751829056,0.022945782224009652
2019-07-19,84,0.8765141696258067,0.004179437169127891,0.0,0.0,0.0,0.1700412442282728,1160,1261,2019,7,19,4,0,0.016855345911949683,0.816978283590756,0.021264830082445205
2019-07-19,81,0.8765141696258067,0.006965728615213152,0.0,0.0,0.0,0.1700412442282728,1161,1710,2019,7,19,4,0,0.01660377358490566,0.8195331552665197,0.022106877136537303
2019-07-19,85,0.8765141696258067,0.006408470325996099,0.0,0.0,0.0,0.1700412442282728,1162,1914,2019,7,19,4,0,0.02138364779874214,0.8205783300429683,0.02613802030967223
2025-03-15,87,0.061717886862926064,0.0011145165784341043,0.0,0.0,0.0,0.1700412442282728,1163,1051,2025,3,15,5,1,0.019874213836477986,0.8184879804900709,0.14032965513774381
2019-07-20,82,0.938282113137074,0.0047366954583449436,0.0,0.0,0.0,0.1700412442282728,1164,851,2019,7,20,5,1,0.019119496855345912,0.411798861920799,0.025892946913331993
2019-07-20,83,0.938282113137074,0.004458066313736417,0.0,0.0,0.0,0.1700412442282728,1165,1720,2019,7,20,5,1,0.017106918238993712,0.4111020787364998,0.022996053689925598
2019-07-20,84,0.938282113137074,0.005015324602953469,0.0,0.0,0.0,0.1700412442282728,1166,532,2019,7,20,5,1,0.012327044025157233,0.4104052955522007,0.021321385481600643
2019-07-20,81,0.938282113137074,0.0011145165784341043,0.0,0.0,0.0,0.1700412442282728,1167,350,2019,7,20,5,1,0.009559748427672956,0.407618162815004,0.022119445003016287
2019-07-20,85,0.938282113137074,0.006965728615213152,0.0,0.0,0.0,0.1700412442282728,1168,571,2019,7,20,5,1,0.009559748427672956,0.40726977122285446,0.026216569475165895
2019-07-21,80,0.8426268869427302,0.9796600724435777,1.0,0.0,0.0,0.1700412442282728,1169,2059,2019,7,21,6,1,0.888301886792453,0.8114040181163629,0.5573251809772773
2019-07-21,82,0.8426268869427302,0.0019504040122596826,0.0,0.0,0.0,0.1700412442282728,1170,268,2019,7,21,6,1,0.889056603773585,0.8109394959934968,0.02591494067967022
2019-07-21,83,0.8426268869427302,0.008080245193647256,0.0,0.0,0.0,0.1700412442282728,1171,958,2019,7,21,6,1,0.8920754716981134,0.8121008013006621,0.02308717072189825
2019-07-21,84,0.8426268869427302,0.005851212036779047,0.0,0.0,0.0,0.1700412442282728,1172,788,2019,7,21,6,1,0.8933333333333334,0.8129137150156776,0.021387366780615324
2019-07-21,86,0.8426268869427302,0.003064920590693787,0.0,0.0,0.0,0.1700412442282728,1173,1561,2019,7,21,6,1,0.8915723270440252,0.8115201486470793,0.0005592700583149005
2019-07-21,85,0.8426268869427302,0.0039008080245193652,0.0,0.0,0.0,0.1700412442282728,1174,1094,2019,7,21,6,1,0.8940880503144655,0.8114040181163629,0.02626055700784235
2019-07-22,80,0.8658524302860946,0.003343549735302313,0.0,0.0,0.0,0.1700412442282728,1175,468,2019,7,22,0,0,0.8908176100628932,0.8094297990941819,0.5573628845767143
2019-07-22,82,0.8658524302860946,0.007522986904430204,0.0,0.0,0.0,0.1700412442282728,1176,1462,2019,7,22,0,0,0.013081761006289307,0.8105911044013472,0.025999773778403377
2019-07-22,83,0.8658524302860946,0.004458066313736417,0.0,0.0,0.0,0.1700412442282728,1177,751,2019,7,22,0,0,0.015345911949685535,0.8095459296248984,0.023137442187814196
2019-07-22,87,0.8658524302860946,0.0,0.0,0.0,0.0,0.1700412442282728,1178,731,2019,7,22,0,0,0.008050314465408805,0.8066426663569852,0.14032965513774381
2019-07-22,81,0.8658524302860946,0.003622178879910839,0.0,0.0,0.0,0.1700412442282728,1179,1172,2019,7,22,0,0,0.006037735849056605,0.8051329694576705,0.022160290569072993
2019-07-22,85,0.8658524302860946,0.007244357759821678,0.0,0.0,0.0,0.1700412442282728,1180,564,2019,7,22,0,0,0.009811320754716982,0.8051329694576705,0.02634224813995576
2019-07-23,80,0.8439783787452158,0.007244357759821678,0.0,0.0,0.0,0.1700412442282728,1181,1182,2019,7,23,1,0,0.01283018867924528,0.400534200441296,0.5574445757088277
2019-07-23,84,0.8439783787452158,0.006408470325996099,0.0,0.0,0.0,0.1700412442282728,1182,700,2019,7,23,1,0,0.015597484276729565,0.3998374172569969,0.021459632012869496
2019-07-23,81,0.8439783787452158,0.0,0.0,0.0,0.0,0.1700412442282728,1183,1250,2019,7,23,1,0,0.008805031446540882,0.3968180234583672,0.022160290569072993
2019-07-23,85,0.8439783787452158,0.003343549735302313,0.0,0.0,0.0,0.1700412442282728,1184,2096,2019,7,23,1,0,0.007798742138364779,0.39519219602833583,0.02637995173939272
2019-07-24,80,0.9233656969316897,0.9735302312621901,1.0,0.0,0.0,0.1700412442282728,1185,884,2019,7,24,2,0,0.8867924528301888,0.8004877482290094,0.5684226070782225
2025-03-15,82,0.9233656969316897,0.003343549735302313,0.0,0.0,0.0,0.1700412442282728,1186,957,2025,3,15,5,1,0.8865408805031448,0.8007200092904425,0.02603747737784034
2019-07-24,83,0.9233656969316897,0.006965728615213152,0.0,0.0,0.0,0.1700412442282728,1187,1480,2019,7,24,2,0,0.8862893081761007,0.801300661944025,0.023215991353307864
2019-07-24,84,0.9233656969316897,0.006129841181387574,0.0,0.0,0.0,0.1700412442282728,1188,2039,2019,7,24,2,0,0.8852830188679246,0.8010684008825921,0.02152875527850392
2019-07-24,81,0.9233656969316897,0.003343549735302313,0.0,0.0,0.0,0.1700412442282728,1189,1931,2019,7,24,2,0,0.8825157232704404,0.798165137614679,0.022197994168509955
2019-07-24,85,0.9233656969316897,0.005572582892170521,0.0,0.0,0.0,0.1700412442282728,1190,644,2019,7,24,2,0,0.887547169811321,0.7987457902682615,0.026442791071787652
2019-07-24,87,0.9712183320692449,0.003064920590693787,0.0,0.0,0.0,0.1700412442282728,1191,569,2019,7,24,2,0,0.8872955974842768,0.7971199628382302,0.14036421677056102
2019-07-25,82,0.9712183320692449,0.006408470325996099,0.0,0.0,0.0,0.1700412442282728,1192,1600,2019,7,25,3,0,0.01408805031446541,0.7971199628382302,0.02610974261009451
2019-07-25,63,0.9712183320692449,0.006965728615213152,0.0,0.0,0.0,0.1700412442282728,1193,487,2019,7,25,3,0,0.01735849056603774,0.7995587039832772,6.598129901467926e-05
2019-07-25,84,0.9712183320692449,0.008080245193647256,0.0,0.0,0.0,0.1700412442282728,1194,531,2019,7,25,3,0,0.018364779874213838,0.8009522703518754,0.021619872310476573
2019-07-25,81,0.9712183320692449,0.011145165784341042,0.0,0.0,0.0,0.1700412442282728,1195,102,2019,7,25,3,0,0.022893081761006295,0.8037394030890721,0.022323672833299817
2019-07-25,85,0.9712183320692449,0.00919476177208136,0.0,0.0,0.0,0.1700412442282728,1196,1582,2019,7,25,3,0,0.02817610062893082,0.8054813610498202,0.02654647597023929
2019-07-26,80,0.9443387665051524,0.004179437169127891,0.0,0.0,0.0,0.1700412442282728,1197,1733,2019,7,26,4,0,0.026918238993710694,0.8067587968877019,0.5684697365775186
2019-07-26,82,0.9443387665051524,0.006965728615213152,0.0,0.0,0.0,0.1700412442282728,1198,1148,2019,7,26,4,0,0.03044025157232705,0.8067587968877019,0.026188291775588176
2019-07-26,83,0.9443387665051524,0.006965728615213152,0.0,0.0,0.0,0.1700412442282728,1199,1689,2019,7,26,4,0,0.030943396226415093,0.40134711415631175,0.02329454051880153
2019-07-26,84,0.9443387665051524,0.0027862914460852605,0.0,0.0,0.0,0.1700412442282728,1200,2069,2019,7,26,4,0,0.027169811320754716,0.4016955057484613,0.02165129197667404
2019-07-26,85,0.9443387665051524,0.0078016160490387305,0.0,0.0,0.0,0.1700412442282728,1201,1135,2019,7,26,4,0,0.026918238993710694,0.4015793752177448,0.0266344510355922
2019-07-27,80,0.9547001659548184,0.9785455558651436,1.0,0.0,0.0,0.1700412442282728,1202,1367,2019,7,27,5,1,0.9003773584905661,0.8069910579491348,0.5795043233460688
2019-07-27,82,0.9547001659548184,0.01142379492894957,0.0,0.0,0.0,0.1700412442282728,1203,1089,2019,7,27,5,1,0.9023899371069185,0.8104749738706307,0.026317112406997786
2019-07-27,83,0.9547001659548184,0.005851212036779047,0.0,0.0,0.0,0.1700412442282728,1204,355,2019,7,27,5,1,0.9038993710691825,0.8112878875856462,0.023360521817816206
2019-07-27,87,0.9547001659548184,0.003622178879910839,0.0,0.0,0.0,0.1700412442282728,1205,943,2019,7,27,5,1,0.9008805031446543,0.8114040181163629,0.14040506233661773
2019-07-27,81,0.9547001659548184,0.007244357759821678,0.0,0.0,0.0,0.1700412442282728,1206,1233,2019,7,27,5,1,0.9011320754716983,0.8112878875856462,0.02240536396541323
2019-07-27,85,0.9547001659548184,0.009752020061298413,0.0,0.0,0.0,0.1700412442282728,1207,451,2019,7,27,5,1,0.9074213836477988,0.8134943676692603,0.02674441986728333
2019-07-28,80,1.0,0.0047366954583449436,0.0,0.0,0.0,0.1700412442282728,1208,551,2019,7,28,6,1,0.9046540880503146,0.8154685866914413,0.5795577367786044
2019-07-28,82,1.0,0.007244357759821678,0.0,0.0,0.0,0.1700412442282728,1209,1031,2019,7,28,6,1,0.027672955974842775,0.816978283590756,0.026398803539111202
2025-03-15,83,1.0,0.0078016160490387305,0.0,0.0,0.0,0.1700412442282728,1210,493,2025,3,15,5,1,0.024402515723270443,0.8172105446521891,0.023448496883169113
2019-07-28,84,1.0,0.014767344664251883,0.0,0.0,0.0,0.1700412442282728,1211,593,2019,7,28,6,1,0.03245283018867925,0.8203460689815352,0.021817816207520612
2019-07-28,81,1.0,0.006129841181387574,0.0,0.0,0.0,0.1700412442282728,1212,409,2019,7,28,6,1,0.034716981132075476,0.8202299384508187,0.022474487231047658
2019-07-28,85,1.0,0.006129841181387574,0.0,0.0,0.0,0.1700412442282728,1213,329,2019,7,28,6,1,0.03371069182389937,0.8227848101265822,0.026813543132917755
2019-07-28,64,0.9977475262300985,0.012816940651992199,0.0,0.0,0.0,0.1700412442282728,1214,1285,2019,7,28,6,1,0.036477987421383654,0.8267332481709442,0.00013196259802935855
2019-07-29,82,0.9977475262300985,0.0039008080245193652,0.0,0.0,0.0,0.1700412442282728,1215,914,2019,7,29,0,0,0.03572327044025157,0.4225990012774358,0.026442791071787652
2019-07-29,83,0.9977475262300985,0.005851212036779047,0.0,0.0,0.0,0.1700412442282728,1216,931,2019,7,29,0,0,0.03446540880503145,0.4236441760538846,0.02351447818218379
2019-07-29,84,0.9977475262300985,0.009473390916689887,0.0,0.0,0.0,0.1700412442282728,1217,1092,2019,7,29,0,0,0.0359748427672956,0.42468935083033327,0.021924643072591996
2019-07-29,81,0.9977475262300985,0.005572582892170521,0.0,0.0,0.0,0.1700412442282728,1218,1664,2019,7,29,0,0,0.027672955974842775,0.42445708976890023,0.02253732656344259
2019-07-29,85,0.9977475262300985,0.006965728615213152,0.0,0.0,0.0,0.1700412442282728,1219,1165,2019,7,29,0,0,0.02842767295597485,0.4259667866682151,0.02689209229841142
2019-07-29,87,0.09890879522834345,0.9738088604067986,1.0,0.0,0.0,0.1700412442282728,1220,341,2019,7,29,0,0,0.9021383647798743,0.8295203809081406,0.1513862356726322
2019-07-30,82,0.9010912047716566,0.0047366954583449436,0.0,0.0,0.0,0.1700412442282728,1221,1290,2019,7,30,1,0,0.8948427672955976,0.8302171640924401,0.026496204504323346
2019-07-30,83,0.9010912047716566,0.011145165784341042,0.0,0.0,0.0,0.1700412442282728,1222,1586,2019,7,30,1,0,0.9013836477987421,0.832191383114621,0.023640156846973657
2019-07-30,84,0.9010912047716566,0.008637503482864309,0.0,0.0,0.0,0.1700412442282728,1223,1692,2019,7,30,1,0,0.9038993710691825,0.83288816629892,0.022022044037804143
2019-07-30,81,0.9010912047716566,0.0052939537475619955,0.0,0.0,0.0,0.1700412442282728,1224,1883,2019,7,30,1,0,0.9001257861635221,0.8317268609917547,0.022597023929217776
2019-07-30,85,0.9010912047716566,0.005851212036779047,0.0,0.0,0.0,0.1700412442282728,1225,147,2019,7,30,1,0,0.9003773584905661,0.8295203809081406,0.0269580735974261
2019-07-31,80,0.8449794740093138,0.0047366954583449436,0.0,0.0,0.0,0.1700412442282728,1226,1368,2019,7,31,2,0,0.8983647798742139,0.8276622924166763,0.5796111502111402
2019-07-31,82,0.8449794740093138,0.005015324602953469,0.0,0.0,0.0,0.1700412442282728,1227,337,2019,7,31,2,0,0.023647798742138362,0.8280106840088259,0.026552759903478787
2019-07-31,83,0.8449794740093138,0.007244357759821678,0.0,0.0,0.0,0.1700412442282728,1228,550,2019,7,31,2,0,0.025911949685534598,0.8281268145395424,0.02372184797908707
2019-07-31,84,0.8449794740093138,0.0027862914460852605,0.0,0.0,0.0,0.1700412442282728,1229,1055,2019,7,31,2,0,0.018364779874213838,0.8263848565787946,0.02205346370400161
2019-07-31,81,0.8449794740093138,0.006408470325996099,0.0,0.0,0.0,0.1700412442282728,1230,1734,2019,7,31,2,0,0.01635220125786164,0.8278945534781095,0.02266928916147195
2019-07-31,85,0.8449794740093138,0.006408470325996099,0.0,0.0,0.0,0.1700412442282728,1231,459,2019,7,31,2,0,0.01735849056603774,0.8273139008245267,0.027030338829680273
2019-08-01,80,0.9331264417364115,0.005015324602953469,0.0,0.0,0.0,0.20842220286902077,1232,1186,2019,8,1,3,0,0.01660377358490566,0.4215538265009871,0.5796677056102957
2019-08-01,82,0.9331264417364115,0.003622178879910839,0.0,0.0,0.0,0.20842220286902077,1233,160,2019,8,1,3,0,0.015597484276729565,0.4183021716409245,0.026593605469535493
2019-08-01,83,0.9331264417364115,0.005851212036779047,0.0,0.0,0.0,0.20842220286902077,1234,134,2019,8,1,3,0,0.01635220125786164,0.4183021716409245,0.02378782927810175
2025-03-15,87,0.9331264417364115,0.006965728615213152,0.0,0.0,0.0,0.20842220286902077,1235,1876,2025,3,15,5,1,0.01610062893081761,0.4196957380095227,0.15146478483812587
2025-03-15,66,0.9331264417364115,0.0016717748676511564,0.0,0.0,0.0,0.20842220286902077,1236,1137,2025,3,15,5,1,0.015094339622641506,0.4173731273951922,6.283933239493265e-06
2019-08-01,85,0.9331264417364115,0.0052939537475619955,0.0,0.0,0.0,0.20842220286902077,1237,420,2019,8,1,3,0,0.01408805031446541,0.4155150389037278,0.02709003619545546
2019-08-02,80,0.9854840244137698,0.9796600724435777,1.0,0.0,0.0,0.20842220286902077,1238,563,2019,8,2,4,0,0.8928301886792455,0.8218557658808501,0.5907148602453248
2019-08-02,82,0.9854840244137698,0.010587907495123991,0.0,0.0,0.0,0.20842220286902077,1239,583,2019,8,2,4,0,0.8978616352201259,0.8232493322494485,0.026713000201085864
2019-08-02,84,0.9854840244137698,0.007522986904430204,0.0,0.0,0.0,0.20842220286902077,1240,1086,2019,8,2,4,0,0.9013836477987421,0.8231332017187318,0.022138296802734766
2019-08-02,81,0.9854840244137698,0.007522986904430204,0.0,0.0,0.0,0.20842220286902077,1241,1763,2019,8,2,4,0,0.9028930817610064,0.8201138079201022,0.02275412226020511
2019-08-02,85,0.9854840244137698,0.0047366954583449436,0.0,0.0,0.0,0.20842220286902077,1242,155,2019,8,2,4,0,0.9008805031446543,0.8195331552665197,0.027143449627991152
2019-08-03,80,0.8222044279334446,0.005851212036779047,0.0,0.0,0.0,0.20842220286902077,1243,1249,2019,8,3,5,1,0.9046540880503146,0.819417024735803,0.5907808415443395
2019-08-03,82,0.8222044279334446,0.004179437169127891,0.0,0.0,0.0,0.20842220286902077,1244,262,2019,8,3,5,1,0.9036477987421385,0.8158169782835909,0.026760129700382062
2019-08-03,83,0.8222044279334446,0.0011145165784341043,0.0,0.0,0.0,0.20842220286902077,1245,1341,2019,8,3,5,1,0.020125786163522015,0.8146556729764256,0.023800397144580737
2019-08-03,84,0.8222044279334446,0.003343549735302313,0.0,0.0,0.0,0.20842220286902077,1246,1854,2019,8,3,5,1,0.013584905660377362,0.8136104981999768,0.022176000402171728
2019-08-03,81,0.8222044279334446,0.007244357759821678,0.0,0.0,0.0,0.20842220286902077,1247,850,2019,8,3,5,1,0.013333333333333332,0.8126814539542446,0.02283581339231852
2019-08-03,85,0.8222044279334446,0.003064920590693787,0.0,0.0,0.0,0.20842220286902077,1248,258,2019,8,3,5,1,0.00930817610062893,0.8116362791777958,0.027178011260808366
2019-08-03,87,0.8620983073362587,0.0019504040122596826,0.0,0.0,0.0,0.20842220286902077,1249,178,2019,8,3,5,1,0.006792452830188676,0.8095459296248984,0.1514867786044641
2019-08-04,82,0.8620983073362587,0.0039008080245193652,0.0,0.0,0.0,0.20842220286902077,1250,1235,2019,8,4,6,1,0.005031446540880502,0.40529555220067354,0.026804117233058516
2019-08-04,83,0.8620983073362587,0.004458066313736417,0.0,0.0,0.0,0.20842220286902077,1251,1019,2019,8,4,6,1,0.005283018867924528,0.405179421669957,0.023850668610496683
2019-08-04,84,0.8620983073362587,0.003064920590693787,0.0,0.0,0.0,0.20842220286902077,1252,606,2019,8,4,6,1,0.007044025157232705,0.4018116362791778,0.02221056203498894
2019-08-04,81,0.8620983073362587,0.004458066313736417,0.0,0.0,0.0,0.20842220286902077,1253,1780,2019,8,4,6,1,0.008050314465408805,0.40006967831842993,0.022886084858234467
2019-08-04,85,0.8620983073362587,0.005572582892170521,0.0,0.0,0.0,0.20842220286902077,1254,74,2019,8,4,6,1,0.006540880503144653,0.40018580884914645,0.027240850593203296
2019-08-05,80,0.9042947171573152,0.977709668431318,1.0,0.0,0.0,0.20842220286902077,1255,1211,2019,8,5,0,0,0.8865408805031448,0.805249099988387,0.6018060024130304
2019-08-05,82,0.9042947171573152,0.004179437169127891,0.0,0.0,0.0,0.20842220286902077,1256,237,2019,8,5,0,0,0.888553459119497,0.8050168389269539,0.026851246732354714
2019-08-05,72,0.9042947171573152,0.006687099470604626,0.0,0.0,0.0,0.20842220286902077,1257,1861,2019,8,5,0,0,0.8910691823899373,0.8057136221112531,6.283933239493264e-05
2019-08-05,84,0.9042947171573152,0.005015324602953469,0.0,0.0,0.0,0.20842220286902077,1258,460,2019,8,5,0,0,0.8915723270440252,0.8047845778655209,0.02226711743414438
2019-08-05,85,0.9042947171573152,0.0,0.0,0.0,0.0,0.20842220286902077,1259,1941,2019,8,5,0,0,0.888805031446541,0.8036232725583556,0.027240850593203296
2019-08-06,80,0.8824206656164364,0.0039008080245193652,0.0,0.0,0.0,0.20842220286902077,1260,917,2019,8,6,1,0,0.888301886792453,0.8025780977819068,0.6018499899457068
2019-08-06,83,0.8824206656164364,0.0052939537475619955,0.0,0.0,0.0,0.20842220286902077,1261,1209,2019,8,6,1,0,0.8880503144654088,0.8021135756590407,0.02391036597627187
2019-08-06,87,0.8824206656164364,0.0039008080245193652,0.0,0.0,0.0,0.20842220286902077,1262,1038,2019,8,6,1,0,0.008805031446540882,0.8016490535361747,0.15153076613714056
2019-08-06,81,0.8824206656164364,0.005851212036779047,0.0,0.0,0.0,0.20842220286902077,1263,1214,2019,8,6,1,0,0.01031446540880503,0.8025780977819068,0.022952066157249144
2019-08-06,85,0.8824206656164364,0.005015324602953469,0.0,0.0,0.0,0.20842220286902077,1264,1295,2019,8,6,1,0,0.008805031446540882,0.8022297061897574,0.027297405992358737
2019-08-07,80,0.9137050779912241,0.006965728615213152,0.0,0.0,0.0,0.20842220286902077,1265,1362,2019,8,7,2,0,0.010566037735849056,0.8022297061897574,0.6019285391112005
2019-08-07,83,0.9137050779912241,0.0016717748676511564,0.0,0.0,0.0,0.20842220286902077,1266,1606,2019,8,7,2,0,0.01207547169811321,0.8022297061897574,0.023929217775990348
2019-08-07,84,0.9137050779912241,0.004179437169127891,0.0,0.0,0.0,0.20842220286902077,1267,756,2019,8,7,2,0,0.012327044025157233,0.8017651840668913,0.022314246933440578
2019-08-07,81,0.9137050779912241,0.00027862914460852607,0.0,0.0,0.0,0.20842220286902077,1268,1491,2019,8,7,2,0,0.007798742138364779,0.39356636859830446,0.022955208123868892
2019-08-07,85,0.9137050779912241,0.0039008080245193652,0.0,0.0,0.0,0.20842220286902077,1269,1827,2019,8,7,2,0,0.007798742138364779,0.3907792358611079,0.02734139352503519
2019-08-08,80,0.8722094235442193,0.9799387015881862,1.0,0.0,0.0,0.20842220286902077,1270,322,2019,8,8,3,0,0.8872955974842768,0.7960747880617813,0.6129788357128494
2019-08-08,82,0.8722094235442193,0.0052939537475619955,0.0,0.0,0.0,0.20842220286902077,1271,627,2019,8,8,3,0,0.887547169811321,0.7951457438160492,0.026910944098129903
2019-08-08,83,0.8722094235442193,0.005572582892170521,0.0,0.0,0.0,0.20842220286902077,1272,320,2019,8,8,3,0,0.8862893081761007,0.7954941354081988,0.02399205710838528
2019-08-08,84,0.8722094235442193,0.006129841181387574,0.0,0.0,0.0,0.20842220286902077,1273,577,2019,8,8,3,0,0.8903144654088052,0.7956102659389153,0.022383370199075006
2019-08-08,81,0.8722094235442193,0.010030649205906938,0.0,0.0,0.0,0.20842220286902077,1274,187,2019,8,8,3,0,0.8955974842767297,0.7980490070839625,0.02306831892217977
2019-08-08,85,0.8722094235442193,0.006129841181387574,0.0,0.0,0.0,0.20842220286902077,1275,1980,2019,8,8,3,0,0.9008805031446543,0.80013935663686,0.027410516790669616
2019-08-09,82,0.8030333348623881,0.0008358874338255782,0.0,0.0,0.0,0.20842220286902077,1276,1527,2019,8,9,4,0,0.8981132075471701,0.7990941818604111,0.026920369997989142
2019-08-09,83,0.8030333348623881,0.005015324602953469,0.0,0.0,0.0,0.20842220286902077,1277,211,2019,8,9,4,0,0.017861635220125786,0.798165137614679,0.024048612507540718
2019-08-09,81,0.8030333348623881,0.0,0.0,0.0,0.0,0.20842220286902077,1278,1894,2019,8,9,4,0,0.013081761006289307,0.7968877017767972,0.02306831892217977
2025-03-15,85,0.8030333348623881,0.003343549735302313,0.0,0.0,0.0,0.20842220286902077,1279,1065,2025,3,15,5,1,0.011069182389937107,0.7974683544303798,0.027448220390106574
2019-08-10,80,0.8901791947578135,0.006687099470604626,0.0,0.0,0.0,0.20842220286902077,1280,2103,2019,8,10,5,1,0.011572327044025155,0.7986296597375451,0.6130542429117234
2019-08-10,82,0.8901791947578135,0.0027862914460852605,0.0,0.0,0.0,0.20842220286902077,1281,562,2019,8,10,5,1,0.005031446540880502,0.7979328765532459,0.02695178966418661
2019-08-10,83,0.8901791947578135,0.0047366954583449436,0.0,0.0,0.0,0.20842220286902077,1282,1881,2019,8,10,5,1,0.0037735849056603765,0.7986296597375451,0.02410202594007641
2019-08-10,84,0.8901791947578135,0.007244357759821678,0.0,0.0,0.0,0.20842220286902077,1283,229,2019,8,10,5,1,0.009559748427672956,0.7997909650447104,0.02246506133118842
2019-08-10,81,0.8901791947578135,0.006965728615213152,0.0,0.0,0.0,0.20842220286902077,1284,1302,2019,8,10,5,1,0.01132075471698113,0.8003716176982929,0.023146868087673435
2019-08-10,85,0.8901791947578135,0.009473390916689887,0.0,0.0,0.0,0.20842220286902077,1285,392,2019,8,10,5,1,0.019874213836477986,0.3968180234583672,0.02755504725517796
2019-08-11,80,0.9740714730516646,0.9796600724435777,1.0,0.0,0.0,0.20842220286902077,1286,1263,2019,8,11,6,1,0.9013836477987421,0.8033910114969227,0.6241013975467525
2019-08-11,82,0.9740714730516646,0.010866536639732517,0.0,0.0,0.0,0.20842220286902077,1287,1010,2019,8,11,6,1,0.9051572327044027,0.8051329694576705,0.027074326362356727
2019-08-11,83,0.9740714730516646,0.005015324602953469,0.0,0.0,0.0,0.20842220286902077,1288,1085,2019,8,11,6,1,0.9071698113207548,0.8051329694576705,0.024158581339231853
2019-08-11,87,0.9740714730516646,0.004458066313736417,0.0,0.0,0.0,0.20842220286902077,1289,1318,2019,8,11,6,1,0.9069182389937109,0.8069910579491348,0.1515810376030565
2019-08-11,81,0.9740714730516646,0.008916132627472834,0.0,0.0,0.0,0.20842220286902077,1290,879,2019,8,11,6,1,0.9084276729559749,0.8090814075020323,0.023247411019505327
2019-08-11,85,0.9740714730516646,0.006129841181387574,0.0,0.0,0.0,0.20842220286902077,1291,817,2019,8,11,6,1,0.907672955974843,0.8094297990941819,0.027624170520812386
2019-08-12,80,0.9487936699641888,0.004458066313736417,0.0,0.0,0.0,0.20842220286902077,1292,219,2019,8,12,0,0,0.9031446540880503,0.8096620601556148,0.6241516690126685
2019-08-12,82,0.9487936699641888,0.0078016160490387305,0.0,0.0,0.0,0.20842220286902077,1293,2030,2019,8,12,0,0,0.02566037735849057,0.8104749738706307,0.02716230142770963
2019-08-12,84,0.9487936699641888,0.008358874338255782,0.0,0.0,0.0,0.20842220286902077,1294,1391,2019,8,12,0,0,0.02339622641509434,0.8118685402392289,0.022559320329780815
2019-08-12,67,0.9487936699641888,0.0022290331568682086,0.0,0.0,0.0,0.20842220286902077,1295,969,2019,8,12,0,0,0.02088050314465409,0.809894321217048,1.2567866478986528e-05
2019-08-12,85,0.9487936699641888,0.004179437169127891,0.0,0.0,0.0,0.20842220286902077,1296,1514,2019,8,12,0,0,0.020628930817610067,0.8109394959934968,0.027671300020108588
2019-08-13,80,0.8614475960429735,0.008080245193647256,0.0,0.0,0.0,0.20842220286902077,1297,1895,2019,8,13,1,0,0.019874213836477986,0.8125653234235282,0.6242427860446411
2019-08-13,82,0.8614475960429735,0.01198105321816662,0.0,0.0,0.0,0.20842220286902077,1298,512,2019,8,13,1,0,0.025157232704402517,0.8174428057136223,0.027297405992358737
2019-08-13,83,0.8614475960429735,0.0025076623014767345,0.0,0.0,0.0,0.20842220286902077,1299,1306,2019,8,13,1,0,0.02339622641509434,0.8168621530600395,0.02418685903880957
2019-08-13,84,0.8614475960429735,0.0027862914460852605,0.0,0.0,0.0,0.20842220286902077,1300,525,2019,8,13,1,0,0.01886792452830189,0.40959238183718505,0.02259073999597828
2019-08-13,81,0.8614475960429735,0.0008358874338255782,0.0,0.0,0.0,0.20842220286902077,1301,1688,2019,8,13,1,0,0.01207547169811321,0.40773429334572064,0.02325683691936457
2019-08-13,85,0.8614475960429735,0.003343549735302313,0.0,0.0,0.0,0.20842220286902077,1302,175,2019,8,13,1,0,0.013081761006289307,0.4068052490999884,0.027709003619545546
2025-03-15,87,0.838922808073661,0.9765951518528839,1.0,0.0,0.0,0.20842220286902077,1303,298,2025,3,15,5,1,0.8910691823899373,0.8112878875856462,0.16259363060526846
2019-08-14,82,0.838922808073661,0.0039008080245193652,0.0,0.0,0.0,0.20842220286902077,1304,949,2019,8,14,2,0,0.8872955974842768,0.8087330159098827,0.02734139352503519
2019-08-14,83,0.838922808073661,0.004458066313736417,0.0,0.0,0.0,0.20842220286902077,1305,1757,2019,8,14,2,0,0.8805031446540882,0.8080362327255834,0.024237130504725517
2019-08-14,84,0.838922808073661,0.003622178879910839,0.0,0.0,0.0,0.20842220286902077,1306,363,2019,8,14,2,0,0.8815094339622643,0.8091975380327487,0.022631585562034987
2019-08-14,81,0.838922808073661,0.0027862914460852605,0.0,0.0,0.0,0.20842220286902077,1307,1415,2019,8,14,2,0,0.8815094339622643,0.8082684937870166,0.023288256585562033
2019-08-14,85,0.838922808073661,0.0019504040122596826,0.0,0.0,0.0,0.20842220286902077,1308,181,2019,8,14,2,0,0.8825157232704404,0.8090814075020323,0.027730997385883773
2019-08-15,80,0.8848233093313611,0.006687099470604626,0.0,0.0,0.0,0.20842220286902077,1309,694,2019,8,15,3,0,0.8855345911949686,0.8104749738706307,0.624318193243515
2019-08-15,82,0.8848233093313611,0.0025076623014767345,0.0,0.0,0.0,0.20842220286902077,1310,1426,2019,8,15,3,0,0.006037735849056605,0.8087330159098827,0.02736967122461291
2019-08-15,83,0.8848233093313611,0.004179437169127891,0.0,0.0,0.0,0.20842220286902077,1311,1592,2019,8,15,3,0,0.0062893081761006275,0.8093136685634654,0.024284260004021715
2019-08-15,84,0.8848233093313611,0.003622178879910839,0.0,0.0,0.0,0.20842220286902077,1312,676,2019,8,15,3,0,0.005534591194968554,0.8088491464405994,0.022672431128091693
2019-08-15,85,0.8848233093313611,0.0047366954583449436,0.0,0.0,0.0,0.20842220286902077,1313,1850,2019,8,15,3,0,0.006540880503144653,0.8078039716641505,0.027784410818419467
2019-08-16,80,0.9079987960263844,0.01142379492894957,0.0,0.0,0.0,0.20842220286902077,1314,1198,2019,8,16,4,0,0.014339622641509432,0.8096620601556148,0.6244470138749246
2019-08-16,82,0.9079987960263844,0.006129841181387574,0.0,0.0,0.0,0.20842220286902077,1315,266,2019,8,16,4,0,0.01811320754716981,0.8082684937870166,0.027438794490247335
2019-08-16,68,0.9079987960263844,0.0078016160490387305,0.0,0.0,0.0,0.20842220286902077,1316,69,2019,8,16,4,0,0.019119496855345912,0.4032052026477761,7.540719887391916e-05
2019-08-16,87,0.9079987960263844,0.0078016160490387305,0.0,0.0,0.0,0.20842220286902077,1317,1106,2019,8,16,4,0,0.02389937106918239,0.40192776680989434,0.16268160567062134
2019-08-16,81,0.9079987960263844,0.0052939537475619955,0.0,0.0,0.0,0.20842220286902077,1318,1499,2019,8,16,4,0,0.024905660377358495,0.40204389734061086,0.023347953951337222
2019-08-16,85,0.9079987960263844,0.0011145165784341043,0.0,0.0,0.0,0.20842220286902077,1319,472,2019,8,16,4,0,0.022641509433962266,0.4006503309720125,0.02779697868489845
2019-08-17,80,0.9755230781508322,0.9802173307327947,1.0,0.0,0.0,0.20842220286902077,1320,753,2019,8,17,5,1,0.9033962264150945,0.8054813610498202,0.6355004524431933
2019-08-17,82,0.9755230781508322,0.008637503482864309,0.0,0.0,0.0,0.20842220286902077,1321,174,2019,8,17,5,1,0.9008805031446543,0.8065265358262688,0.027536195455459482
2019-08-17,83,0.9755230781508322,0.0078016160490387305,0.0,0.0,0.0,0.20842220286902077,1322,312,2019,8,17,5,1,0.9023899371069185,0.807920102194867,0.024372235069374623
2019-08-17,84,0.9755230781508322,0.006687099470604626,0.0,0.0,0.0,0.20842220286902077,1323,243,2019,8,17,5,1,0.9013836477987421,0.8074555800720009,0.022747838326965614
2019-08-17,81,0.9755230781508322,0.008637503482864309,0.0,0.0,0.0,0.20842220286902077,1324,522,2019,8,17,5,1,0.9021383647798743,0.8075717106027174,0.023445354916549366
2019-08-17,85,0.9755230781508322,0.007244357759821678,0.0,0.0,0.0,0.20842220286902077,1325,582,2019,8,17,5,1,0.9038993710691825,0.8096620601556148,0.027878669817011863
2019-08-18,80,0.9025427973032499,0.005851212036779047,0.0,0.0,0.0,0.20842220286902077,1326,1503,2019,8,18,6,1,0.908176100628931,0.810358843339914,0.635566433742208
2025-03-15,82,0.9025427973032499,0.008080245193647256,0.0,0.0,0.0,0.20842220286902077,1327,1259,2025,3,15,5,1,0.03044025157232705,0.810358843339914,0.027627312487432134
2019-08-18,83,0.9025427973032499,0.006965728615213152,0.0,0.0,0.0,0.20842220286902077,1328,1636,2019,8,18,6,1,0.028930817610062894,0.8082684937870166,0.024450784234868288
2019-08-18,81,0.9025427973032499,0.0005572582892170521,0.0,0.0,0.0,0.20842220286902077,1329,1847,2019,8,18,6,1,0.022389937106918244,0.8074555800720009,0.02345163884978886
2019-08-18,85,0.9025427973032499,0.005572582892170521,0.0,0.0,0.0,0.20842220286902077,1330,1554,2019,8,18,6,1,0.02138364779874214,0.8086168853791662,0.027941509149406796
2019-08-19,82,0.8765141696258067,0.007522986904430204,0.0,0.0,0.0,0.20842220286902077,1331,96,2019,8,19,0,0,0.020377358490566037,0.8114040181163629,0.027712145586165294
2019-08-19,83,0.8765141696258067,0.009473390916689887,0.0,0.0,0.0,0.20842220286902077,1332,1143,2019,8,19,0,0,0.022389937106918244,0.8139588897921264,0.024557611099939675
2019-08-19,84,0.8765141696258067,0.0039008080245193652,0.0,0.0,0.0,0.20842220286902077,1333,933,2019,8,19,0,0,0.020628930817610067,0.4085472070607363,0.022791825859642068
2019-08-19,81,0.8765141696258067,0.0016717748676511564,0.0,0.0,0.0,0.20842220286902077,1334,1957,2019,8,19,0,0,0.014842767295597484,0.407618162815004,0.02347049064950734
2019-08-19,85,0.8765141696258067,0.007522986904430204,0.0,0.0,0.0,0.20842220286902077,1335,1269,2019,8,19,0,0,0.015345911949685535,0.4088955986528858,0.028026342248139956
2019-08-19,69,0.938282113137074,0.9810532181666203,1.0,0.0,0.0,0.20842220286902077,1336,489,2019,8,19,0,0,0.9006289308176103,0.816281500406457,0.011050296601648904
2019-08-20,82,0.938282113137074,0.005851212036779047,0.0,0.0,0.0,0.20842220286902077,1337,433,2019,8,20,1,0,0.9008805031446543,0.8175589362443387,0.02777812688517997
2019-08-20,83,0.938282113137074,0.010030649205906938,0.0,0.0,0.0,0.20842220286902077,1338,9,2019,8,20,1,0,0.9031446540880503,0.8209267216351179,0.024670721898250553
2019-08-20,84,0.938282113137074,0.011145165784341042,0.0,0.0,0.0,0.20842220286902077,1339,1687,2019,8,20,1,0,0.9046540880503146,0.8227848101265822,0.022917504524431934
2019-08-20,81,0.938282113137074,0.003343549735302313,0.0,0.0,0.0,0.20842220286902077,1340,1761,2019,8,20,1,0,0.9041509433962266,0.8231332017187318,0.0235081942489443
2019-08-20,85,0.938282113137074,0.005851212036779047,0.0,0.0,0.0,0.20842220286902077,1341,2020,2019,8,20,1,0,0.907924528301887,0.823829984903031,0.028092323547154636
2019-08-21,80,0.8426268869427302,0.004458066313736417,0.0,0.0,0.0,0.20842220286902077,1342,1286,2019,8,21,2,0,0.9051572327044027,0.8241783764951807,0.6356167052081239
2019-08-21,82,0.8426268869427302,0.009752020061298413,0.0,0.0,0.0,0.20842220286902077,1343,962,2019,8,21,2,0,0.02817610062893082,0.8262687260480779,0.027888095716871102
2019-08-21,83,0.8426268869427302,0.0025076623014767345,0.0,0.0,0.0,0.20842220286902077,1344,1438,2019,8,21,2,0,0.025157232704402517,0.8225525490651493,0.024698999597828272
2019-08-21,81,0.8426268869427302,0.004458066313736417,0.0,0.0,0.0,0.20842220286902077,1345,1607,2019,8,21,2,0,0.020125786163522015,0.8218557658808501,0.023558465714860245
2019-08-21,85,0.8426268869427302,0.007244357759821678,0.0,0.0,0.0,0.20842220286902077,1346,1339,2019,8,21,2,0,0.01660377358490566,0.8216235048194171,0.02817401467926805
2019-08-22,80,0.8658524302860946,0.006129841181387574,0.0,0.0,0.0,0.20842220286902077,1347,2031,2019,8,22,3,0,0.019119496855345912,0.8209267216351179,0.6356858284737583
2019-08-22,82,0.8658524302860946,0.005015324602953469,0.0,0.0,0.0,0.20842220286902077,1348,274,2019,8,22,3,0,0.018364779874213838,0.8208105911044015,0.027944651116026543
2019-08-22,84,0.8658524302860946,0.0005572582892170521,0.0,0.0,0.0,0.20842220286902077,1349,1212,2019,8,22,3,0,0.014842767295597484,0.8205783300429683,0.022923788457671426
2019-08-22,81,0.8658524302860946,0.006408470325996099,0.0,0.0,0.0,0.20842220286902077,1350,1725,2019,8,22,3,0,0.011823899371069185,0.4147021251887122,0.023630730947114417
2019-08-22,85,0.8658524302860946,0.006965728615213152,0.0,0.0,0.0,0.20842220286902077,1351,905,2019,8,22,3,0,0.015849056603773587,0.41400534200441297,0.028252563844761713
2019-08-23,80,0.8439783787452158,0.9804959598774032,1.0,0.0,0.0,0.20842220286902077,1352,195,2019,8,23,4,0,0.8971069182389939,0.819417024735803,0.6467424090086468
2019-08-23,82,0.8439783787452158,0.008637503482864309,0.0,0.0,0.0,0.20842220286902077,1353,1675,2019,8,23,4,0,0.8983647798742139,0.8202299384508187,0.028042052081238687
2019-08-23,83,0.8439783787452158,0.005572582892170521,0.0,0.0,0.0,0.20842220286902077,1354,1617,2019,8,23,4,0,0.8978616352201259,0.818952502612937,0.024761838930223205
2019-08-23,84,0.8439783787452158,0.003064920590693787,0.0,0.0,0.0,0.20842220286902077,1355,225,2019,8,23,4,0,0.8961006289308177,0.8172105446521891,0.02295835009048864
2019-08-23,70,0.8439783787452158,0.006965728615213152,0.0,0.0,0.0,0.20842220286902077,1356,1203,2019,8,23,4,0,0.9018867924528303,0.8176750667750552,6.598129901467926e-05
2019-08-23,85,0.8439783787452158,0.007522986904430204,0.0,0.0,0.0,0.20842220286902077,1357,1337,2019,8,23,4,0,0.9028930817610064,0.8174428057136223,0.028337396943494873
2019-08-23,87,0.9233656969316897,0.003622178879910839,0.0,0.0,0.0,0.20842220286902077,1358,528,2019,8,23,4,0,0.8998742138364781,0.8160492393450238,0.16272245123667806
2019-08-24,82,0.9233656969316897,0.006687099470604626,0.0,0.0,0.0,0.20842220286902077,1359,874,2019,8,24,5,1,0.020628930817610067,0.8186041110207873,0.028117459280112608
2019-08-24,83,0.9233656969316897,0.010309278350515465,0.0,0.0,0.0,0.20842220286902077,1360,17,2019,8,24,5,1,0.022138364779874214,0.8205783300429683,0.024878091695153832
2019-08-24,84,0.9233656969316897,0.006965728615213152,0.0,0.0,0.0,0.20842220286902077,1361,1759,2019,8,24,5,1,0.02339622641509434,0.8203460689815352,0.023036899255982304
2019-08-24,81,0.9233656969316897,0.005015324602953469,0.0,0.0,0.0,0.20842220286902077,1362,88,2019,8,24,5,1,0.025157232704402517,0.8184879804900709,0.02368728634626986
2019-08-24,85,0.9233656969316897,0.0,0.0,0.0,0.0,0.20842220286902077,1363,1884,2019,8,24,5,1,0.01886792452830189,0.8168621530600395,0.028337396943494873
2019-08-25,80,0.9712183320692449,0.005015324602953469,0.0,0.0,0.0,0.20842220286902077,1364,128,2019,8,25,6,1,0.01660377358490566,0.8182557194286377,0.6467989644078022
2019-08-25,82,0.9712183320692449,0.005851212036779047,0.0,0.0,0.0,0.20842220286902077,1365,1116,2019,8,25,6,1,0.01861635220125786,0.8175589362443387,0.02818344057912729
2019-08-25,83,0.9712183320692449,0.0025076623014767345,0.0,0.0,0.0,0.20842220286902077,1366,1239,2019,8,25,6,1,0.014842767295597484,0.40970851236790157,0.02490636939473155
2019-08-25,84,0.9712183320692449,0.0027862914460852605,0.0,0.0,0.0,0.20842220286902077,1367,634,2019,8,25,6,1,0.008050314465408805,0.40843107653001975,0.02306831892217977
2019-08-25,85,0.9712183320692449,0.010866536639732517,0.0,0.0,0.0,0.20842220286902077,1368,1736,2019,8,25,6,1,0.011572327044025155,0.4087794681221693,0.02845993364166499
2019-08-26,80,0.9443387665051524,0.9791028141543606,1.0,0.0,0.0,0.20842220286902077,1369,2038,2019,8,26,0,0,0.8910691823899373,0.8122169318313786,0.6578398351095919
2019-08-26,82,0.9443387665051524,0.00919476177208136,0.0,0.0,0.0,0.20842220286902077,1370,500,2019,8,26,0,0,0.8993710691823901,0.8146556729764256,0.028287125477578928
2019-08-26,83,0.9443387665051524,0.010866536639732517,0.0,0.0,0.0,0.20842220286902077,1371,161,2019,8,26,0,0,0.9046540880503146,0.816746022529323,0.02502890609290167
2025-03-15,87,0.9443387665051524,0.0013931457230426303,0.0,0.0,0.0,0.20842220286902077,1372,1925,2025,3,15,5,1,0.9006289308176103,0.8154685866914413,0.1627381610697768
2019-08-26,81,0.9443387665051524,0.006965728615213152,0.0,0.0,0.0,0.20842220286902077,1373,1312,2019,8,26,0,0,0.9046540880503146,0.814307281384276,0.023765835511763523
2019-08-26,85,0.9443387665051524,0.006965728615213152,0.0,0.0,0.0,0.20842220286902077,1374,904,2019,8,26,0,0,0.9084276729559749,0.8161653698757403,0.028538482807158656
2019-08-27,80,0.9547001659548184,0.003343549735302313,0.0,0.0,0.0,0.20842220286902077,1375,2065,2019,8,27,1,0,0.9016352201257863,0.8157008477528742,0.6578775387090288
2019-08-27,82,0.9547001659548184,0.006687099470604626,0.0,0.0,0.0,0.20842220286902077,1376,503,2019,8,27,1,0,0.023647798742138362,0.8154685866914413,0.028362532676452844
2019-08-27,86,0.9547001659548184,0.009473390916689887,0.0,0.0,0.0,0.20842220286902077,1377,1764,2019,8,27,1,0,0.02389937106918239,0.8168621530600395,0.000666096923386286
2019-08-27,84,0.9547001659548184,0.011702424073558095,0.0,0.0,0.0,0.20842220286902077,1378,1651,2019,8,27,1,0,0.024654088050314465,0.8196492857972362,0.02320028152020913
2019-08-27,81,0.9547001659548184,0.006408470325996099,0.0,0.0,0.0,0.20842220286902077,1379,343,2019,8,27,1,0,0.029182389937106916,0.8220880269422832,0.023838100744017696
2019-08-27,85,0.9547001659548184,0.008358874338255782,0.0,0.0,0.0,0.20842220286902077,1380,29,2019,8,27,1,0,0.03044025157232705,0.8229009406572989,0.028632741805751056
2019-08-28,80,1.0,0.009752020061298413,0.0,0.0,0.0,0.20842220286902077,1381,1857,2019,8,28,2,0,0.0329559748427673,0.824062245964464,0.6579875075407199
2019-08-28,82,1.0,0.009473390916689887,0.0,0.0,0.0,0.20842220286902077,1382,1273,2019,8,28,2,0,0.03849056603773585,0.41934734641737315,0.02846935954152423
2019-08-28,83,1.0,0.008080245193647256,0.0,0.0,0.0,0.20842220286902077,1383,626,2019,8,28,2,0,0.039748427672955985,0.4191150853559401,0.02512002312487432
2019-08-28,84,1.0,0.004179437169127891,0.0,0.0,0.0,0.20842220286902077,1384,701,2019,8,28,2,0,0.034968553459119506,0.4185344327023575,0.023247411019505327
2019-08-28,81,1.0,0.009473390916689887,0.0,0.0,0.0,0.20842220286902077,1385,963,2019,8,28,2,0,0.0329559748427673,0.4212054349088375,0.023944927609089083
2019-08-28,85,1.0,0.004458066313736417,0.0,0.0,0.0,0.20842220286902077,1386,2014,2019,8,28,2,0,0.03119496855345913,0.42016026013238883,0.028683013271667
2019-08-28,87,0.0022524737699015085,0.9707439398161049,1.0,0.0,0.0,0.20842220286902077,1387,932,2019,8,28,2,0,0.9001257861635221,0.8216235048194171,0.17368477277297406
2019-08-29,82,0.9977475262300985,0.007244357759821678,0.0,0.0,0.0,0.20842220286902077,1388,1192,2019,8,29,3,0,0.8978616352201259,0.8231332017187318,0.028551050673637644
2019-08-29,83,0.9977475262300985,0.0019504040122596826,0.0,0.0,0.0,0.20842220286902077,1389,384,2019,8,29,3,0,0.8910691823899373,0.8211589826965511,0.025142016891212548
2019-08-29,84,0.9977475262300985,0.003343549735302313,0.0,0.0,0.0,0.20842220286902077,1390,495,2019,8,29,3,0,0.8867924528301888,0.8182557194286377,0.02328511461894229
2019-08-29,81,0.9977475262300985,0.0027862914460852605,0.0,0.0,0.0,0.20842220286902077,1391,114,2019,8,29,3,0,0.8855345911949686,0.8165137614678899,0.023976347275286546
2019-08-29,85,0.9977475262300985,0.007522986904430204,0.0,0.0,0.0,0.20842220286902077,1392,1050,2019,8,29,3,0,0.8837735849056605,0.8175589362443387,0.02876784637040016
2019-08-30,80,0.9010912047716566,0.0008358874338255782,0.0,0.0,0.0,0.20842220286902077,1393,1680,2019,8,30,4,0,0.8805031446540882,0.8179073278364883,0.6579969334405792
2019-08-30,82,0.9010912047716566,0.013095569796600726,0.0,0.0,0.0,0.20842220286902077,1394,703,2019,8,30,4,0,0.015849056603773587,0.8212751132272675,0.028698723104765733
2019-08-30,83,0.9010912047716566,0.0016717748676511564,0.0,0.0,0.0,0.20842220286902077,1395,465,2019,8,30,4,0,0.010817610062893081,0.8195331552665197,0.025160868690931027
2025-03-15,81,0.9010912047716566,0.005572582892170521,0.0,0.0,0.0,0.20842220286902077,1396,43,2025,3,15,5,1,0.01408805031446541,0.8208105911044015,0.02403918660768148
2019-08-30,85,0.9010912047716566,0.0039008080245193652,0.0,0.0,0.0,0.20842220286902077,1397,84,2019,8,30,4,0,0.014591194968553461,0.8212751132272675,0.028811833903076612
2019-08-30,71,0.8449794740093138,0.010587907495123991,0.0,0.0,0.0,0.20842220286902077,1398,1080,2019,8,30,4,0,0.021635220125786163,0.8211589826965511,0.00010682686507138548
2019-08-31,82,0.8449794740093138,0.006408470325996099,0.0,0.0,0.0,0.20842220286902077,1399,1632,2019,8,31,5,1,0.020628930817610067,0.41574729996516085,0.028770988337019906
2019-08-31,83,0.8449794740093138,0.0052939537475619955,0.0,0.0,0.0,0.20842220286902077,1400,26,2019,8,31,5,1,0.024654088050314465,0.4141214725351295,0.025220566056706212
2019-08-31,87,0.8449794740093138,0.006965728615213152,0.0,0.0,0.0,0.20842220286902077,1401,168,2019,8,31,5,1,0.019119496855345912,0.4124956451050981,0.17376332193846772
2019-08-31,85,0.8449794740093138,0.008358874338255782,0.0,0.0,0.0,0.20842220286902077,1402,387,2019,8,31,5,1,0.025157232704402517,0.4153989083730113,0.02890609290166901
2019-09-01,80,0.9331264417364115,0.9958205628308722,1.0,0.0,1.0,0.20842220286902077,1403,1647,2019,9,1,6,1,0.9192452830188681,0.8275461618859599,0.6692263221395536
2019-09-01,82,0.9331264417364115,0.016439119531903038,0.0,0.0,1.0,0.20842220286902077,1404,1042,2019,9,1,6,1,0.9305660377358493,0.8314945999303216,0.028956364367584957
2019-09-01,83,0.06687355826358854,0.007244357759821678,0.0,0.0,1.0,0.20842220286902077,1405,1817,2019,9,1,6,1,0.9275471698113209,0.8331204273603532,0.025302257188819625
2019-09-01,84,0.9331264417364115,0.020897185845639456,0.0,0.0,1.0,0.20842220286902077,1406,481,2019,9,1,6,1,0.9406289308176102,0.8390430844268959,0.023520762115423286
2019-09-01,81,0.9331264417364115,0.020061298411813876,0.0,0.0,1.0,0.20842220286902077,1407,1076,2019,9,1,6,1,0.9539622641509435,0.8434560445941237,0.024265408204303236
2019-09-01,85,0.9331264417364115,0.016160490387294512,0.0,0.0,1.0,0.20842220286902077,1408,1119,2019,9,1,6,1,0.9622641509433965,0.8453141330855882,0.02908832696561432
2019-09-02,80,0.9854840244137698,0.02479799387015882,0.0,0.0,1.0,0.20842220286902077,1409,2050,2019,9,2,0,0,0.9771069182389938,0.852978748112879,0.6695059571687111
2019-09-02,82,0.9854840244137698,0.023126219002507664,0.0,0.0,1.0,0.20842220286902077,1410,619,2019,9,2,0,0,0.0988679245283019,0.8591336662408546,0.02921714759702393
2019-09-02,83,0.9854840244137698,0.018946781833379774,0.0,0.0,1.0,0.20842220286902077,1411,1596,2019,9,2,0,0,0.10113207547169814,0.8629659737545001,0.0255159109189624
2019-09-02,84,0.9854840244137698,0.017275006965728618,0.0,0.0,1.0,0.20842220286902077,1412,1255,2019,9,2,0,0,0.11018867924528303,0.8662176286145629,0.023715564045847577
2019-09-02,81,0.9854840244137698,0.02201170242407356,0.0,0.0,1.0,0.20842220286902077,1413,280,2019,9,2,0,0,0.11119496855345914,0.8720241551503891,0.02451362356726322
2019-09-02,85,0.9854840244137698,0.016996377821120092,0.0,0.0,1.0,0.20842220286902077,1414,925,2019,9,2,0,0,0.10842767295597486,0.8773661595633493,0.029279986929418862
2019-09-02,87,0.8222044279334446,0.02061855670103093,0.0,0.0,1.0,0.20842220286902077,1415,1991,2019,9,2,0,0,0.11245283018867924,0.8820113807920102,0.17399582746832898
2019-09-03,82,0.8222044279334446,0.02061855670103093,0.0,0.0,1.0,0.20842220286902077,1416,471,2019,9,3,1,0,0.10867924528301887,0.8887469515735686,0.02944965312688518
2019-09-03,83,0.8222044279334446,0.02201170242407356,0.0,0.0,1.0,0.20842220286902077,1417,718,2019,9,3,1,0,0.10767295597484278,0.4933224944837999,0.02576412628192238
2019-09-03,84,0.8222044279334446,0.016160490387294512,0.0,0.0,1.0,0.20842220286902077,1418,1802,2019,9,3,1,0,0.10515723270440253,0.4970386714667286,0.02389779810979288
2019-09-03,78,0.8222044279334446,0.0192254109779883,0.0,0.0,1.0,0.20842220286902077,1419,1863,2019,9,3,1,0,0.1069182389937107,0.5042387643711532,0.00020422783028353108
2025-03-15,85,0.8222044279334446,0.020339927556422402,0.0,0.0,1.0,0.20842220286902077,1420,537,2025,3,15,5,1,0.10540880503144656,0.5113227267448612,0.029509350492660368
2019-09-04,80,0.8620983073362587,0.9916411256617443,1.0,0.0,1.0,0.20842220286902077,1421,2106,2019,9,4,2,0,0.9854088050314467,0.9234699802578099,0.6806882163683894
2019-09-04,82,0.8620983073362587,0.020061298411813876,0.0,0.0,1.0,0.20842220286902077,1422,1095,2019,9,4,2,0,0.9849056603773585,0.9286958541400534,0.029675874723506936
2019-09-04,83,0.8620983073362587,0.02842017275006966,0.0,0.0,1.0,0.20842220286902077,1423,245,2019,9,4,2,0,0.9919496855345913,0.9401927766809894,0.026084606877136537
2019-09-04,84,0.8620983073362587,0.01978266926720535,0.0,0.0,1.0,0.20842220286902077,1424,1131,2019,9,4,2,0,0.9899371069182392,0.9429799094181859,0.02412087773979489
2019-09-04,81,0.13790169266374136,0.008916132627472834,0.0,0.0,1.0,0.20842220286902077,1425,789,2019,9,4,2,0,0.9833962264150946,0.9459993032168157,0.024614166499095112
2019-09-04,85,0.8620983073362587,0.025355252159375872,0.0,0.0,1.0,0.20842220286902077,1426,941,2019,9,4,2,0,0.9889308176100631,0.954244570897689,0.02979526945505731
2019-09-05,80,0.9042947171573152,0.024519364725550295,0.0,0.0,1.0,0.20842220286902077,1427,55,2019,9,5,3,0,0.9927044025157234,0.9628382301707119,0.680964709430927
2019-09-05,82,0.9042947171573152,0.02201170242407356,0.0,0.0,1.0,0.20842220286902077,1428,1557,2019,9,5,3,0,0.11723270440251574,0.9675995819300893,0.02992409008646692
2019-09-05,83,0.9042947171573152,0.01838952354416272,0.0,0.0,1.0,0.20842220286902077,1429,1154,2019,9,5,3,0,0.11572327044025157,0.9725931947508999,0.026291976674039815
2019-09-05,87,0.9042947171573152,0.018946781833379774,0.0,0.0,1.0,0.20842220286902077,1430,568,2019,9,5,3,0,0.10716981132075473,0.9782835907560099,0.17420948119847174
2019-09-05,81,0.9042947171573152,0.01783226525494567,0.0,0.0,1.0,0.20842220286902077,1431,1299,2019,9,5,3,0,0.10540880503144656,0.9828126814539542,0.0248152523627589
2019-09-05,85,0.9042947171573152,0.020897185845639456,0.0,0.0,1.0,0.20842220286902077,1432,1458,2019,9,5,3,0,0.11622641509433965,0.9880385553361979,0.030030916951538308
2019-09-06,80,0.8824206656164364,0.023683477291724715,0.0,0.0,1.0,0.20842220286902077,1433,1852,2019,9,6,4,0,0.11471698113207549,0.582859133666241,0.6812317765936056
2019-09-06,82,0.8824206656164364,0.017275006965728618,0.0,0.0,1.0,0.20842220286902077,1434,1575,2019,9,6,4,0,0.10817610062893085,0.5832075252583904,0.030118892016891212
2019-09-06,83,0.8824206656164364,0.021175814990247982,0.0,0.0,1.0,0.20842220286902077,1435,63,2019,9,6,4,0,0.10742138364779877,0.5890140517942168,0.02653076613714056
2019-09-06,84,0.8824206656164364,0.018110894399554194,0.0,0.0,1.0,0.20842220286902077,1436,1666,2019,9,6,4,0,0.10716981132075473,0.5878527464870515,0.02432510557007842
2019-09-06,81,0.8824206656164364,0.015045973808860408,0.0,0.0,1.0,0.20842220286902077,1437,1356,2019,9,6,4,0,0.10364779874213836,0.5857623969341541,0.024984918560225215
2019-09-06,85,0.8824206656164364,0.020339927556422402,0.0,0.0,1.0,0.20842220286902077,1438,897,2019,9,6,4,0,0.1059119496855346,0.5875043548949019,0.03026028051477981
2019-09-07,80,0.9137050779912241,0.9944274171078296,1.0,0.0,1.0,0.20842220286902077,1439,2026,2019,9,7,5,1,0.9849056603773585,0.9916386017884102,0.6924454554594812
2019-09-07,82,0.9137050779912241,0.016996377821120092,0.0,0.0,1.0,0.20842220286902077,1440,987,2019,9,7,5,1,0.978867924528302,0.9890837301126465,0.03031055198069576
2019-09-07,79,0.9137050779912241,0.016439119531903038,0.0,0.0,1.0,0.20842220286902077,1441,1427,2019,9,7,5,1,0.97811320754717,0.9880385553361979,0.00017280816408606477
2019-09-07,84,0.9137050779912241,0.018110894399554194,0.0,0.0,1.0,0.20842220286902077,1442,240,2019,9,7,5,1,0.9753459119496856,0.9883869469283475,0.024529333400361956
2019-09-07,81,0.9137050779912241,0.02424073558094177,0.0,0.0,1.0,0.20842220286902077,1443,638,2019,9,7,5,1,0.9808805031446542,0.9893159911740796,0.025258269656143174
2019-09-07,85,0.9137050779912241,0.01838952354416272,0.0,0.0,1.0,0.20842220286902077,1444,1118,2019,9,7,5,1,0.9838993710691826,0.9898966438276624,0.030467650311683088
2025-03-15,87,0.12779057645578068,0.01421008637503483,0.0,0.0,1.0,0.20842220286902077,1445,1219,2025,3,15,5,1,0.978364779874214,0.9872256416211822,0.17436972149607882
2019-09-08,82,0.8722094235442193,0.020061298411813876,0.0,0.0,1.0,0.20842220286902077,1446,7,2019,9,8,6,1,0.09861635220125789,0.9869933805597493,0.030536773577317513
2019-09-08,83,0.8722094235442193,0.02424073558094177,0.0,0.0,1.0,0.20842220286902077,1447,1998,2019,9,8,6,1,0.10515723270440253,0.9879224248054814,0.026804117233058516
2019-09-08,84,0.8722094235442193,0.02061855670103093,0.0,0.0,1.0,0.20842220286902077,1448,1202,2019,9,8,6,1,0.1089308176100629,0.9897805132969457,0.024761838930223205
2019-09-08,81,0.8722094235442193,0.02061855670103093,0.0,0.0,1.0,0.20842220286902077,1449,1060,2019,9,8,6,1,0.11119496855345914,0.9903611659505285,0.025490775186004424
2019-09-08,85,0.8722094235442193,0.017275006965728618,0.0,0.0,1.0,0.20842220286902077,1450,1665,2019,9,8,6,1,0.10490566037735852,0.9890837301126465,0.03066245224210738
2019-09-09,80,0.8030333348623881,0.017553636110337143,0.0,0.0,1.0,0.20842220286902077,1451,935,2019,9,9,0,0,0.10415094339622644,0.5830913947276739,0.6926433993565253
2019-09-09,82,0.8030333348623881,0.016439119531903038,0.0,0.0,1.0,0.20842220286902077,1452,1064,2019,9,9,0,0,0.10616352201257861,0.581581697828359,0.030722149607882564
2019-09-09,83,0.8030333348623881,0.01978266926720535,0.0,0.0,1.0,0.20842220286902077,1453,643,2019,9,9,0,0,0.1059119496855346,0.5779816513761469,0.027027196863060526
2019-09-09,84,0.8030333348623881,0.016439119531903038,0.0,0.0,1.0,0.20842220286902077,1454,1355,2019,9,9,0,0,0.0988679245283019,0.5765880850075484,0.024947214960788257
2019-09-09,81,0.8030333348623881,0.021175814990247982,0.0,0.0,1.0,0.20842220286902077,1455,682,2019,9,9,0,0,0.09937106918238997,0.5816978283590757,0.02572956464910517
2019-09-09,85,0.8030333348623881,0.02201170242407356,0.0,0.0,1.0,0.20842220286902077,1456,1708,2019,9,9,0,0,0.10062893081761007,0.5803042619904775,0.030910667605067364
2019-09-10,80,0.8901791947578135,1.0,1.0,0.0,1.0,0.20842220286902077,1457,127,2019,9,10,1,0,0.9879245283018869,0.9868772500290326,0.703919917554796
2019-09-10,82,0.8901791947578135,0.016717748676511563,0.0,0.0,1.0,0.20842220286902077,1458,1903,2019,9,10,1,0,0.987169811320755,0.9846707699454187,0.030910667605067364
2019-09-10,83,0.8901791947578135,0.019504040122596825,0.0,0.0,1.0,0.20842220286902077,1459,2032,2019,9,10,1,0,0.9899371069182392,0.9851352920682848,0.02724713452644279
2019-09-10,87,0.8901791947578135,0.02201170242407356,0.0,0.0,1.0,0.20842220286902077,1460,739,2019,9,10,1,0,0.9919496855345913,0.9864127279061665,0.1746179368590388
2019-09-10,81,0.8901791947578135,0.014767344664251883,0.0,0.0,1.0,0.20842220286902077,1461,1459,2019,9,10,1,0,0.9904402515723272,0.9851352920682848,0.025896088879951738
2019-09-10,85,0.8901791947578135,0.022290331568682084,0.0,0.0,1.0,0.20842220286902077,1462,1882,2019,9,10,1,0,0.9914465408805033,0.9857159447218675,0.031162024934647096
2019-09-10,73,0.9740714730516646,0.02842017275006966,0.0,0.0,1.0,0.20842220286902077,1463,1246,2019,9,10,1,0,0.9972327044025158,0.9876901637440483,0.0003079127287351699
2019-09-11,82,0.9740714730516646,0.022568960713290613,0.0,0.0,1.0,0.20842220286902077,1464,1129,2019,9,11,2,0,0.11471698113207549,0.9898966438276624,0.03116516690126684
2019-09-11,83,0.025928526948335306,0.010030649205906938,0.0,0.0,1.0,0.20842220286902077,1465,218,2019,9,11,2,0,0.10867924528301887,0.9852514225990014,0.02736024532475367
2019-09-11,84,0.9740714730516646,0.015881861242685986,0.0,0.0,1.0,0.20842220286902077,1466,1926,2019,9,11,2,0,0.10540880503144656,0.9843223783532691,0.025126307058113813
2019-09-11,81,0.9740714730516646,0.020339927556422402,0.0,0.0,1.0,0.20842220286902077,1467,2077,2019,9,11,2,0,0.10389937106918243,0.986528858436883,0.026125452443193243
2019-09-11,85,0.9740714730516646,0.016717748676511563,0.0,0.0,1.0,0.20842220286902077,1468,1635,2019,9,11,2,0,0.1056603773584906,0.9850191615375681,0.0313505429318319
2019-09-12,80,0.9487936699641888,0.020061298411813876,0.0,0.0,1.0,0.20842220286902077,1469,126,2019,9,12,3,0,0.10364779874213836,0.578910695621879,0.7041461391514177
2025-03-15,82,0.9487936699641888,0.017275006965728618,0.0,0.0,1.0,0.20842220286902077,1470,713,2025,3,15,5,1,0.09358490566037739,0.5790268261525955,0.031359968831691135
2019-09-12,83,0.9487936699641888,0.020061298411813876,0.0,0.0,1.0,0.20842220286902077,1471,78,2019,9,12,3,0,0.09132075471698115,0.5805365230519104,0.027586466921375428
2019-09-12,84,0.9487936699641888,0.018946781833379774,0.0,0.0,1.0,0.20842220286902077,1472,1232,2019,9,12,3,0,0.09937106918238997,0.58088491464406,0.025339960788256587
2019-09-12,81,0.9487936699641888,0.025912510448592926,0.0,0.0,1.0,0.20842220286902077,1473,1447,2019,9,12,3,0,0.10842767295597486,0.581581697828359,0.02641765533882968
2019-09-12,85,0.9487936699641888,0.0192254109779883,0.0,0.0,1.0,0.20842220286902077,1474,1416,2019,9,12,3,0,0.10742138364779877,0.5819300894205086,0.03156733862859441
2019-09-12,87,0.8614475960429735,0.9933129005293955,1.0,0.0,1.0,0.20842220286902077,1475,1955,2019,9,12,3,0,0.989182389937107,0.9900127743583786,0.18581904785843556
2019-09-13,82,0.8614475960429735,0.0192254109779883,0.0,0.0,1.0,0.20842220286902077,1476,1990,2019,9,13,4,0,0.9884276729559749,0.9896643827662293,0.031576764528453656
2019-09-13,83,0.8614475960429735,0.018946781833379774,0.0,0.0,1.0,0.20842220286902077,1477,2,2019,9,13,4,0,0.9899371069182392,0.9874579026826154,0.027800120651518198
2019-09-13,84,0.8614475960429735,0.018110894399554194,0.0,0.0,1.0,0.20842220286902077,1478,222,2019,9,13,4,0,0.9881761006289309,0.9864127279061665,0.025544188618540117
2019-09-13,81,0.8614475960429735,0.02396210643633324,0.0,0.0,1.0,0.20842220286902077,1479,1585,2019,9,13,4,0,0.9927044025157234,0.9878062942747647,0.02668786446812789
2019-09-13,85,0.8614475960429735,0.02061855670103093,0.0,0.0,1.0,0.20842220286902077,1480,2024,2019,9,13,4,0,0.9879245283018869,0.9891998606433632,0.031799844158455666
2019-09-14,80,0.838922808073661,0.014767344664251883,0.0,0.0,1.0,0.20842220286902077,1481,330,2019,9,14,5,1,0.9838993710691826,0.9880385553361979,0.7043126633822643
2019-09-14,82,0.838922808073661,0.02702702702702703,0.0,0.0,1.0,0.20842220286902077,1482,5,2019,9,14,5,1,0.11144654088050315,0.9924515155034259,0.03188153529056908
2019-09-14,83,0.838922808073661,0.015045973808860408,0.0,0.0,1.0,0.20842220286902077,1483,690,2019,9,14,5,1,0.10767295597484278,0.9904772964812449,0.027969786848984515
2019-09-14,84,0.838922808073661,0.01978266926720535,0.0,0.0,1.0,0.20842220286902077,1484,781,2019,9,14,5,1,0.10842767295597486,0.9918708628498432,0.025767268248542127
2019-09-14,86,0.1610771919263389,0.01198105321816662,0.0,0.0,1.0,0.20842220286902077,1485,1913,2019,9,14,5,1,0.10289308176100631,0.9880385553361979,0.0008012014880353912
2019-09-14,85,0.838922808073661,0.018110894399554194,0.0,0.0,1.0,0.20842220286902077,1486,206,2019,9,14,5,1,0.0976100628930818,0.9864127279061665,0.0320040719887392
2019-09-15,80,0.8848233093313611,0.020897185845639456,0.0,0.0,1.0,0.20842220286902077,1487,1771,2019,9,15,6,1,0.09786163522012581,0.5783300429682963,0.7045483108787453
2019-09-15,82,0.8848233093313611,0.015324602953468934,0.0,0.0,1.0,0.20842220286902077,1488,1718,2019,9,15,6,1,0.09836477987421385,0.5777493903147137,0.03205434345465514
2019-09-15,83,0.8848233093313611,0.022568960713290613,0.0,0.0,1.0,0.20842220286902077,1489,1303,2019,9,15,6,1,0.09433962264150944,0.5790268261525955,0.028224286145183995
2019-09-15,87,0.8848233093313611,0.016717748676511563,0.0,0.0,1.0,0.20842220286902077,1490,1277,2019,9,15,6,1,0.0958490566037736,0.5768203460689816,0.18600756585562034
2019-09-15,81,0.8848233093313611,0.015881861242685986,0.0,0.0,1.0,0.20842220286902077,1491,1300,2019,9,15,6,1,0.09232704402515723,0.5772848681918477,0.02686695656545345
2019-09-15,85,0.8848233093313611,0.021175814990247982,0.0,0.0,1.0,0.20842220286902077,1492,1005,2019,9,15,6,1,0.10062893081761007,0.5768203460689816,0.03224286145183994
2019-09-16,80,0.9079987960263844,0.9991641125661745,1.0,0.0,1.0,0.20842220286902077,1493,1598,2019,9,16,0,0,0.9864150943396228,0.981419115085356,0.7158154031771566
2019-09-16,82,0.9079987960263844,0.020061298411813876,0.0,0.0,1.0,0.20842220286902077,1494,620,2019,9,16,0,0,0.9856603773584907,0.9803739403089071,0.0322805650512769
2025-03-15,83,0.9079987960263844,0.026748397882418503,0.0,0.0,1.0,0.20842220286902077,1495,1297,2025,3,15,5,1,0.9959748427672959,0.9873417721518987,0.02852591494067967
2019-09-16,84,0.9079987960263844,0.019504040122596825,0.0,0.0,1.0,0.20842220286902077,1496,393,2019,9,16,0,0,0.9932075471698116,0.9888514690512136,0.025987205911924393
2019-09-16,81,0.9079987960263844,0.018110894399554194,0.0,0.0,1.0,0.20842220286902077,1497,461,2019,9,16,0,0,0.9944654088050315,0.9879224248054814,0.02707118439573698
2019-09-16,85,0.9079987960263844,0.018946781833379774,0.0,0.0,1.0,0.20842220286902077,1498,1256,2019,9,16,0,0,0.9972327044025158,0.9888514690512136,0.03245651518198271
2019-09-17,80,0.9755230781508322,0.018668152688771245,0.0,0.0,1.0,0.20842220286902077,1499,518,2019,9,17,1,0,0.9949685534591197,0.9882708163976308,0.7160259149406797
2019-09-17,82,0.9755230781508322,0.020339927556422402,0.0,0.0,1.0,0.20842220286902077,1500,1872,2019,9,17,1,0,0.11119496855345914,0.9895482522355126,0.0325099286145184
2019-09-17,83,0.9755230781508322,0.01421008637503483,0.0,0.0,1.0,0.20842220286902077,1501,942,2019,9,17,1,0,0.1059119496855346,0.9871095110904657,0.02868615523828675
2019-09-17,84,0.9755230781508322,0.016996377821120092,0.0,0.0,1.0,0.20842220286902077,1502,1614,2019,9,17,1,0,0.09710691823899373,0.9862965973754498,0.026178865875728936
2019-09-17,81,0.9755230781508322,0.02340484814711619,0.0,0.0,1.0,0.20842220286902077,1503,1794,2019,9,17,1,0,0.10062893081761007,0.9852514225990014,0.027335109591795696
2019-09-17,85,0.9755230781508322,0.021733073279465033,0.0,0.0,1.0,0.20842220286902077,1504,1025,2019,9,17,1,0,0.10389937106918243,0.9862965973754498,0.03270158857832295
2019-09-17,87,0.09745720269675007,0.012816940651992199,0.0,0.0,1.0,0.20842220286902077,1505,671,2019,9,17,1,0,0.09836477987421385,0.5776332597839973,0.1861520963201287
2019-09-18,82,0.9025427973032499,0.017275006965728618,0.0,0.0,1.0,0.20842220286902077,1506,1147,2019,9,18,2,0,0.09710691823899373,0.5768203460689816,0.032704730544942696
2019-09-18,74,0.9025427973032499,0.021175814990247982,0.0,0.0,1.0,0.20842220286902077,1507,1330,2019,9,18,2,0,0.09786163522012581,0.5777493903147137,0.0002262215966217575
2019-09-18,84,0.9025427973032499,0.018110894399554194,0.0,0.0,1.0,0.20842220286902077,1508,1047,2019,9,18,2,0,0.10138364779874215,0.5777493903147137,0.026383093706012467
2019-09-18,81,0.9025427973032499,0.015324602953468934,0.0,0.0,1.0,0.20842220286902077,1509,1845,2019,9,18,2,0,0.09987421383647799,0.5741493438625014,0.02750791775588176
2019-09-18,85,0.9025427973032499,0.019504040122596825,0.0,0.0,1.0,0.20842220286902077,1510,1909,2019,9,18,2,0,0.09635220125786165,0.5736848217396353,0.03292152624170521
2019-09-19,80,0.8765141696258067,0.9933129005293955,1.0,0.0,1.0,0.20842220286902077,1511,586,2019,9,19,3,0,0.9735849056603775,0.9815352456160724,0.7272270259400765
2019-09-19,82,0.8765141696258067,0.023126219002507664,0.0,0.0,1.0,0.20842220286902077,1512,1327,2019,9,19,3,0,0.9828930817610064,0.979909418186041,0.032965513774381665
2019-09-19,83,0.8765141696258067,0.021454444134856508,0.0,0.0,1.0,0.20842220286902077,1513,483,2019,9,19,3,0,0.9866666666666668,0.982580420392521,0.02892808666800724
2019-09-19,84,0.8765141696258067,0.018110894399554194,0.0,0.0,1.0,0.20842220286902077,1514,723,2019,9,19,3,0,0.9838993710691826,0.981883637208222,0.026587321536295998
2019-09-19,81,0.8765141696258067,0.021175814990247982,0.0,0.0,1.0,0.20842220286902077,1515,193,2019,9,19,3,0,0.9866666666666668,0.9857159447218675,0.027746707218982505
2019-09-19,85,0.8765141696258067,0.021175814990247982,0.0,0.0,1.0,0.20842220286902077,1516,1323,2019,9,19,3,0,0.9919496855345913,0.9869933805597493,0.03316031570480595
2019-09-20,80,0.938282113137074,0.021175814990247982,0.0,0.0,1.0,0.20842220286902077,1517,1512,2019,9,20,4,0,0.9934591194968556,0.9871095110904657,0.7274658154031772
2019-09-20,82,0.938282113137074,0.01838952354416272,0.0,0.0,1.0,0.20842220286902077,1518,411,2019,9,20,4,0,0.11320754716981132,0.9883869469283475,0.03317288357128494
2019-09-20,83,0.938282113137074,0.02479799387015882,0.0,0.0,1.0,0.20842220286902077,1519,740,2019,9,20,4,0,0.11471698113207549,0.9893159911740796,0.02920772169716469
2025-03-15,87,0.938282113137074,0.013931457230426304,0.0,0.0,1.0,0.20842220286902077,1520,750,2025,3,15,5,1,0.10792452830188679,0.9881546858669144,0.18630919465111603
2019-09-20,81,0.938282113137074,0.02201170242407356,0.0,0.0,1.0,0.20842220286902077,1521,709,2019,9,20,4,0,0.11144654088050315,0.9907095575426781,0.02799492258194249
2019-09-20,85,0.938282113137074,0.01783226525494567,0.0,0.0,1.0,0.20842220286902077,1522,1591,2019,9,20,4,0,0.10842767295597486,0.9893159911740796,0.03336140156846974
2019-09-21,80,0.8426268869427302,0.019504040122596825,0.0,0.0,1.0,0.20842220286902077,1523,2000,2019,9,21,5,1,0.1069182389937107,0.5810010451747765,0.7276857530665595
2019-09-21,82,0.8426268869427302,0.015603232098077461,0.0,0.0,1.0,0.20842220286902077,1524,34,2019,9,21,5,1,0.1018867924528302,0.5791429566833122,0.03334883370199075
2019-09-21,83,0.1573731130572698,0.011145165784341042,0.0,0.0,1.0,0.20842220286902077,1525,1017,2019,9,21,5,1,0.09534591194968556,0.5726396469631867,0.029333400361954556
2019-09-21,84,0.8426268869427302,0.02340484814711619,0.0,0.0,1.0,0.20842220286902077,1526,623,2019,9,21,5,1,0.09408805031446543,0.5742654743932181,0.026851246732354714
2019-09-21,81,0.8426268869427302,0.020897185845639456,0.0,0.0,1.0,0.20842220286902077,1527,164,2019,9,21,5,1,0.10037735849056606,0.5754267797003834,0.028230570078423486
2019-09-21,85,0.8426268869427302,0.017275006965728618,0.0,0.0,1.0,0.20842220286902077,1528,1864,2019,9,21,5,1,0.09610062893081764,0.5747299965160841,0.03355620349889403
2019-09-21,75,0.8658524302860946,0.9908052382279187,1.0,0.0,1.0,0.20842220286902077,1529,1516,2019,9,21,5,1,0.9745911949685537,0.979909418186041,0.011160265433340037
2019-09-22,82,0.8658524302860946,0.021175814990247982,0.0,0.0,1.0,0.20842220286902077,1530,1793,2019,9,22,6,1,0.9761006289308177,0.9802578097781907,0.0335876231650915
2019-09-22,83,0.8658524302860946,0.016160490387294512,0.0,0.0,1.0,0.20842220286902077,1531,1252,2019,9,22,6,1,0.9766037735849058,0.9810707234932063,0.02951563442589986
2019-09-22,84,0.8658524302860946,0.016996377821120092,0.0,0.0,1.0,0.20842220286902077,1532,202,2019,9,22,6,1,0.9818867924528304,0.9810707234932063,0.02704290669615926
2019-09-22,81,0.8658524302860946,0.019504040122596825,0.0,0.0,1.0,0.20842220286902077,1533,148,2019,9,22,6,1,0.978364779874214,0.979444896063175,0.028450507741805752
2019-09-22,85,0.8658524302860946,0.015881861242685986,0.0,0.0,1.0,0.20842220286902077,1534,158,2019,9,22,6,1,0.9738364779874216,0.9770061549181279,0.033735295596219586
2019-09-22,87,0.8439783787452158,0.02061855670103093,0.0,0.0,1.0,0.20842220286902077,1535,1015,2019,9,22,6,1,0.9768553459119498,0.9802578097781907,0.18654170018097727
2019-09-23,82,0.8439783787452158,0.015603232098077461,0.0,0.0,1.0,0.20842220286902077,1536,954,2019,9,23,0,0,0.09635220125786165,0.9795610265938914,0.03376357329579731
2019-09-23,83,0.8439783787452158,0.01838952354416272,0.0,0.0,1.0,0.20842220286902077,1537,1485,2019,9,23,0,0,0.0938364779874214,0.9783997212867261,0.029723004222803138
2019-09-23,84,0.8439783787452158,0.018668152688771245,0.0,0.0,1.0,0.20842220286902077,1538,89,2019,9,23,0,0,0.09610062893081764,0.9786319823481593,0.027253418459682283
2019-09-23,81,0.8439783787452158,0.02284758985789914,0.0,0.0,1.0,0.20842220286902077,1539,819,2019,9,23,0,0,0.10138364779874215,0.9817675066775056,0.028708149004624976
2019-09-23,85,0.8439783787452158,0.021454444134856508,0.0,0.0,1.0,0.20842220286902077,1540,1030,2019,9,23,0,0,0.10314465408805035,0.982580420392521,0.03397722702594008
2019-09-24,80,0.9233656969316897,0.022290331568682084,0.0,0.0,1.0,0.20842220286902077,1541,1218,2019,9,24,1,0,0.1089308176100629,0.5778655208454302,0.7279371103961392
2019-09-24,82,0.9233656969316897,0.022290331568682084,0.0,0.0,1.0,0.20842220286902077,1542,746,2019,9,24,1,0,0.11044025157232706,0.5775171292532808,0.03401493062537704
2019-09-24,83,0.9233656969316897,0.01783226525494567,0.0,0.0,1.0,0.20842220286902077,1543,1978,2019,9,24,1,0,0.11245283018867924,0.5760074323539659,0.02992409008646692
2019-09-24,84,0.9233656969316897,0.018946781833379774,0.0,0.0,1.0,0.20842220286902077,1544,965,2019,9,24,1,0,0.11295597484276731,0.5763558239461155,0.027467072189825054
2025-03-15,81,0.07663430306831037,0.009752020061298413,0.0,0.0,1.0,0.20842220286902077,1545,1897,2025,3,15,5,1,0.10490566037735852,0.5715944721867379,0.028818117836316107
2019-09-24,85,0.9233656969316897,0.015603232098077461,0.0,0.0,1.0,0.20842220286902077,1546,590,2019,9,24,1,0,0.09836477987421385,0.5692718615724073,0.03415317715664589
2019-09-25,80,0.9712183320692449,0.9952633045416551,1.0,0.0,1.0,0.20842220286902077,1547,1197,2019,9,25,2,0,0.9776100628930819,0.9752641969573801,0.7391602151618741
2019-09-25,82,0.9712183320692449,0.0192254109779883,0.0,0.0,1.0,0.20842220286902077,1548,1784,2019,9,25,2,0,0.9748427672955977,0.9756125885495297,0.034231726322139555
2019-09-25,83,0.9712183320692449,0.020339927556422402,0.0,0.0,1.0,0.20842220286902077,1549,1995,2019,9,25,2,0,0.9730817610062895,0.9737545000580654,0.030153453649708426
2019-09-25,87,0.9712183320692449,0.022568960713290613,0.0,0.0,1.0,0.20842220286902077,1550,1190,2019,9,25,2,0,0.977358490566038,0.9773545465102775,0.18679619947717677
2019-09-25,76,0.9712183320692449,0.02284758985789914,0.0,0.0,1.0,0.20842220286902077,1551,651,2019,9,25,2,0,0.9808805031446542,0.9777029381024271,0.00024507339634023727
2019-09-25,85,0.9712183320692449,0.025076623014767346,0.0,0.0,1.0,0.20842220286902077,1552,328,2019,9,25,2,0,0.9947169811320755,0.9807223319010567,0.034435954152423086
2019-09-26,80,0.9443387665051524,0.016439119531903038,0.0,0.0,1.0,0.20842220286902077,1553,1873,2019,9,26,3,0,0.9954716981132077,0.979444896063175,0.7393455911924393
2019-09-26,82,0.9443387665051524,0.016439119531903038,0.0,0.0,1.0,0.20842220286902077,1554,480,2019,9,26,3,0,0.11169811320754719,0.9797932876553246,0.03441710235270461
2019-09-26,83,0.9443387665051524,0.02201170242407356,0.0,0.0,1.0,0.20842220286902077,1555,1114,2019,9,26,3,0,0.11421383647798741,0.9843223783532691,0.03040166901266841
2019-09-26,84,0.9443387665051524,0.019504040122596825,0.0,0.0,1.0,0.20842220286902077,1556,119,2019,9,26,3,0,0.11345911949685536,0.9826965509232377,0.02768700985320732
2019-09-26,81,0.9443387665051524,0.018946781833379774,0.0,0.0,1.0,0.20842220286902077,1557,1989,2019,9,26,3,0,0.11018867924528303,0.981883637208222,0.029031771566458878
2019-09-26,85,0.9443387665051524,0.016439119531903038,0.0,0.0,1.0,0.20842220286902077,1558,573,2019,9,26,3,0,0.10440251572327044,0.9815352456160724,0.03462133018298814
2019-09-27,80,0.9547001659548184,0.02201170242407356,0.0,0.0,1.0,0.20842220286902077,1559,31,2019,9,27,4,0,0.10163522012578619,0.5777493903147137,0.7395938065553992
2019-09-27,82,0.9547001659548184,0.017275006965728618,0.0,0.0,1.0,0.20842220286902077,1560,2008,2019,9,27,4,0,0.10238993710691827,0.5761235628846824,0.0346119042831289
2019-09-27,83,0.9547001659548184,0.018668152688771245,0.0,0.0,1.0,0.20842220286902077,1561,1589,2019,9,27,4,0,0.10440251572327044,0.5771687376611312,0.030612180776191433
2019-09-27,84,0.9547001659548184,0.022568960713290613,0.0,0.0,1.0,0.20842220286902077,1562,1929,2019,9,27,4,0,0.10490566037735852,0.5794913482754616,0.027941509149406796
2019-09-27,81,0.9547001659548184,0.02061855670103093,0.0,0.0,1.0,0.20842220286902077,1563,536,2019,9,27,4,0,0.1059119496855346,0.5799558703983276,0.029264277096320127
2019-09-27,85,0.9547001659548184,0.021175814990247982,0.0,0.0,1.0,0.20842220286902077,1564,1837,2019,9,27,4,0,0.10792452830188679,0.5821623504819418,0.034860119646088886
2019-09-27,87,0.0,0.9832822513234886,1.0,0.0,1.0,0.20842220286902077,1565,2027,2019,9,27,4,0,0.9808805031446542,0.9833933341075369,0.19788419967826262
2019-09-28,82,1.0,0.0192254109779883,0.0,0.0,1.0,0.20842220286902077,1566,859,2019,9,28,5,1,0.978364779874214,0.9849030310068516,0.034828699979891416
2019-09-28,83,1.0,0.016439119531903038,0.0,0.0,1.0,0.20842220286902077,1567,318,2019,9,28,5,1,0.9776100628930819,0.9840901172918359,0.030797556806756485
2019-09-28,84,1.0,0.021175814990247982,0.0,0.0,1.0,0.20842220286902077,1568,1646,2019,9,28,5,1,0.9798742138364782,0.9851352920682848,0.02818029861250754
2019-09-28,81,1.0,0.013374198941209251,0.0,0.0,1.0,0.20842220286902077,1569,1749,2019,9,28,5,1,0.9715723270440253,0.9811868540239228,0.029415091494067968
2025-03-15,85,1.0,0.01838952354416272,0.0,0.0,1.0,0.20842220286902077,1570,760,2025,3,15,5,1,0.9695597484276731,0.979909418186041,0.035067489442992164
2019-09-29,80,0.9977475262300985,0.016439119531903038,0.0,0.0,1.0,0.20842220286902077,1571,628,2019,9,29,6,1,0.9652830188679247,0.977470677040994,0.7397791825859642
2019-09-29,82,0.9977475262300985,0.02201170242407356,0.0,0.0,1.0,0.20842220286902077,1572,196,2019,9,29,6,1,0.09735849056603774,0.9773545465102775,0.0350769153428514
2019-09-29,77,0.9977475262300985,0.0192254109779883,0.0,0.0,1.0,0.20842220286902077,1573,2093,2019,9,29,6,1,0.09735849056603774,0.9779351991638601,0.00020422783028353108
2019-09-29,84,0.9977475262300985,0.027305656171635554,0.0,0.0,1.0,0.20842220286902077,1574,1325,2019,9,29,6,1,0.10716981132075473,0.981419115085356,0.02848821134124271
2019-09-29,81,0.9977475262300985,0.010030649205906938,0.0,0.0,1.0,0.20842220286902077,1575,2116,2019,9,29,6,1,0.09710691823899373,0.9815352456160724,0.029528202292378847
2019-09-29,85,0.9977475262300985,0.018946781833379774,0.0,0.0,1.0,0.20842220286902077,1576,1484,2019,9,29,6,1,0.10213836477987423,0.9829288119846709,0.03528114317313493
2019-09-30,80,0.9010912047716566,0.021733073279465033,0.0,0.0,1.0,0.20842220286902077,1577,1723,2019,9,30,0,0,0.10515723270440253,0.5771687376611312,0.7400242559823045
2019-09-30,82,0.9010912047716566,0.014767344664251883,0.0,0.0,1.0,0.20842220286902077,1578,1983,2019,9,30,0,0,0.10364779874213836,0.5753106491696667,0.03524343957369797
2019-09-30,83,0.9010912047716566,0.01838952354416272,0.0,0.0,1.0,0.20842220286902077,1579,1107,2019,9,30,0,0,0.10037735849056606,0.574497735454651,0.031004926603659763
2019-09-30,87,0.9010912047716566,0.018668152688771245,0.0,0.0,1.0,0.20842220286902077,1580,1378,2019,9,30,0,0,0.09987421383647799,0.5728719080246196,0.19809471144178564
2019-09-30,81,0.9010912047716566,0.018946781833379774,0.0,0.0,1.0,0.20842220286902077,1581,449,2019,9,30,0,0,0.09232704402515723,0.5712460805945883,0.029741856022521617
2019-09-30,85,0.9010912047716566,0.016996377821120092,0.0,0.0,1.0,0.20842220286902077,1582,141,2019,9,30,0,0,0.09861635220125789,0.5678782952038091,0.03547280313693948
2019-10-01,80,0.9331264417364115,0.9921983839509614,1.0,0.0,1.0,0.3129870023169069,1583,1927,2019,10,1,1,0,0.977358490566038,0.9745674137730809,0.7512127991152222
2019-10-01,82,0.9331264417364115,0.016717748676511563,0.0,0.0,1.0,0.3129870023169069,1584,120,2019,10,1,1,0,0.9728301886792455,0.9746835443037976,0.03543195757088277
2019-10-01,83,0.06687355826358854,0.014488715519643355,0.0,0.0,1.0,0.3129870023169069,1585,2013,2019,10,1,1,0,0.9725786163522013,0.9715480199744513,0.031168308867886588
2019-10-01,84,0.9331264417364115,0.017553636110337143,0.0,0.0,1.0,0.3129870023169069,1586,331,2019,10,1,1,0,0.9718238993710693,0.9707351062594356,0.02868615523828675
2019-10-01,81,0.9331264417364115,0.016439119531903038,0.0,0.0,1.0,0.3129870023169069,1587,1866,2019,10,1,1,0,0.9698113207547171,0.9696899314829868,0.02992723205308667
2019-10-01,85,0.9331264417364115,0.015881861242685986,0.0,0.0,1.0,0.3129870023169069,1588,762,2019,10,1,1,0,0.9670440251572329,0.9694576704215538,0.035651895234265034
2019-10-02,80,0.9854840244137698,0.019504040122596825,0.0,0.0,1.0,0.3129870023169069,1589,1230,2019,10,2,2,0,0.9693081761006291,0.968412495645105,0.7514327367786046
2019-10-02,82,0.9854840244137698,0.022568960713290613,0.0,0.0,1.0,0.3129870023169069,1590,491,2019,10,2,2,0,0.0938364779874214,0.9706189757287189,0.035686456867082245
2019-10-02,83,0.9854840244137698,0.016996377821120092,0.0,0.0,1.0,0.3129870023169069,1591,1439,2019,10,2,2,0,0.09408805031446543,0.9699221925444199,0.031359968831691135
2019-10-02,84,0.9854840244137698,0.021454444134856508,0.0,0.0,1.0,0.3129870023169069,1592,1954,2019,10,2,2,0,0.10037735849056606,0.9694576704215538,0.02892808666800724
2019-10-02,81,0.9854840244137698,0.018668152688771245,0.0,0.0,1.0,0.3129870023169069,1593,504,2019,10,2,2,0,0.10138364779874215,0.9686447567065382,0.03013774381660969
2019-10-02,85,0.9854840244137698,0.014767344664251883,0.0,0.0,1.0,0.3129870023169069,1594,97,2019,10,2,2,0,0.09987421383647799,0.965973754500058,0.035818419465111606
2019-10-03,82,0.8222044279334446,0.021175814990247982,0.0,0.0,1.0,0.3129870023169069,1595,1184,2019,10,3,3,0,0.10465408805031448,0.5649750319358959,0.03592524633018299
2019-10-03,83,0.8222044279334446,0.01838952354416272,0.0,0.0,1.0,0.3129870023169069,1596,1417,2019,10,3,3,0,0.10364779874213836,0.5646266403437463,0.03156733862859441
2019-10-03,84,0.8222044279334446,0.01783226525494567,0.0,0.0,1.0,0.3129870023169069,1597,1053,2019,10,3,3,0,0.09937106918238997,0.5652072929973291,0.029129172531671025
2019-10-03,81,0.8222044279334446,0.016996377821120092,0.0,0.0,1.0,0.3129870023169069,1598,828,2019,10,3,3,0,0.09937106918238997,0.5634653350365812,0.030329403780414238
2019-10-03,85,0.8222044279334446,0.02061855670103093,0.0,0.0,1.0,0.3129870023169069,1599,244,2019,10,3,3,0,0.09861635220125789,0.5664847288352108,0.03605092499497286
2019-10-04,80,0.8620983073362587,0.9919197548063529,1.0,0.0,1.0,0.3129870023169069,1600,1044,2019,10,4,4,0,0.977358490566038,0.9722448031587505,0.7626181379449025
2019-10-04,82,0.8620983073362587,0.020897185845639456,0.0,0.0,1.0,0.3129870023169069,1601,787,2019,10,4,4,0,0.9828930817610064,0.9741028916502148,0.03616089382666399
2019-10-04,83,0.8620983073362587,0.020897185845639456,0.0,0.0,1.0,0.3129870023169069,1602,345,2019,10,4,4,0,0.9826415094339624,0.9736383695273487,0.031802986125075414
2019-10-04,84,0.8620983073362587,0.017553636110337143,0.0,0.0,1.0,0.3129870023169069,1603,1654,2019,10,4,4,0,0.9818867924528304,0.9729415863430495,0.02932711642871506
2019-10-04,81,0.13790169266374136,0.011145165784341042,0.0,0.0,1.0,0.3129870023169069,1604,1276,2019,10,4,4,0,0.9758490566037737,0.9662060155614911,0.0304550824452041
2019-10-04,85,0.8620983073362587,0.021733073279465033,0.0,0.0,1.0,0.3129870023169069,1605,761,2019,10,4,4,0,0.9801257861635222,0.971083497851585,0.036295998391313096
2019-10-05,80,0.9042947171573152,0.023126219002507664,0.0,0.0,1.0,0.3129870023169069,1606,230,2019,10,5,5,1,0.9823899371069184,0.972825455812333,0.7628789211743415
2019-10-05,82,0.9042947171573152,0.016439119531903038,0.0,0.0,1.0,0.3129870023169069,1607,1815,2019,10,5,5,1,0.10163522012578619,0.9706189757287189,0.03634626985722904
2019-10-05,83,0.9042947171573152,0.018946781833379774,0.0,0.0,1.0,0.3129870023169069,1608,1760,2019,10,5,5,1,0.09987421383647799,0.972360933689467,0.03201663985521818
2019-10-05,87,0.9042947171573152,0.013374198941209251,0.0,0.0,1.0,0.3129870023169069,1609,1035,2019,10,5,5,1,0.09308176100628932,0.9702705841365695,0.19824552583953348
2019-10-05,81,0.9042947171573152,0.016996377821120092,0.0,0.0,1.0,0.3129870023169069,1610,1228,2019,10,5,5,1,0.09257861635220127,0.9695738009522705,0.030646742409008648
2019-10-05,85,0.9042947171573152,0.022290331568682084,0.0,0.0,1.0,0.3129870023169069,1611,1890,2019,10,5,5,1,0.10264150943396227,0.9709673673208687,0.03654735572089283
2019-10-06,80,0.8824206656164364,0.017553636110337143,0.0,0.0,1.0,0.3129870023169069,1612,445,2019,10,6,6,1,0.0988679245283019,0.9711996283823017,0.7630768650713855
2019-10-06,82,0.8824206656164364,0.023683477291724715,0.0,0.0,1.0,0.3129870023169069,1613,857,2019,10,6,6,1,0.09937106918238997,0.5675299036116594,0.0366133370199075
2019-10-06,83,0.8824206656164364,0.01978266926720535,0.0,0.0,1.0,0.3129870023169069,1614,142,2019,10,6,6,1,0.10238993710691827,0.5688073394495412,0.03223971948522019
2019-10-06,84,0.8824206656164364,0.02061855670103093,0.0,0.0,1.0,0.3129870023169069,1615,1767,2019,10,6,6,1,0.10389937106918243,0.5713622111253047,0.029559621958576313
2019-10-06,12,0.8824206656164364,0.016439119531903038,0.0,0.0,1.0,0.3129870023169069,1616,809,2019,10,6,6,1,0.10666666666666669,0.5708976890024386,0.00017280816408606477
2019-10-06,85,0.8824206656164364,0.018946781833379774,0.0,0.0,1.0,0.3129870023169069,1617,8,2019,10,6,6,1,0.10842767295597486,0.5719428637788875,0.036761009451035595
2019-10-07,80,0.9137050779912241,0.9958205628308722,1.0,0.0,1.0,0.3129870023169069,1618,826,2019,10,7,0,0,0.987421383647799,0.9803739403089071,0.77430625377036
2025-03-15,82,0.9137050779912241,0.02396210643633324,0.0,0.0,1.0,0.3129870023169069,1619,1971,2025,3,15,5,1,0.9932075471698116,0.9822320288003716,0.03688354614920571
2019-10-07,83,0.9137050779912241,0.021175814990247982,0.0,0.0,1.0,0.3129870023169069,1620,887,2019,10,7,0,0,0.9909433962264151,0.9816513761467889,0.03247850894832094
2019-10-07,84,0.9137050779912241,0.019504040122596825,0.0,0.0,1.0,0.3129870023169069,1621,357,2019,10,7,0,0,0.9906918238993712,0.9826965509232377,0.029779559621958576
2019-10-07,81,0.9137050779912241,0.016160490387294512,0.0,0.0,1.0,0.3129870023169069,1622,1289,2019,10,7,0,0,0.9866666666666668,0.9804900708396238,0.03082897647295395
2019-10-07,85,0.9137050779912241,0.017553636110337143,0.0,0.0,1.0,0.3129870023169069,1623,287,2019,10,7,0,0,0.987672955974843,0.9800255487167577,0.03695895334807963
2019-10-07,87,0.12779057645578068,0.008916132627472834,0.0,0.0,1.0,0.3129870023169069,1624,427,2019,10,7,0,0,0.978616352201258,0.9775868075717105,0.19834606877136537
2019-10-08,82,0.8722094235442193,0.015881861242685986,0.0,0.0,1.0,0.3129870023169069,1625,24,2019,10,8,1,0,0.0938364779874214,0.9753803274880966,0.03706263824653127
2019-10-08,83,0.8722094235442193,0.016439119531903038,0.0,0.0,1.0,0.3129870023169069,1626,770,2019,10,8,1,0,0.08704402515723272,0.9745674137730809,0.03266388497888599
2019-10-08,84,0.8722094235442193,0.01838952354416272,0.0,0.0,1.0,0.3129870023169069,1627,898,2019,10,8,1,0,0.08452830188679247,0.974799674834514,0.029986929418861854
2019-10-08,81,0.8722094235442193,0.018946781833379774,0.0,0.0,1.0,0.3129870023169069,1628,130,2019,10,8,1,0,0.0840251572327044,0.9756125885495297,0.03104263020309672
2019-10-08,85,0.8722094235442193,0.0192254109779883,0.0,0.0,1.0,0.3129870023169069,1629,1892,2019,10,8,1,0,0.08679245283018869,0.9750319358959472,0.03717574904484215
2019-10-09,80,0.8030333348623881,0.020897185845639456,0.0,0.0,1.0,0.3129870023169069,1630,419,2019,10,9,2,0,0.08981132075471698,0.5703170363488561,0.774541901266841
2019-10-09,82,0.8030333348623881,0.01978266926720535,0.0,0.0,1.0,0.3129870023169069,1631,300,2019,10,9,2,0,0.09962264150943398,0.56985251422599,0.037285717876533286
2019-10-09,83,0.8030333348623881,0.020061298411813876,0.0,0.0,1.0,0.3129870023169069,1632,668,2019,10,9,2,0,0.10339622641509436,0.5695041226338404,0.03289010657550775
2019-10-09,84,0.8030333348623881,0.014767344664251883,0.0,0.0,1.0,0.3129870023169069,1633,997,2019,10,9,2,0,0.1018867924528302,0.5683428173266751,0.030153453649708426
2019-10-09,81,0.8030333348623881,0.02284758985789914,0.0,0.0,1.0,0.3129870023169069,1634,1110,2019,10,9,2,0,0.1059119496855346,0.5732202996167692,0.03130027146591595
2019-10-09,85,0.8030333348623881,0.018110894399554194,0.0,0.0,1.0,0.3129870023169069,1635,288,2019,10,9,2,0,0.10515723270440253,0.5717106027174546,0.03737997687512568
2019-10-10,80,0.8901791947578135,0.9933129005293955,1.0,0.0,1.0,0.3129870023169069,1636,1507,2019,10,10,3,0,0.9846540880503145,0.9760771106723958,0.7857430122662378
2019-10-10,82,0.8901791947578135,0.021175814990247982,0.0,0.0,1.0,0.3129870023169069,1637,1155,2019,10,10,3,0,0.9849056603773585,0.9780513296945765,0.03752450733963403
2019-10-10,7,0.8901791947578135,0.015324602953468934,0.0,0.0,1.0,0.3129870023169069,1638,366,2019,10,10,3,0,0.9808805031446542,0.9765416327952618,0.00016024029760707825
2019-10-10,87,0.8901791947578135,0.02340484814711619,0.0,0.0,1.0,0.3129870023169069,1639,1002,2019,10,10,3,0,0.9838993710691826,0.9807223319010567,0.1986099939674241
2019-10-10,81,0.8901791947578135,0.013652828085817777,0.0,0.0,1.0,0.3129870023169069,1640,2105,2019,10,10,3,0,0.9828930817610064,0.9793287655324585,0.03145422783028354
2019-10-10,85,0.8901791947578135,0.015881861242685986,0.0,0.0,1.0,0.3129870023169069,1641,2044,2019,10,10,3,0,0.9766037735849058,0.9766577633259783,0.03755906897245124
2019-10-11,80,0.9740714730516646,0.020339927556422402,0.0,0.0,1.0,0.3129870023169069,1642,1804,2019,10,11,4,0,0.978616352201258,0.9778190686331436,0.7859723758294792
2019-10-11,82,0.9740714730516646,0.02702702702702703,0.0,0.0,1.0,0.3129870023169069,1643,1721,2019,10,11,4,0,0.10616352201257861,0.979212635001742,0.03782927810174945
2025-03-15,83,0.025928526948335306,0.013374198941209251,0.0,0.0,1.0,0.3129870023169069,1644,836,2025,3,15,5,1,0.09911949685534593,0.9765416327952618,0.03304092097325558
2019-10-11,84,0.9740714730516646,0.01838952354416272,0.0,0.0,1.0,0.3129870023169069,1645,2076,2019,10,11,4,0,0.1018867924528302,0.9756125885495297,0.030360823446611705
2019-10-11,81,0.9740714730516646,0.02201170242407356,0.0,0.0,1.0,0.3129870023169069,1646,706,2019,10,11,4,0,0.10062893081761007,0.9779351991638601,0.031702443193243515
2019-10-11,85,0.9740714730516646,0.019504040122596825,0.0,0.0,1.0,0.3129870023169069,1647,1797,2019,10,11,4,0,0.1059119496855346,0.9781674602252932,0.03777900663583351
2019-10-12,80,0.9487936699641888,0.021733073279465033,0.0,0.0,1.0,0.3129870023169069,1648,464,2019,10,12,5,1,0.11119496855345914,0.5721751248403206,0.7862174492258195
2019-10-12,82,0.9487936699641888,0.018946781833379774,0.0,0.0,1.0,0.3129870023169069,1649,1479,2019,10,12,5,1,0.10993710691823902,0.5700847752874232,0.038042931831892224
2019-10-12,83,0.9487936699641888,0.016996377821120092,0.0,0.0,1.0,0.3129870023169069,1650,52,2019,10,12,5,1,0.1008805031446541,0.5683428173266751,0.03323258093706013
2019-10-12,84,0.9487936699641888,0.025076623014767346,0.0,0.0,1.0,0.3129870023169069,1651,1828,2019,10,12,5,1,0.11144654088050315,0.5706654279410057,0.0306436004423889
2019-10-12,81,0.9487936699641888,0.02061855670103093,0.0,0.0,1.0,0.3129870023169069,1652,1988,2019,10,12,5,1,0.11345911949685536,0.57252351643247,0.03193494872310477
2019-10-12,85,0.9487936699641888,0.018110894399554194,0.0,0.0,1.0,0.3129870023169069,1653,46,2019,10,12,5,1,0.10993710691823902,0.5727557774939032,0.03798323446611704
2019-10-12,87,0.8614475960429735,0.9955419336862636,1.0,0.0,1.0,0.3129870023169069,1654,980,2019,10,12,5,1,0.9911949685534591,0.9839739867611195,0.2098362406997788
2019-10-13,82,0.8614475960429735,0.021175814990247982,0.0,0.0,1.0,0.3129870023169069,1655,1703,2019,10,13,6,1,0.9906918238993712,0.9861804668447336,0.038281721294992965
2019-10-13,83,0.8614475960429735,0.01978266926720535,0.0,0.0,1.0,0.3129870023169069,1656,1066,2019,10,13,6,1,0.9914465408805033,0.9875740332133318,0.03345566056706214
2019-10-13,84,0.8614475960429735,0.012538311507383673,0.0,0.0,1.0,0.3129870023169069,1657,2045,2019,10,13,6,1,0.987421383647799,0.9851352920682848,0.030784988940277497
2019-10-13,81,0.8614475960429735,0.021733073279465033,0.0,0.0,1.0,0.3129870023169069,1658,982,2019,10,13,6,1,0.9844025157232708,0.9862965973754498,0.032180022119445005
2019-10-13,85,0.8614475960429735,0.02201170242407356,0.0,0.0,1.0,0.3129870023169069,1659,624,2019,10,13,6,1,0.9856603773584907,0.9874579026826154,0.038231449829077016
2019-10-13,8,0.838922808073661,0.011145165784341042,0.0,0.0,1.0,0.3129870023169069,1660,408,2019,10,13,6,1,0.9793710691823901,0.9833933341075369,0.00011311079831087874
2019-10-14,82,0.838922808073661,0.020897185845639456,0.0,0.0,1.0,0.3129870023169069,1661,41,2019,10,14,0,0,0.09937106918238997,0.983857856230403,0.038517368791473966
2019-10-14,83,0.838922808073661,0.02061855670103093,0.0,0.0,1.0,0.3129870023169069,1662,611,2019,10,14,0,0,0.0988679245283019,0.9840901172918359,0.03368816609692339
2019-10-14,84,0.838922808073661,0.015603232098077461,0.0,0.0,1.0,0.3129870023169069,1663,1590,2019,10,14,0,0,0.09509433962264152,0.9844385088839855,0.03096093907098331
2019-10-14,81,0.1610771919263389,0.010030649205906938,0.0,0.0,1.0,0.3129870023169069,1664,398,2019,10,14,0,0,0.0928301886792453,0.9790965044710254,0.03229313291775589
2019-10-14,85,0.838922808073661,0.024519364725550295,0.0,0.0,1.0,0.3129870023169069,1665,496,2019,10,14,0,0,0.09534591194968556,0.9817675066775056,0.03850794289161472
2019-10-15,80,0.8848233093313611,0.01838952354416272,0.0,0.0,1.0,0.3129870023169069,1666,1952,2019,10,15,1,0,0.09207547169811323,0.5754267797003834,0.7864248190227228
2019-10-15,82,0.8848233093313611,0.015881861242685986,0.0,0.0,1.0,0.3129870023169069,1667,1511,2019,10,15,1,0,0.09635220125786165,0.5732202996167692,0.03869646088879952
2019-10-15,83,0.8848233093313611,0.018946781833379774,0.0,0.0,1.0,0.3129870023169069,1668,1962,2019,10,15,1,0,0.09459119496855348,0.5747299965160841,0.03390181982706616
2025-03-15,87,0.8848233093313611,0.01783226525494567,0.0,0.0,1.0,0.3129870023169069,1669,2061,2025,3,15,5,1,0.09207547169811323,0.5724073859017536,0.2100373265634426
2019-10-15,81,0.8848233093313611,0.01978266926720535,0.0,0.0,1.0,0.3129870023169069,1670,1101,2019,10,15,1,0,0.0958490566037736,0.5749622575775173,0.0325162125477579
2019-10-15,85,0.8848233093313611,0.018668152688771245,0.0,0.0,1.0,0.3129870023169069,1671,2051,2019,10,15,1,0,0.10364779874213836,0.5761235628846824,0.03871845465513775
2019-10-16,80,0.9079987960263844,0.9980495959877403,1.0,0.0,1.0,0.3129870023169069,1672,1875,2019,10,16,2,0,0.9826415094339624,0.9836255951689699,0.7976793434546552
2019-10-16,82,0.9079987960263844,0.016439119531903038,0.0,0.0,1.0,0.3129870023169069,1673,1577,2019,10,16,2,0,0.9808805031446542,0.979212635001742,0.038881836919364574
2019-10-16,83,0.9079987960263844,0.024519364725550295,0.0,0.0,1.0,0.3129870023169069,1674,253,2019,10,16,2,0,0.9886792452830191,0.983857856230403,0.034178312889603865
2019-10-16,84,0.9079987960263844,0.026748397882418503,0.0,0.0,1.0,0.3129870023169069,1675,1364,2019,10,16,2,0,0.9957232704402519,0.9873417721518987,0.03126256786647899
2019-10-16,81,0.9079987960263844,0.02061855670103093,0.0,0.0,1.0,0.3129870023169069,1676,1490,2019,10,16,2,0,0.9982389937106919,0.9867611194983159,0.03274871807761915
2019-10-16,85,0.9079987960263844,0.021733073279465033,0.0,0.0,1.0,0.3129870023169069,1677,73,2019,10,16,2,0,1.0,0.9876901637440483,0.038963528051477986
2019-10-17,80,0.9755230781508322,0.018668152688771245,0.0,0.0,1.0,0.3129870023169069,1678,205,2019,10,17,3,0,1.0,0.9864127279061665,0.7978898552181782
2019-10-17,82,0.9755230781508322,0.025633881303984397,0.0,0.0,1.0,0.3129870023169069,1679,1778,2019,10,17,3,0,0.1220125786163522,0.9891998606433632,0.039170897848381264
2019-10-17,83,0.9755230781508322,0.018110894399554194,0.0,0.0,1.0,0.3129870023169069,1680,1229,2019,10,17,3,0,0.12352201257861636,0.9896643827662293,0.034382540719887396
2019-10-17,84,0.9755230781508322,0.016160490387294512,0.0,0.0,1.0,0.3129870023169069,1681,1790,2019,10,17,3,0,0.11597484276729561,0.9859482057833004,0.031444801930424295
2019-10-17,9,0.9755230781508322,0.017275006965728618,0.0,0.0,1.0,0.3129870023169069,1682,453,2019,10,17,3,0,0.10742138364779877,0.984554639414702,0.00018223406394530465
2019-10-17,85,0.9755230781508322,0.020061298411813876,0.0,0.0,1.0,0.3129870023169069,1683,279,2019,10,17,3,0,0.1069182389937107,0.9853675531297177,0.03918974964809974
2019-10-17,87,0.09745720269675007,0.011702424073558095,0.0,0.0,1.0,0.3129870023169069,1684,286,2019,10,17,3,0,0.09786163522012581,0.5753106491696667,0.21016928916147196
2019-10-18,82,0.9025427973032499,0.02396210643633324,0.0,0.0,1.0,0.3129870023169069,1685,344,2019,10,18,4,0,0.10264150943396227,0.576471954476832,0.039441106977679476
2019-10-18,83,0.9025427973032499,0.0192254109779883,0.0,0.0,1.0,0.3129870023169069,1686,1628,2019,10,18,4,0,0.09685534591194972,0.5762396934153988,0.03459933641664991
2019-10-18,84,0.9025427973032499,0.017553636110337143,0.0,0.0,1.0,0.3129870023169069,1687,1381,2019,10,18,4,0,0.09635220125786165,0.5783300429682963,0.03164274582746833
2019-10-18,81,0.9025427973032499,0.015881861242685986,0.0,0.0,1.0,0.3129870023169069,1688,715,2019,10,18,4,0,0.09610062893081764,0.5758913018232494,0.032927810174944706
2019-10-18,85,0.9025427973032499,0.023126219002507664,0.0,0.0,1.0,0.3129870023169069,1689,35,2019,10,18,4,0,0.10138364779874215,0.5763558239461155,0.03945053287753871
2019-10-19,80,0.8765141696258067,0.993591529674004,1.0,0.0,1.0,0.3129870023169069,1690,1127,2019,10,19,5,1,0.9803773584905662,0.9858320752525838,0.8090941081841947
2019-10-19,82,0.8765141696258067,0.021175814990247982,0.0,0.0,1.0,0.3129870023169069,1691,801,2019,10,19,5,1,0.9889308176100631,0.9859482057833004,0.03967989644078022
2019-10-19,83,0.8765141696258067,0.018110894399554194,0.0,0.0,1.0,0.3129870023169069,1692,1509,2019,10,19,5,1,0.9836477987421386,0.9849030310068516,0.03480356424693344
2019-10-19,84,0.8765141696258067,0.01421008637503483,0.0,0.0,1.0,0.3129870023169069,1693,1728,2019,10,19,5,1,0.9791194968553462,0.9843223783532691,0.031802986125075414
2025-03-15,81,0.8765141696258067,0.023683477291724715,0.0,0.0,1.0,0.3129870023169069,1694,1121,2025,3,15,5,1,0.9846540880503145,0.9900127743583786,0.03319487733762317
2019-10-19,85,0.8765141696258067,0.016439119531903038,0.0,0.0,1.0,0.3129870023169069,1695,1036,2019,10,19,5,1,0.9851572327044027,0.9866449889675997,0.03963590890810376
2019-10-20,80,0.938282113137074,0.017553636110337143,0.0,0.0,1.0,0.3129870023169069,1696,2100,2019,10,20,6,1,0.9801257861635222,0.9862965973754498,0.8092920520812388
2019-10-20,82,0.938282113137074,0.020897185845639456,0.0,0.0,1.0,0.3129870023169069,1697,538,2019,10,20,6,1,0.1018867924528302,0.9883869469283475,0.03991554393726121
2019-10-20,83,0.938282113137074,0.015603232098077461,0.0,0.0,1.0,0.3129870023169069,1698,1262,2019,10,20,6,1,0.09685534591194972,0.9869933805597493,0.034979514377639256
2019-10-20,87,0.938282113137074,0.017553636110337143,0.0,0.0,1.0,0.3129870023169069,1699,112,2019,10,20,6,1,0.09635220125786165,0.9868772500290326,0.21036723305851598
2019-10-20,81,0.938282113137074,0.01978266926720535,0.0,0.0,1.0,0.3129870023169069,1700,999,2019,10,20,6,1,0.10138364779874215,0.9868772500290326,0.03341795696762518
2019-10-20,85,0.938282113137074,0.022568960713290613,0.0,0.0,1.0,0.3129870023169069,1701,56,2019,10,20,6,1,0.10037735849056606,0.988503077459064,0.03989040820430324
2019-10-21,80,0.8426268869427302,0.02061855670103093,0.0,0.0,1.0,0.3129870023169069,1702,2079,2019,10,21,0,0,0.10415094339622644,0.5811171757054929,0.8095245576111
2019-10-21,82,0.8426268869427302,0.021175814990247982,0.0,0.0,1.0,0.3129870023169069,1703,2007,2019,10,21,0,0,0.10742138364779877,0.5830913947276739,0.04015433340036196
2019-10-21,86,0.1573731130572698,0.013095569796600726,0.0,0.0,1.0,0.3129870023169069,1704,2078,2019,10,21,0,0,0.10037735849056606,0.5783300429682963,0.0009488739191634828
2019-10-21,84,0.8426268869427302,0.022290331568682084,0.0,0.0,1.0,0.3129870023169069,1705,407,2019,10,21,0,0,0.10641509433962268,0.576471954476832,0.03205434345465514
2019-10-21,81,0.8426268869427302,0.016160490387294512,0.0,0.0,1.0,0.3129870023169069,1706,855,2019,10,21,0,0,0.10515723270440253,0.5746138659853675,0.033600191031570484
2019-10-21,85,0.8426268869427302,0.018668152688771245,0.0,0.0,1.0,0.3129870023169069,1707,1445,2019,10,21,0,0,0.10415094339622644,0.5733364301474859,0.04010091996782626
2019-10-22,80,0.8658524302860946,0.9955419336862636,1.0,0.0,1.0,0.3129870023169069,1708,2047,2019,10,22,1,0,0.9826415094339624,0.9804900708396238,0.8207508043434547
2019-10-22,82,0.8658524302860946,0.019504040122596825,0.0,0.0,1.0,0.3129870023169069,1709,1937,2019,10,22,1,0,0.9816352201257864,0.9779351991638601,0.04037427106374422
2019-10-22,83,0.8658524302860946,0.016996377821120092,0.0,0.0,1.0,0.3129870023169069,1710,549,2019,10,22,1,0,0.9778616352201259,0.977470677040994,0.0351711743414438
2019-10-22,84,0.8658524302860946,0.018668152688771245,0.0,0.0,1.0,0.3129870023169069,1711,591,2019,10,22,1,0,0.9828930817610064,0.9785158518174428,0.032264855218178165
2019-10-22,81,0.8658524302860946,0.018110894399554194,0.0,0.0,1.0,0.3129870023169069,1712,1498,2019,10,22,1,0,0.9791194968553462,0.9788642434095924,0.033804418861854015
2019-10-22,85,0.8658524302860946,0.021175814990247982,0.0,0.0,1.0,0.3129870023169069,1713,494,2019,10,22,1,0,0.9836477987421386,0.9793287655324585,0.04033970943092701
2019-10-22,87,0.8439783787452158,0.01783226525494567,0.0,0.0,1.0,0.3129870023169069,1714,50,2019,10,22,1,0,0.9828930817610064,0.981883637208222,0.21056831892217978
2019-10-23,82,0.8439783787452158,0.010309278350515465,0.0,0.0,1.0,0.3129870023169069,1715,717,2019,10,23,2,0,0.09333333333333335,0.9761932412031122,0.040490523828674845
2019-10-23,83,0.8439783787452158,0.01838952354416272,0.0,0.0,1.0,0.3129870023169069,1716,678,2019,10,23,2,0,0.09232704402515723,0.9758448496109626,0.035378544138347075
2019-10-23,84,0.8439783787452158,0.017275006965728618,0.0,0.0,1.0,0.3129870023169069,1717,1451,2019,10,23,2,0,0.09257861635220127,0.9757287190802462,0.03245965714860246
2019-10-23,81,0.8439783787452158,0.0192254109779883,0.0,0.0,1.0,0.3129870023169069,1718,2033,2019,10,23,2,0,0.09308176100628932,0.9771222854488444,0.034021214558616536
2025-03-15,85,0.8439783787452158,0.020897185845639456,0.0,0.0,1.0,0.3129870023169069,1719,30,2025,3,15,5,1,0.09559748427672957,0.9761932412031122,0.040575356927408004
2019-10-24,80,0.9233656969316897,0.018668152688771245,0.0,0.0,1.0,0.3129870023169069,1720,565,2019,10,24,3,0,0.09333333333333335,0.56985251422599,0.8209613161069778
2019-10-24,82,0.9233656969316897,0.018668152688771245,0.0,0.0,1.0,0.3129870023169069,1721,1280,2019,10,24,3,0,0.09408805031446543,0.5688073394495412,0.04070103559219787
2019-10-24,83,0.9233656969316897,0.02284758985789914,0.0,0.0,1.0,0.3129870023169069,1722,1506,2019,10,24,3,0,0.10540880503144656,0.5707815584717222,0.0356361854011663
2019-10-24,84,0.9233656969316897,0.018668152688771245,0.0,0.0,1.0,0.3129870023169069,1723,1298,2019,10,24,3,0,0.1056603773584906,0.5726396469631867,0.03267016891212548
2019-10-24,81,0.07663430306831037,0.008916132627472834,0.0,0.0,1.0,0.3129870023169069,1724,113,2019,10,24,3,0,0.09811320754716982,0.5664847288352108,0.03412175749044843
2019-10-24,85,0.9233656969316897,0.020061298411813876,0.0,0.0,1.0,0.3129870023169069,1725,1715,2019,10,24,3,0,0.0988679245283019,0.5679944257345257,0.04080157852402976
2019-10-24,10,0.9712183320692449,0.9949846753970466,1.0,0.0,1.0,0.3129870023169069,1726,477,2019,10,24,3,0,0.978364779874214,0.9753803274880966,0.011207394932636235
2019-10-25,82,0.9712183320692449,0.018946781833379774,0.0,0.0,1.0,0.3129870023169069,1727,854,2019,10,25,4,0,0.978616352201258,0.9745674137730809,0.040914689322340644
2019-10-25,83,0.9712183320692449,0.02396210643633324,0.0,0.0,1.0,0.3129870023169069,1728,1425,2019,10,25,4,0,0.9833962264150946,0.9780513296945765,0.035906394530464514
2019-10-25,87,0.9712183320692449,0.016717748676511563,0.0,0.0,1.0,0.3129870023169069,1729,497,2019,10,25,4,0,0.9778616352201259,0.9777029381024271,0.21075683691936456
2019-10-25,81,0.9712183320692449,0.020061298411813876,0.0,0.0,1.0,0.3129870023169069,1730,361,2019,10,25,4,0,0.9791194968553462,0.9778190686331436,0.034347979087070185
2019-10-25,85,0.9712183320692449,0.025355252159375872,0.0,0.0,1.0,0.3129870023169069,1731,1704,2019,10,25,4,0,0.9939622641509436,0.9789803739403089,0.041087497486426705
2019-10-26,80,0.9443387665051524,0.0192254109779883,0.0,0.0,1.0,0.3129870023169069,1732,541,2019,10,26,5,1,0.9932075471698116,0.9783997212867261,0.8211781118037402
2019-10-26,82,0.9443387665051524,0.02284758985789914,0.0,0.0,1.0,0.3129870023169069,1733,1183,2019,10,26,5,1,0.11547169811320757,0.9790965044710254,0.041172330585159865
2019-10-26,83,0.9443387665051524,0.018946781833379774,0.0,0.0,1.0,0.3129870023169069,1734,348,2019,10,26,5,1,0.11547169811320757,0.9815352456160724,0.03612004826060728
2019-10-26,84,0.9443387665051524,0.016717748676511563,0.0,0.0,1.0,0.3129870023169069,1735,1923,2019,10,26,5,1,0.1089308176100629,0.979212635001742,0.03285868690931028
2019-10-26,81,0.9443387665051524,0.0192254109779883,0.0,0.0,1.0,0.3129870023169069,1736,775,2019,10,26,5,1,0.11119496855345914,0.9804900708396238,0.0345647747838327
2019-10-26,85,0.9443387665051524,0.01838952354416272,0.0,0.0,1.0,0.3129870023169069,1737,1843,2019,10,26,5,1,0.10968553459119498,0.9803739403089071,0.04129486728332998
2019-10-27,80,0.9547001659548184,0.021175814990247982,0.0,0.0,1.0,0.3129870023169069,1738,277,2019,10,27,6,1,0.1059119496855346,0.5742654743932181,0.821416901266841
2019-10-27,82,0.9547001659548184,0.01783226525494567,0.0,0.0,1.0,0.3129870023169069,1739,1375,2019,10,27,6,1,0.10465408805031448,0.5735686912089188,0.04137341644882365
2019-10-27,83,0.9547001659548184,0.021175814990247982,0.0,0.0,1.0,0.3129870023169069,1740,377,2019,10,27,6,1,0.10314465408805035,0.5753106491696667,0.03635883772370803
2019-10-27,84,0.9547001659548184,0.017553636110337143,0.0,0.0,1.0,0.3129870023169069,1741,1201,2019,10,27,6,1,0.1018867924528302,0.5748461270468006,0.03305663080635432
2019-10-27,81,0.9547001659548184,0.021733073279465033,0.0,0.0,1.0,0.3129870023169069,1742,736,2019,10,27,6,1,0.10641509433962268,0.5763558239461155,0.034809848180172936
2019-10-27,85,0.9547001659548184,0.01978266926720535,0.0,0.0,1.0,0.3129870023169069,1743,1160,2019,10,27,6,1,0.1069182389937107,0.5757751712925328,0.04151794691333199
2025-03-15,87,0.0,0.9849540261911397,1.0,0.0,1.0,0.3129870023169069,1744,1093,2025,3,15,5,1,0.979622641509434,0.9788642434095924,0.22186368892016892
2019-10-28,82,1.0,0.016439119531903038,0.0,0.0,1.0,0.3129870023169069,1745,1397,2019,10,28,0,0,0.9753459119496856,0.981419115085356,0.0415587924793887
2019-10-28,83,1.0,0.025633881303984397,0.0,0.0,1.0,0.3129870023169069,1746,1816,2019,10,28,0,0,0.9823899371069184,0.9844385088839855,0.03664789865272472
2019-10-28,84,1.0,0.021454444134856508,0.0,0.0,1.0,0.3129870023169069,1747,1334,2019,10,28,0,0,0.9826415094339624,0.9861804668447336,0.03329856223607481
2019-10-28,11,1.0,0.017553636110337143,0.0,0.0,1.0,0.3129870023169069,1748,968,2019,10,28,0,0,0.9826415094339624,0.9854836836604344,0.00018537603056505129
2019-10-28,85,1.0,0.02201170242407356,0.0,0.0,1.0,0.3129870023169069,1749,1063,2019,10,28,0,0,0.9828930817610064,0.9859482057833004,0.04176616227629198
2019-10-29,80,0.9977475262300985,0.021175814990247982,0.0,0.0,1.0,0.3129870023169069,1750,1222,2019,10,29,1,0,0.9841509433962266,0.9869933805597493,0.8216556907299417
2019-10-29,82,0.9977475262300985,0.018110894399554194,0.0,0.0,1.0,0.3129870023169069,1751,255,2019,10,29,1,0,0.11119496855345914,0.9867611194983159,0.04176302030967224
2019-10-29,83,0.9977475262300985,0.0192254109779883,0.0,0.0,1.0,0.3129870023169069,1752,2034,2019,10,29,1,0,0.1137106918238994,0.9852514225990014,0.036864694349487234
2019-10-29,84,0.9977475262300985,0.018946781833379774,0.0,0.0,1.0,0.3129870023169069,1753,198,2019,10,29,1,0,0.10767295597484278,0.9853675531297177,0.033512215966217576
2019-10-29,81,0.9977475262300985,0.02340484814711619,0.0,0.0,1.0,0.3129870023169069,1754,145,2019,10,29,1,0,0.10943396226415095,0.9914063407269771,0.03507377337623165
2019-10-29,85,0.9977475262300985,0.017553636110337143,0.0,0.0,1.0,0.3129870023169069,1755,1096,2019,10,29,1,0,0.10943396226415095,0.9903611659505285,0.04196410617333602
2019-10-30,80,0.9010912047716566,0.019504040122596825,0.0,0.0,1.0,0.3129870023169069,1756,1545,2019,10,30,2,0,0.10716981132075473,0.5837881779119731,0.821875628393324
2019-10-30,82,0.9010912047716566,0.020339927556422402,0.0,0.0,1.0,0.3129870023169069,1757,1879,2019,10,30,2,0,0.10641509433962268,0.5843688305655557,0.041992383872913736
2019-10-30,83,0.9010912047716566,0.015881861242685986,0.0,0.0,1.0,0.3129870023169069,1758,304,2019,10,30,2,0,0.10440251572327044,0.5810010451747765,0.03704378644681279
2019-10-30,87,0.9010912047716566,0.015881861242685986,0.0,0.0,1.0,0.3129870023169069,1759,371,2019,10,30,2,0,0.10138364779874215,0.5806526535826269,0.22204278101749447
2019-10-30,81,0.9010912047716566,0.02340484814711619,0.0,0.0,1.0,0.3129870023169069,1760,1059,2019,10,30,2,0,0.10540880503144656,0.5820462199512253,0.03533769857229037
2019-10-30,85,0.9010912047716566,0.02340484814711619,0.0,0.0,1.0,0.3129870023169069,1761,734,2019,10,30,2,0,0.10540880503144656,0.5812333062362096,0.042228031369394736
2019-10-31,80,0.8449794740093138,0.9877403176372249,1.0,0.0,1.0,0.3129870023169069,1762,1240,2019,10,31,3,0,0.9813836477987422,0.9849030310068516,0.8330139000603258
2019-10-31,82,0.8449794740093138,0.015881861242685986,0.0,0.0,1.0,0.3129870023169069,1763,534,2019,10,31,3,0,0.97811320754717,0.9819997677389387,0.0421714759702393
2019-10-31,83,0.15502052599068616,0.007244357759821678,0.0,0.0,1.0,0.3129870023169069,1764,376,2019,10,31,3,0,0.9662893081761007,0.9771222854488444,0.0371254775789262
2019-10-31,84,0.8449794740093138,0.015324602953468934,0.0,0.0,1.0,0.3129870023169069,1765,1215,2019,10,31,3,0,0.9657861635220129,0.9765416327952618,0.033685024130303644
2019-10-31,81,0.8449794740093138,0.018668152688771245,0.0,0.0,1.0,0.3129870023169069,1766,712,2019,10,31,3,0,0.9683018867924529,0.9763093717338287,0.035548210335813395
2019-10-31,85,0.8449794740093138,0.016439119531903038,0.0,0.0,1.0,0.3129870023169069,1767,1078,2019,10,31,3,0,0.9620125786163523,0.9754964580188132,0.04241340739995979
2019-11-01,80,0.9331264417364115,0.0039008080245193652,0.0,0.0,0.0,0.6741011715989944,1768,613,2019,11,1,4,0,0.9444025157232705,0.9682963651143885,0.8330578875930023
2025-03-15,82,0.9331264417364115,0.006687099470604626,0.0,0.0,0.0,0.6741011715989944,1769,1388,2025,3,15,5,1,0.058616352201257875,0.9636511438857274,0.042246883169113215
2025-03-15,13,0.9331264417364115,0.0047366954583449436,0.0,0.0,0.0,0.6741011715989944,1770,173,2025,3,15,5,1,0.04855345911949687,0.9567994425734525,4.0845566056706214e-05
2019-11-01,84,0.9331264417364115,0.010309278350515465,0.0,0.0,0.0,0.6741011715989944,1771,1518,2019,11,1,4,0,0.051320754716981144,0.9537800487748229,0.03380127689523427
2019-11-01,81,0.9331264417364115,0.007522986904430204,0.0,0.0,0.0,0.6741011715989944,1772,1762,2019,11,1,4,0,0.044276729559748436,0.9478573917082802,0.035633043434546555
2019-11-01,85,0.9331264417364115,0.0008358874338255782,0.0,0.0,0.0,0.6741011715989944,1773,1220,2019,11,1,4,0,0.02817610062893082,0.9399605156195565,0.042422833299819024
2019-11-01,87,0.9854840244137698,0.0016717748676511564,0.0,0.0,0.0,0.6741011715989944,1774,899,2019,11,1,4,0,0.014842767295597484,0.5301358727209384,0.22206163281721295
2019-11-02,82,0.9854840244137698,0.003064920590693787,0.0,0.0,0.0,0.6741011715989944,1775,673,2019,11,2,5,1,0.01408805031446541,0.5245616072465451,0.042281444801930426
2019-11-02,83,0.9854840244137698,0.008358874338255782,0.0,0.0,0.0,0.6741011715989944,1776,663,2019,11,2,5,1,0.015597484276729565,0.5173615143421204,0.037219736577518606
2019-11-02,84,0.9854840244137698,0.005015324602953469,0.0,0.0,0.0,0.6741011715989944,1777,172,2019,11,2,5,1,0.015849056603773587,0.5105098130298455,0.033857832294389704
2019-11-02,81,0.9854840244137698,0.009473390916689887,0.0,0.0,0.0,0.6741011715989944,1778,1727,2019,11,2,5,1,0.015094339622641506,0.5071420276390664,0.03573987029961794
2019-11-02,85,0.9854840244137698,0.008080245193647256,0.0,0.0,0.0,0.6741011715989944,1779,1529,2019,11,2,5,1,0.015597484276729565,0.5013355011032401,0.04251395033179168
2019-11-03,80,0.8222044279334446,0.977709668431318,1.0,0.0,0.0,0.6741011715989944,1780,100,2019,11,3,6,1,0.8976100628930819,0.9000116130530718,0.8440830484616932
2019-11-03,82,0.8222044279334446,0.003343549735302313,0.0,0.0,0.0,0.6741011715989944,1781,994,2019,11,3,6,1,0.8991194968553461,0.8938566949250959,0.042319148401367385
2019-11-03,83,0.8222044279334446,0.0022290331568682086,0.0,0.0,0.0,0.6741011715989944,1782,702,2019,11,3,6,1,0.8983647798742139,0.8867727325513877,0.03724487231047658
2019-11-03,84,0.8222044279334446,0.007244357759821678,0.0,0.0,0.0,0.6741011715989944,1783,60,2019,11,3,6,1,0.8973584905660379,0.8818952502612938,0.033939523426503124
2019-11-03,85,0.8222044279334446,0.003622178879910839,0.0,0.0,0.0,0.6741011715989944,1784,53,2019,11,3,6,1,0.8961006289308177,0.8736499825804205,0.042554795897848385
2019-11-04,80,0.8620983073362587,0.0016717748676511564,0.0,0.0,0.0,0.6741011715989944,1785,948,2019,11,4,0,0,0.889056603773585,0.8670305423295785,0.8441019002614116
2019-11-04,82,0.8620983073362587,0.006129841181387574,0.0,0.0,0.0,0.6741011715989944,1786,786,2019,11,4,0,0,0.8872955974842768,0.8614562768551852,0.04238827166700181
2019-11-04,83,0.8620983073362587,0.0022290331568682086,0.0,0.0,0.0,0.6741011715989944,1787,1443,2019,11,4,0,0,0.006540880503144653,0.8539077923586111,0.03727000804343455
2019-11-04,87,0.8620983073362587,0.006408470325996099,0.0,0.0,0.0,0.6741011715989944,1788,1088,2019,11,4,0,0,0.00930817610062893,0.8499593543142492,0.22213389804946712
2019-11-04,81,0.8620983073362587,0.00027862914460852607,0.0,0.0,0.0,0.6741011715989944,1789,79,2019,11,4,0,0,0.007547169811320753,0.8434560445941237,0.03574301226623769
2019-11-04,85,0.8620983073362587,0.007244357759821678,0.0,0.0,0.0,0.6741011715989944,1790,1504,2019,11,4,0,0,0.007547169811320753,0.8367204738125653,0.0426364870299618
2019-11-04,19,0.9042947171573152,0.009473390916689887,0.0,0.0,0.0,0.6741011715989944,1791,896,2019,11,4,0,0,0.01283018867924528,0.8309139472767391,9.425899859239895e-05
2019-11-05,82,0.9042947171573152,0.005572582892170521,0.0,0.0,0.0,0.6741011715989944,1792,2113,2019,11,5,1,0,0.01635220125786164,0.4215538265009871,0.042451110999396746
2025-03-15,83,0.9042947171573152,0.0013931457230426303,0.0,0.0,0.0,0.6741011715989944,1793,104,2025,3,15,5,1,0.01207547169811321,0.4155150389037278,0.037285717876533286
2019-11-05,84,0.9042947171573152,0.007244357759821678,0.0,0.0,0.0,0.6741011715989944,1794,310,2019,11,5,1,0,0.01660377358490566,0.4155150389037278,0.034021214558616536
2019-11-05,81,0.9042947171573152,0.005015324602953469,0.0,0.0,0.0,0.6741011715989944,1795,1163,2019,11,5,1,0,0.015345911949685535,0.4112182092672164,0.03579956766539313
2019-11-05,85,0.9042947171573152,0.003343549735302313,0.0,0.0,0.0,0.6741011715989944,1796,332,2019,11,5,1,0,0.01811320754716981,0.40483103007780746,0.042674190629398756
2019-11-06,80,0.8824206656164364,0.9763165227082754,1.0,0.0,0.0,0.6741011715989944,1797,1696,2019,11,6,2,0,0.8930817610062894,0.8049007083962374,0.8551113512970039
2019-11-06,82,0.8824206656164364,0.0047366954583449436,0.0,0.0,0.0,0.6741011715989944,1798,724,2019,11,6,2,0,0.888805031446541,0.805249099988387,0.042504524431932436
2019-11-06,83,0.8824206656164364,0.0016717748676511564,0.0,0.0,0.0,0.6741011715989944,1799,2075,2019,11,6,2,0,0.8852830188679246,0.8031587504354896,0.037304569676251766
2019-11-06,84,0.8824206656164364,0.003622178879910839,0.0,0.0,0.0,0.6741011715989944,1800,410,2019,11,6,2,0,0.8872955974842768,0.8026942283126235,0.03406206012467324
2019-11-06,81,0.8824206656164364,0.006687099470604626,0.0,0.0,0.0,0.6741011715989944,1801,519,2019,11,6,2,0,0.8867924528301888,0.8011845314133086,0.035874974864267044
2019-11-06,85,0.8824206656164364,0.006129841181387574,0.0,0.0,0.0,0.6741011715989944,1802,2005,2019,11,6,2,0,0.887798742138365,0.800603878759726,0.042743313895033185
2019-11-07,82,0.9137050779912241,0.007244357759821678,0.0,0.0,0.0,0.6741011715989944,1803,1825,2019,11,7,3,0,0.8913207547169812,0.803274880966206,0.04258621556404585
2019-11-07,83,0.9137050779912241,0.0016717748676511564,0.0,0.0,0.0,0.6741011715989944,1804,117,2019,11,7,3,0,0.01132075471698113,0.803274880966206,0.037323421475970245
2019-11-07,84,0.9137050779912241,0.008358874338255782,0.0,0.0,0.0,0.6741011715989944,1805,290,2019,11,7,3,0,0.014591194968553461,0.8054813610498202,0.03415631912326564
2019-11-07,81,0.9137050779912241,0.0019504040122596826,0.0,0.0,0.0,0.6741011715989944,1806,1433,2019,11,7,3,0,0.014842767295597484,0.80281035884334,0.03589696863060527
2019-11-07,85,0.9137050779912241,0.005015324602953469,0.0,0.0,0.0,0.6741011715989944,1807,381,2019,11,7,3,0,0.01610062893081761,0.80281035884334,0.04279986929418862
2019-11-08,80,0.8722094235442193,0.0027862914460852605,0.0,0.0,0.0,0.6741011715989944,1808,1087,2019,11,8,4,0,0.012578616352201259,0.8000232261061433,0.8551427709632013
2019-11-08,82,0.8722094235442193,0.0022290331568682086,0.0,0.0,0.0,0.6741011715989944,1809,1393,2019,11,8,4,0,0.009056603773584904,0.7975844849610962,0.04261135129700382
2019-11-08,83,0.8722094235442193,0.003622178879910839,0.0,0.0,0.0,0.6741011715989944,1810,324,2019,11,8,4,0,0.005786163522012576,0.39159214957612354,0.03736426704202695
2019-11-08,84,0.8722094235442193,0.0,0.0,0.0,0.0,0.6741011715989944,1811,250,2019,11,8,4,0,0.004276729559748428,0.3901985832075252,0.03415631912326564
2019-11-08,86,0.8722094235442193,0.006965728615213152,0.0,0.0,0.0,0.6741011715989944,1812,1041,2019,11,8,4,0,0.003018867924528299,0.39217280222970624,0.0010274230846571487
2019-11-08,85,0.8722094235442193,0.008637503482864309,0.0,0.0,0.0,0.6741011715989944,1813,784,2019,11,8,4,0,0.009056603773584904,0.39275345488328883,0.042897270259400766
2019-11-09,80,0.8030333348623881,0.9791028141543606,1.0,0.0,0.0,0.6741011715989944,1814,2015,2019,11,9,5,1,0.888553459119497,0.7993264429218441,0.866183641664991
2019-11-09,82,0.8030333348623881,0.004179437169127891,0.0,0.0,0.0,0.6741011715989944,1815,812,2019,11,9,5,1,0.889811320754717,0.8003716176982929,0.042658480796300025
2019-11-09,83,0.8030333348623881,0.00027862914460852607,0.0,0.0,0.0,0.6741011715989944,1816,920,2019,11,9,5,1,0.8880503144654088,0.7979328765532459,0.0373674090086467
2019-11-09,81,0.8030333348623881,0.0047366954583449436,0.0,0.0,0.0,0.6741011715989944,1817,1853,2019,11,9,5,1,0.889056603773585,0.7989780513296947,0.03595038206314097
2019-11-09,85,0.8030333348623881,0.006408470325996099,0.0,0.0,0.0,0.6741011715989944,1818,254,2019,11,9,5,1,0.8948427672955976,0.7989780513296947,0.04296953549165494
2019-11-10,80,0.8901791947578135,0.0052939537475619955,0.0,0.0,0.0,0.6741011715989944,1819,1112,2019,11,10,6,1,0.8933333333333334,0.8010684008825921,0.8662433390307662
2019-11-10,82,0.8901791947578135,0.006129841181387574,0.0,0.0,0.0,0.6741011715989944,1820,849,2019,11,10,6,1,0.8910691823899373,0.800603878759726,0.04272760406193445
2019-11-10,84,0.8901791947578135,0.004458066313736417,0.0,0.0,0.0,0.6741011715989944,1821,440,2019,11,10,6,1,0.011069182389937107,0.7985135292068286,0.03420659058918159
2019-11-10,81,0.8901791947578135,0.00919476177208136,0.0,0.0,0.0,0.6741011715989944,1822,27,2019,11,10,6,1,0.015597484276729565,0.8000232261061433,0.03605406696159261
2019-11-10,85,0.8901791947578135,0.0019504040122596826,0.0,0.0,0.0,0.6741011715989944,1823,199,2019,11,10,6,1,0.017106918238993712,0.8002554871675764,0.04299152925799317
2019-11-11,80,0.9740714730516646,0.003622178879910839,0.0,0.0,0.0,0.6741011715989944,1824,880,2019,11,11,0,0,0.01610062893081761,0.7987457902682615,0.8662841845968229
2019-11-11,82,0.9740714730516646,0.006129841181387574,0.0,0.0,0.0,0.6741011715989944,1825,162,2019,11,11,0,0,0.015849056603773587,0.7992103123911276,0.042796727327568874
2019-11-11,83,0.9740714730516646,0.0052939537475619955,0.0,0.0,0.0,0.6741011715989944,1826,1999,2019,11,11,0,0,0.015849056603773587,0.8000232261061433,0.037427106374421884
2019-11-11,84,0.9740714730516646,0.012538311507383673,0.0,0.0,0.0,0.6741011715989944,1827,1432,2019,11,11,0,0,0.021635220125786163,0.39832772035768205,0.034347979087070185
2019-11-11,81,0.9740714730516646,0.010309278350515465,0.0,0.0,0.0,0.6741011715989944,1828,1242,2019,11,11,0,0,0.026918238993710694,0.4006503309720125,0.03617031972652323
2019-11-11,85,0.9740714730516646,0.008358874338255782,0.0,0.0,0.0,0.6741011715989944,1829,1707,2019,11,11,0,0,0.02616352201257862,0.40343746370920913,0.043085788256585565
2019-11-11,87,0.9487936699641888,0.9754806352744498,1.0,0.0,0.0,0.6741011715989944,1830,22,2019,11,11,0,0,0.9051572327044027,0.8085007548484497,0.23313392318520007
2019-11-12,82,0.9487936699641888,0.003064920590693787,0.0,0.0,0.0,0.6741011715989944,1831,1818,2019,11,12,1,0,0.9046540880503146,0.8069910579491348,0.042831288960386085
2019-11-12,14,0.9487936699641888,0.003622178879910839,0.0,0.0,0.0,0.6741011715989944,1832,2042,2019,11,12,1,0,0.9023899371069185,0.8059458831726862,2.8277699577719688e-05
2019-11-12,84,0.9487936699641888,0.007522986904430204,0.0,0.0,0.0,0.6741011715989944,1833,944,2019,11,12,1,0,0.9044025157232706,0.8060620137034027,0.03443281218580334
2019-11-12,81,0.9487936699641888,0.0025076623014767345,0.0,0.0,0.0,0.6741011715989944,1834,608,2019,11,12,1,0,0.8953459119496857,0.8064104052955523,0.03619859742610095
2019-11-12,85,0.9487936699641888,0.005572582892170521,0.0,0.0,0.0,0.6741011715989944,1835,697,2019,11,12,1,0,0.8910691823899373,0.805249099988387,0.0431486275889805
2019-11-13,80,0.8614475960429735,0.005572582892170521,0.0,0.0,0.0,0.6741011715989944,1836,2085,2019,11,13,2,0,0.888553459119497,0.8067587968877019,0.8663470239292178
2019-11-13,82,0.8614475960429735,0.005572582892170521,0.0,0.0,0.0,0.6741011715989944,1837,1046,2019,11,13,2,0,0.01283018867924528,0.8069910579491348,0.04289412829278102
2019-11-13,83,0.8614475960429735,0.005572582892170521,0.0,0.0,0.0,0.6741011715989944,1838,356,2019,11,13,2,0,0.015094339622641506,0.8081523632563001,0.03748994570681682
2019-11-13,84,0.8614475960429735,0.006965728615213152,0.0,0.0,0.0,0.6741011715989944,1839,1450,2019,11,13,2,0,0.01811320754716981,0.8101265822784811,0.03451136135129701
2019-11-13,85,0.8614475960429735,0.012816940651992199,0.0,0.0,0.0,0.6741011715989944,1840,1365,2019,11,13,2,0,0.022893081761006295,0.8139588897921264,0.043293158053488844
2019-11-14,80,0.838922808073661,0.003622178879910839,0.0,0.0,0.0,0.6741011715989944,1841,864,2019,11,14,3,0,0.02389937106918239,0.8154685866914413,0.8663878694952746
2019-11-14,82,0.838922808073661,0.004458066313736417,0.0,0.0,0.0,0.6741011715989944,1842,424,2019,11,14,3,0,0.022893081761006295,0.8144234119149925,0.04294439975869697
2019-11-14,87,0.838922808073661,0.004179437169127891,0.0,0.0,0.0,0.6741011715989944,1843,23,2019,11,14,3,0,0.021635220125786163,0.8125653234235282,0.2331810526844963
2019-11-14,81,0.838922808073661,0.0025076623014767345,0.0,0.0,0.0,0.6741011715989944,1844,2107,2019,11,14,3,0,0.01886792452830189,0.4055278132621066,0.03622687512567867
2019-11-14,85,0.838922808073661,0.003064920590693787,0.0,0.0,0.0,0.6741011715989944,1845,273,2019,11,14,3,0,0.01660377358490566,0.4050632911392405,0.043327719686306054
2019-11-15,80,0.8848233093313611,0.9768737809974924,1.0,0.0,0.0,0.6741011715989944,1846,1910,2019,11,15,4,0,0.8923270440251574,0.8121008013006621,0.8774036044641063
2019-11-15,82,0.8848233093313611,0.0016717748676511564,0.0,0.0,0.0,0.6741011715989944,1847,91,2019,11,15,4,0,0.8822641509433963,0.8108233654627801,0.04296325155841545
2019-11-15,83,0.8848233093313611,0.010030649205906938,0.0,0.0,0.0,0.6741011715989944,1848,996,2019,11,15,4,0,0.8880503144654088,0.812333062362095,0.03760305650512769
2019-11-15,84,0.8848233093313611,0.003622178879910839,0.0,0.0,0.0,0.6741011715989944,1849,911,2019,11,15,4,0,0.8872955974842768,0.8116362791777958,0.034552206917353716
2019-11-15,81,0.8848233093313611,0.005015324602953469,0.0,0.0,0.0,0.6741011715989944,1850,2002,2019,11,15,4,0,0.8880503144654088,0.8111717570549297,0.036283430524834105
2019-11-15,85,0.8848233093313611,0.0047366954583449436,0.0,0.0,0.0,0.6741011715989944,1851,1099,2019,11,15,4,0,0.8900628930817612,0.8112878875856462,0.04338113311884175
2019-11-15,15,0.9079987960263844,0.0025076623014767345,0.0,0.0,0.0,0.6741011715989944,1852,18,2019,11,15,4,0,0.889559748427673,0.8085007548484497,1.5709833098733162e-05
2019-11-16,82,0.9079987960263844,0.009752020061298413,0.0,0.0,0.0,0.6741011715989944,1853,373,2019,11,16,5,1,0.01635220125786164,0.8117524097085123,0.04307322039010658
2019-11-16,84,0.9079987960263844,0.00919476177208136,0.0,0.0,0.0,0.6741011715989944,1854,779,2019,11,16,5,1,0.023144654088050318,0.8140750203228428,0.034655891815805355
2019-11-16,81,0.9079987960263844,0.005572582892170521,0.0,0.0,0.0,0.6741011715989944,1855,882,2019,11,16,5,1,0.019119496855345912,0.8138427592614099,0.03634626985722904
2019-11-16,85,0.9079987960263844,0.0013931457230426303,0.0,0.0,0.0,0.6741011715989944,1856,1887,2019,11,16,5,1,0.017106918238993712,0.8122169318313786,0.04339684295194048
2019-11-17,82,0.9755230781508322,0.008080245193647256,0.0,0.0,0.0,0.6741011715989944,1857,1001,2019,11,17,6,1,0.019874213836477986,0.810358843339914,0.04316433742207923
2019-11-17,83,0.9755230781508322,0.01198105321816662,0.0,0.0,0.0,0.6741011715989944,1858,1933,2019,11,17,6,1,0.026415094339622643,0.8110556265242133,0.0377381610697768
2019-11-17,84,0.9755230781508322,0.0047366954583449436,0.0,0.0,0.0,0.6741011715989944,1859,2029,2019,11,17,6,1,0.02842767295597485,0.8095459296248984,0.034709305248341045
2019-11-17,81,0.9755230781508322,0.011702424073558095,0.0,0.0,0.0,0.6741011715989944,1860,1950,2019,11,17,6,1,0.03018867924528302,0.40785042387643716,0.0364782324552584
2025-03-15,85,0.9755230781508322,0.003343549735302313,0.0,0.0,0.0,0.6741011715989944,1861,2086,2025,3,15,5,1,0.024905660377358495,0.4079665544071537,0.04343454655137744
2019-11-18,80,0.9025427973032499,0.9782669267205351,1.0,0.0,0.0,0.6741011715989944,1862,2071,2019,11,18,0,0,0.9031446540880503,0.8141911508535595,0.8884350492660367
2019-11-18,82,0.9025427973032499,0.0047366954583449436,0.0,0.0,0.0,0.6741011715989944,1863,221,2019,11,18,0,0,0.9061635220125788,0.8130298455463942,0.04321775085461493
2019-11-18,83,0.9025427973032499,0.009752020061298413,0.0,0.0,0.0,0.6741011715989944,1864,488,2019,11,18,0,0,0.907672955974843,0.8160492393450238,0.03784812990146793
2019-11-18,84,0.9025427973032499,0.0013931457230426303,0.0,0.0,0.0,0.6741011715989944,1865,1858,2019,11,18,0,0,0.8981132075471701,0.814307281384276,0.034725015081439776
2019-11-18,81,0.9025427973032499,0.005015324602953469,0.0,0.0,0.0,0.6741011715989944,1866,1946,2019,11,18,0,0,0.8983647798742139,0.8140750203228428,0.03653478785441384
2019-11-18,85,0.9025427973032499,0.008916132627472834,0.0,0.0,0.0,0.6741011715989944,1867,62,2019,11,18,0,0,0.8958490566037737,0.8154685866914413,0.04353508948320933
2019-11-19,80,0.8765141696258067,0.006129841181387574,0.0,0.0,0.0,0.6741011715989944,1868,317,2019,11,19,1,0,0.8983647798742139,0.8157008477528742,0.888504172531671
2019-11-19,82,0.8765141696258067,0.004458066313736417,0.0,0.0,0.0,0.6741011715989944,1869,1649,2019,11,19,1,0,0.019119496855345912,0.8146556729764256,0.04326802232053087
2019-11-19,83,0.8765141696258067,0.0039008080245193652,0.0,0.0,0.0,0.6741011715989944,1870,1385,2019,11,19,1,0,0.018364779874213838,0.8109394959934968,0.03789211743414438
2019-11-19,87,0.8765141696258067,0.005851212036779047,0.0,0.0,0.0,0.6741011715989944,1871,1855,2019,11,19,1,0,0.014842767295597484,0.8118685402392289,0.23324703398351096
2019-11-19,16,0.8765141696258067,0.006965728615213152,0.0,0.0,0.0,0.6741011715989944,1872,641,2019,11,19,1,0,0.019874213836477986,0.8129137150156776,6.598129901467926e-05
2019-11-20,80,0.938282113137074,0.007522986904430204,0.0,0.0,0.0,0.6741011715989944,1873,1284,2019,11,20,2,0,0.022138364779874214,0.814307281384276,0.8885890056304042
2019-11-20,82,0.938282113137074,0.003064920590693787,0.0,0.0,0.0,0.6741011715989944,1874,101,2019,11,20,2,0,0.016855345911949683,0.8145395424457089,0.04330258395334809
2019-11-20,84,0.938282113137074,0.005572582892170521,0.0,0.0,0.0,0.6741011715989944,1875,224,2019,11,20,2,0,0.01635220125786164,0.8155847172221578,0.03478785441383471
2019-11-20,81,0.938282113137074,0.0052939537475619955,0.0,0.0,0.0,0.6741011715989944,1876,1917,2019,11,20,2,0,0.017106918238993712,0.4106375566136337,0.03659448522018902
2019-11-20,85,0.938282113137074,0.0027862914460852605,0.0,0.0,0.0,0.6741011715989944,1877,829,2019,11,20,2,0,0.01610062893081761,0.4111020787364998,0.0435665091494068
2019-11-21,80,0.8426268869427302,0.9735302312621901,1.0,0.0,0.0,0.6741011715989944,1878,524,2019,11,21,3,0,0.889811320754717,0.8126814539542446,0.899567036999799
2019-11-21,82,0.8426268869427302,0.005015324602953469,0.0,0.0,0.0,0.6741011715989944,1879,612,2019,11,21,3,0,0.8880503144654088,0.8132621066078272,0.043359139352503524
2019-11-21,83,0.8426268869427302,0.007522986904430204,0.0,0.0,0.0,0.6741011715989944,1880,924,2019,11,21,3,0,0.8880503144654088,0.814307281384276,0.03797695053287754
2019-11-21,84,0.8426268869427302,0.004179437169127891,0.0,0.0,0.0,0.6741011715989944,1881,33,2019,11,21,3,0,0.889056603773585,0.8140750203228428,0.03483498391313091
2019-11-21,81,0.8426268869427302,0.003064920590693787,0.0,0.0,0.0,0.6741011715989944,1882,986,2019,11,21,3,0,0.8867924528301888,0.814307281384276,0.03662904685300624
2019-11-21,85,0.8426268869427302,0.004458066313736417,0.0,0.0,0.0,0.6741011715989944,1883,856,2019,11,21,3,0,0.8860377358490568,0.8121008013006621,0.043616780615322745
2025-03-15,87,0.8658524302860946,0.0052939537475619955,0.0,0.0,0.0,0.6741011715989944,1884,1645,2025,3,15,5,1,0.888301886792453,0.8104749738706307,0.23330673134928614
2019-11-22,82,0.8658524302860946,0.003343549735302313,0.0,0.0,0.0,0.6741011715989944,1885,1981,2019,11,22,4,0,0.012327044025157233,0.8095459296248984,0.04339684295194048
2019-11-22,83,0.8658524302860946,0.0025076623014767345,0.0,0.0,0.0,0.6741011715989944,1886,2010,2019,11,22,4,0,0.010062893081761004,0.8100104517477644,0.038005228232455265
2019-11-22,84,0.8658524302860946,0.008358874338255782,0.0,0.0,0.0,0.6741011715989944,1887,1279,2019,11,22,4,0,0.010817610062893081,0.8101265822784811,0.03492924291172331
2019-11-22,81,0.8658524302860946,0.004458066313736417,0.0,0.0,0.0,0.6741011715989944,1888,1672,2019,11,22,4,0,0.011069182389937107,0.8069910579491348,0.03667931831892218
2019-11-22,85,0.8658524302860946,0.010030649205906938,0.0,0.0,0.0,0.6741011715989944,1889,2072,2019,11,22,4,0,0.01735849056603774,0.8091975380327487,0.04372989141363363
2019-11-23,80,0.8439783787452158,0.006687099470604626,0.0,0.0,0.0,0.6741011715989944,1890,2017,2019,11,23,5,1,0.01937106918238994,0.8071071884798513,0.8996424441986729
2019-11-23,82,0.8439783787452158,0.003622178879910839,0.0,0.0,0.0,0.6741011715989944,1891,595,2019,11,23,5,1,0.017861635220125786,0.807223319010568,0.04343768851799719
2019-11-23,17,0.8439783787452158,0.005572582892170521,0.0,0.0,0.0,0.6741011715989944,1892,1383,2019,11,23,5,1,0.019874213836477986,0.4018116362791778,5.027146591594611e-05
2019-11-23,84,0.8439783787452158,0.004179437169127891,0.0,0.0,0.0,0.6741011715989944,1893,1185,2019,11,23,5,1,0.02138364779874214,0.4015793752177448,0.03497637241101951
2019-11-23,81,0.1560216212547843,0.0,0.0,0.0,0.0,0.6741011715989944,1894,1292,2019,11,23,5,1,0.013836477987421384,0.3975148066426664,0.03667931831892218
2019-11-23,85,0.8439783787452158,0.006965728615213152,0.0,0.0,0.0,0.6741011715989944,1895,2043,2019,11,23,5,1,0.01610062893081761,0.3998374172569969,0.04380844057912729
2019-11-24,80,0.9233656969316897,0.9799387015881862,1.0,0.0,0.0,0.6741011715989944,1896,2089,2019,11,24,6,1,0.8918238993710694,0.8061781442341192,0.9106927408003218
2019-11-24,82,0.9233656969316897,0.006687099470604626,0.0,0.0,0.0,0.6741011715989944,1897,1830,2019,11,24,6,1,0.8918238993710694,0.805249099988387,0.043513095716871106
2019-11-24,83,0.9233656969316897,0.005572582892170521,0.0,0.0,0.0,0.6741011715989944,1898,1601,2019,11,24,6,1,0.8935849056603776,0.8050168389269539,0.03806806756485019
2019-11-24,87,0.9233656969316897,0.003064920590693787,0.0,0.0,0.0,0.6741011715989944,1899,1145,2019,11,24,6,1,0.8913207547169812,0.8044361862733713,0.23334129298210335
2019-11-24,85,0.9233656969316897,0.006965728615213152,0.0,0.0,0.0,0.6741011715989944,1900,478,2019,11,24,6,1,0.8938364779874215,0.8057136221112531,0.043886989744620956
2019-11-25,80,0.9712183320692449,0.0039008080245193652,0.0,0.0,0.0,0.6741011715989944,1901,1227,2019,11,25,0,0,0.8973584905660379,0.8049007083962374,0.9107367283329982
2019-11-25,82,0.9712183320692449,0.009752020061298413,0.0,0.0,0.0,0.6741011715989944,1902,267,2019,11,25,0,0,0.8998742138364781,0.8060620137034027,0.04362306454856224
2019-11-25,83,0.9712183320692449,0.006129841181387574,0.0,0.0,0.0,0.6741011715989944,1903,1173,2019,11,25,0,0,0.020628930817610067,0.8054813610498202,0.03813719083048462
2019-11-25,84,0.9712183320692449,0.010309278350515465,0.0,0.0,0.0,0.6741011715989944,1904,1387,2019,11,25,0,0,0.02389937106918239,0.8085007548484497,0.03509262517595013
2019-11-25,81,0.9712183320692449,0.006129841181387574,0.0,0.0,0.0,0.6741011715989944,1905,1615,2019,11,25,0,0,0.024402515723270443,0.8087330159098827,0.03674844158455661
2019-11-25,85,0.9712183320692449,0.004179437169127891,0.0,0.0,0.0,0.6741011715989944,1906,990,2019,11,25,0,0,0.02540880503144654,0.8082684937870166,0.04393411924391716
2019-11-26,80,0.9443387665051524,0.0052939537475619955,0.0,0.0,0.0,0.6741011715989944,1907,1124,2019,11,26,1,0,0.02389937106918239,0.8093136685634654,0.9107964256987734
2025-03-15,82,0.9443387665051524,0.0047366954583449436,0.0,0.0,0.0,0.6741011715989944,1908,1786,2025,3,15,5,1,0.024654088050314465,0.4055278132621066,0.04367647798109793
2019-11-26,83,0.9443387665051524,0.008080245193647256,0.0,0.0,0.0,0.6741011715989944,1909,1605,2019,11,26,1,0,0.023144654088050318,0.4068052490999884,0.038228307862457275
2019-11-26,84,0.9443387665051524,0.006408470325996099,0.0,0.0,0.0,0.6741011715989944,1910,223,2019,11,26,1,0,0.02339622641509434,0.4063407269771223,0.03516489040820431
2019-11-26,81,0.9443387665051524,0.006129841181387574,0.0,0.0,0.0,0.6741011715989944,1911,1690,2019,11,26,1,0,0.019622641509433963,0.40715364069213794,0.03681756485019103
2019-11-26,85,0.9443387665051524,0.008080245193647256,0.0,0.0,0.0,0.6741011715989944,1912,466,2019,11,26,1,0,0.02138364779874214,0.4092439902450354,0.044025236275889806
2019-11-27,82,0.9547001659548184,0.004179437169127891,0.0,0.0,0.0,0.6741011715989944,1913,83,2019,11,27,2,0,0.02138364779874214,0.40912785971431886,0.04372360748039413
2019-11-27,83,0.9547001659548184,0.0052939537475619955,0.0,0.0,0.0,0.6741011715989944,1914,1571,2019,11,27,2,0,0.02138364779874214,0.40912785971431886,0.03828800522823246
2019-11-27,84,0.9547001659548184,0.0052939537475619955,0.0,0.0,0.0,0.6741011715989944,1915,475,2019,11,27,2,0,0.021886792452830192,0.4099407734293346,0.03522458777397949
2019-11-27,81,0.9547001659548184,0.006129841181387574,0.0,0.0,0.0,0.6741011715989944,1916,107,2019,11,27,2,0,0.020125786163522015,0.41145047032864945,0.03688668811582546
2019-11-27,85,0.9547001659548184,0.005015324602953469,0.0,0.0,0.0,0.6741011715989944,1917,479,2019,11,27,2,0,0.01886792452830189,0.4100569039600511,0.04408179167504525
2019-11-28,80,1.0,0.008637503482864309,0.0,0.0,0.0,0.6741011715989944,1918,1742,2019,11,28,3,0,0.021132075471698118,0.411798861920799,0.9108938266639856
2019-11-28,82,1.0,0.0047366954583449436,0.0,0.0,0.0,0.6741011715989944,1919,1595,2019,11,28,3,0,0.01811320754716981,0.40959238183718505,0.04377702091292982
2019-11-28,83,1.0,0.012538311507383673,0.0,0.0,0.0,0.6741011715989944,1920,1045,2019,11,28,3,0,0.02566037735849057,0.41203112298223205,0.03842939372612106
2019-11-28,84,1.0,0.004458066313736417,0.0,0.0,0.0,0.6741011715989944,1921,1820,2019,11,28,3,0,0.024905660377358495,0.4123795145743816,0.035274859239895436
2019-11-28,81,1.0,0.010587907495123991,0.0,0.0,0.0,0.6741011715989944,1922,358,2019,11,28,3,0,0.029685534591194974,0.41446986412727904,0.03700608284737583
2019-11-28,85,1.0,0.004179437169127891,0.0,0.0,0.0,0.6741011715989944,1923,1833,2019,11,28,3,0,0.027924528301886797,0.41446986412727904,0.044128921174341446
2019-11-29,80,0.9977475262300985,0.006129841181387574,0.0,0.0,0.0,0.6741011715989944,1924,1018,2019,11,29,4,0,0.028930817610062894,0.41702473580304267,0.91096294992962
2019-11-29,82,0.9977475262300985,0.003064920590693787,0.0,0.0,0.0,0.6741011715989944,1925,12,2019,11,29,4,0,0.02389937106918239,0.4153989083730113,0.04381158254574704
2019-11-29,83,0.9977475262300985,0.005851212036779047,0.0,0.0,0.0,0.6741011715989944,1926,584,2019,11,29,4,0,0.024905660377358495,0.009406572988038556,0.03849537502513574
2019-11-29,87,0.9977475262300985,0.005572582892170521,0.0,0.0,0.0,0.6741011715989944,1927,1671,2019,11,29,4,0,0.01861635220125786,0.008942050865172455,0.2334041323144983
2019-11-29,81,0.9977475262300985,0.0011145165784341043,0.0,0.0,0.0,0.6741011715989944,1928,705,2019,11,29,4,0,0.015597484276729565,0.007083962373708036,0.03701865071385482
2019-11-29,85,0.9977475262300985,0.004458066313736417,0.0,0.0,0.0,0.6741011715989944,1929,189,2019,11,29,4,0,0.010062893081761004,0.007664615027290669,0.044179192640257395
2019-11-30,80,0.9010912047716566,0.9827249930342714,1.0,0.0,0.0,0.6741011715989944,1930,618,2019,11,30,5,1,0.8935849056603776,0.4143537335965625,0.9220446661974664
2019-11-30,82,0.9010912047716566,0.005851212036779047,0.0,0.0,0.0,0.6741011715989944,1931,1189,2019,11,30,5,1,0.8933333333333334,0.41516664731157826,0.04387756384476172
2025-03-15,83,0.09890879522834345,0.0,0.0,0.0,0.0,0.6741011715989944,1932,1477,2025,3,15,5,1,0.8905660377358492,0.4111020787364998,0.03849537502513574
2019-11-30,84,0.9010912047716566,0.008637503482864309,0.0,0.0,0.0,0.6741011715989944,1933,840,2019,11,30,5,1,0.8930817610062894,0.41214725351294856,0.035372260205107586
2019-11-30,18,0.9010912047716566,0.007522986904430204,0.0,0.0,0.0,0.6741011715989944,1934,75,2019,11,30,5,1,0.8948427672955976,0.41098594820578327,7.226523225417253e-05
2019-11-30,85,0.9010912047716566,0.003622178879910839,0.0,0.0,0.0,0.6741011715989944,1935,1241,2019,11,30,5,1,0.8971069182389939,0.4099407734293346,0.0442200382063141
2019-12-01,80,0.9331264417364115,0.005851212036779047,0.0,0.0,0.0,1.0,1936,1624,2019,12,1,6,1,0.8983647798742139,0.4106375566136337,0.9221106474964811
2019-12-01,82,0.9331264417364115,0.006129841181387574,0.0,0.0,0.0,1.0,1937,808,2019,12,1,6,1,0.01660377358490566,0.41098594820578327,0.04394668711039614
2019-12-01,83,0.9331264417364115,0.006965728615213152,0.0,0.0,0.0,1.0,1938,1838,2019,12,1,6,1,0.017610062893081764,0.4119149924515155,0.038573924190629404
2019-12-01,84,0.9331264417364115,0.004179437169127891,0.0,0.0,0.0,1.0,1939,1951,2019,12,1,6,1,0.02138364779874214,0.41028916502148416,0.03541938970440378
2019-12-01,81,0.9331264417364115,0.005572582892170521,0.0,0.0,0.0,1.0,1940,1243,2019,12,1,6,1,0.01861635220125786,0.4099407734293346,0.037081490046249756
2019-12-01,85,0.9331264417364115,0.008637503482864309,0.0,0.0,0.0,1.0,1941,810,2019,12,1,6,1,0.019622641509433963,0.41098594820578327,0.044317439171526245
2019-12-01,87,0.9854840244137698,0.005572582892170521,0.0,0.0,0.0,1.0,1942,1482,2019,12,1,6,1,0.02138364779874214,0.4099407734293346,0.23346697164689323
2019-12-02,82,0.9854840244137698,0.0039008080245193652,0.0,0.0,0.0,1.0,1943,1976,2019,12,2,0,0,0.019622641509433963,0.4098246428986181,0.043990674643072596
2019-12-02,83,0.9854840244137698,0.0052939537475619955,0.0,0.0,0.0,1.0,1944,733,2019,12,2,0,0,0.01886792452830189,0.4098246428986181,0.03863362155640459
2019-12-02,84,0.9854840244137698,0.0027862914460852605,0.0,0.0,0.0,1.0,1945,414,2019,12,2,0,0,0.015094339622641506,0.4087794681221693,0.03545080937060125
2019-12-02,81,0.9854840244137698,0.006687099470604626,0.0,0.0,0.0,1.0,1946,1523,2019,12,2,0,0,0.01735849056603774,0.40901172918360235,0.03715689724512367
2019-12-02,85,0.9854840244137698,0.004179437169127891,0.0,0.0,0.0,1.0,1947,2019,2019,12,2,0,0,0.01610062893081761,0.4086633375914528,0.044364568670822446
2019-12-03,80,0.8222044279334446,0.9726943438283645,1.0,0.0,0.0,1.0,1948,1611,2019,12,3,1,0,0.8865408805031448,0.8104749738706307,0.9330792529660166
2019-12-03,82,0.8222044279334446,0.0025076623014767345,0.0,0.0,0.0,1.0,1949,400,2019,12,3,1,0,0.8837735849056605,0.8095459296248984,0.04401895234265032
2019-12-03,83,0.8222044279334446,0.008080245193647256,0.0,0.0,0.0,1.0,1950,220,2019,12,3,1,0,0.887547169811321,0.8076878411334341,0.03872473858837724
2019-12-03,84,0.8222044279334446,0.005851212036779047,0.0,0.0,0.0,1.0,1951,1602,2019,12,3,1,0,0.8880503144654088,0.8082684937870166,0.03551679066961593
2019-12-03,85,0.8222044279334446,0.006129841181387574,0.0,0.0,0.0,1.0,1952,998,2019,12,3,1,0,0.8910691823899373,0.8064104052955523,0.04443369193645687
2019-12-04,80,0.8620983073362587,0.0039008080245193652,0.0,0.0,0.0,1.0,1953,430,2019,12,4,2,0,0.888553459119497,0.8062942747648356,0.933123240498693
2019-12-04,82,0.8620983073362587,0.0011145165784341043,0.0,0.0,0.0,1.0,1954,890,2019,12,4,2,0,0.8857861635220128,0.8042039252119382,0.0440315202091293
2019-12-04,25,0.8620983073362587,0.00919476177208136,0.0,0.0,0.0,1.0,1955,631,2019,12,4,2,0,0.015849056603773587,0.8067587968877019,9.111703197265232e-05
2025-03-15,87,0.8620983073362587,0.008916132627472834,0.0,0.0,0.0,1.0,1956,1105,2025,3,15,5,1,0.021635220125786163,0.8080362327255834,0.23356751457872513
2019-12-04,81,0.8620983073362587,0.007244357759821678,0.0,0.0,0.0,1.0,1957,28,2019,12,4,2,0,0.02088050314465409,0.8087330159098827,0.037238588377237085
2019-12-04,85,0.8620983073362587,0.003064920590693787,0.0,0.0,0.0,1.0,1958,1787,2019,12,4,2,0,0.018364779874213838,0.8095459296248984,0.044468253569274085
2019-12-05,80,0.9042947171573152,0.0039008080245193652,0.0,0.0,0.0,1.0,1959,1842,2019,12,5,3,0,0.01635220125786164,0.8093136685634654,0.9331672280313694
2019-12-05,82,0.9042947171573152,0.00027862914460852607,0.0,0.0,0.0,1.0,1960,103,2019,12,5,3,0,0.013081761006289307,0.3998374172569969,0.04403466217574905
2019-12-05,83,0.9042947171573152,0.005851212036779047,0.0,0.0,0.0,1.0,1961,1151,2019,12,5,3,0,0.01735849056603774,0.3998374172569969,0.03879071988739192
2019-12-05,84,0.9042947171573152,0.0008358874338255782,0.0,0.0,0.0,1.0,1962,742,2019,12,5,3,0,0.009811320754716982,0.40018580884914645,0.03552621656947517
2019-12-05,81,0.9042947171573152,0.008080245193647256,0.0,0.0,0.0,1.0,1963,895,2019,12,5,3,0,0.009056603773584904,0.3999535477877134,0.03732970540920973
2019-12-05,85,0.9042947171573152,0.006129841181387574,0.0,0.0,0.0,1.0,1964,1555,2019,12,5,3,0,0.008050314465408805,0.3993728951341308,0.04453737683490851
2019-12-06,80,0.8824206656164364,0.977709668431318,1.0,0.0,0.0,1.0,1965,1677,2019,12,6,4,0,0.8880503144654088,0.8053652305191035,0.9441923889000604
2019-12-06,82,0.8824206656164364,0.0052939537475619955,0.0,0.0,0.0,1.0,1966,1162,2019,12,6,4,0,0.8893081761006292,0.8051329694576705,0.044094359541524235
2019-12-06,83,0.8824206656164364,0.0078016160490387305,0.0,0.0,0.0,1.0,1967,85,2019,12,6,4,0,0.8961006289308177,0.8058297526419695,0.038878694952744826
2019-12-06,84,0.8824206656164364,0.008080245193647256,0.0,0.0,0.0,1.0,1968,1643,2019,12,6,4,0,0.8981132075471701,0.8062942747648356,0.03561733360144782
2019-12-06,81,0.8824206656164364,0.008358874338255782,0.0,0.0,0.0,1.0,1969,1296,2019,12,6,4,0,0.9049056603773585,0.8080362327255834,0.037423964407802136
2019-12-07,82,0.9137050779912241,0.005015324602953469,0.0,0.0,0.0,1.0,1970,323,2019,12,7,5,1,0.9021383647798743,0.8078039716641505,0.04415091494067967
2019-12-07,83,0.9137050779912241,0.009473390916689887,0.0,0.0,0.0,1.0,1971,1138,2019,12,7,5,1,0.9051572327044027,0.8081523632563001,0.03898552181781621
2019-12-07,84,0.9137050779912241,0.0047366954583449436,0.0,0.0,0.0,1.0,1972,688,2019,12,7,5,1,0.026666666666666672,0.8078039716641505,0.03567074703398351
2019-12-07,81,0.9137050779912241,0.00027862914460852607,0.0,0.0,0.0,1.0,1973,1428,2019,12,7,5,1,0.022138364779874214,0.8062942747648356,0.037427106374421884
2019-12-07,85,0.9137050779912241,0.008080245193647256,0.0,0.0,0.0,1.0,1974,679,2019,12,7,5,1,0.022389937106918244,0.8074555800720009,0.04462849386688116
2019-12-07,26,0.8722094235442193,0.0039008080245193652,0.0,0.0,0.0,1.0,1975,886,2019,12,7,5,1,0.01861635220125786,0.807920102194867,3.141966619746632e-05
2019-12-08,82,0.8722094235442193,0.0039008080245193652,0.0,0.0,0.0,1.0,1976,1481,2019,12,8,6,1,0.014591194968553461,0.8067587968877019,0.044194902473356126
2019-12-08,83,0.8722094235442193,0.0078016160490387305,0.0,0.0,0.0,1.0,1977,510,2019,12,8,6,1,0.017106918238993712,0.8082684937870166,0.03907349688316911
2019-12-08,84,0.8722094235442193,0.005015324602953469,0.0,0.0,0.0,1.0,1978,462,2019,12,8,6,1,0.013081761006289307,0.404947160608524,0.03572730243313895
2025-03-15,81,0.8722094235442193,0.006965728615213152,0.0,0.0,0.0,1.0,1979,1705,2025,3,15,5,1,0.015094339622641506,0.4068052490999884,0.03750565553991555
2019-12-08,85,0.8722094235442193,0.0025076623014767345,0.0,0.0,0.0,1.0,1980,610,2019,12,8,6,1,0.017106918238993712,0.4044826384856579,0.044656771566458885
2019-12-09,80,0.8030333348623881,0.9821677347450544,1.0,0.0,0.0,1.0,1981,912,2019,12,9,0,0,0.8966037735849058,0.8114040181163629,0.9552678212346672
2019-12-09,82,0.8030333348623881,0.0039008080245193652,0.0,0.0,0.0,1.0,1982,1823,2019,12,9,0,0,0.8966037735849058,0.8104749738706307,0.04423889000603258
2019-12-09,83,0.8030333348623881,0.0025076623014767345,0.0,0.0,0.0,1.0,1983,1676,2019,12,9,0,0,0.8953459119496857,0.809894321217048,0.039101774582746836
2019-12-09,87,0.8030333348623881,0.0025076623014767345,0.0,0.0,0.0,1.0,1984,1195,2019,12,9,0,0,0.8905660377358492,0.8104749738706307,0.23359579227830285
2019-12-09,81,0.8030333348623881,0.006129841181387574,0.0,0.0,0.0,1.0,1985,394,2019,12,9,0,0,0.8915723270440252,0.8091975380327487,0.03757477880554997
2019-12-09,85,0.8030333348623881,0.005572582892170521,0.0,0.0,0.0,1.0,1986,159,2019,12,9,0,0,0.8903144654088052,0.8078039716641505,0.04471961089885382
2019-12-10,80,0.8901791947578135,0.010587907495123991,0.0,0.0,0.0,1.0,1987,1709,2019,12,10,1,0,0.8976100628930819,0.8091975380327487,0.9553872159662177
2019-12-10,82,0.8901791947578135,0.005572582892170521,0.0,0.0,0.0,1.0,1988,685,2019,12,10,1,0,0.015849056603773587,0.8102427128091976,0.04430172933842751
2019-12-10,83,0.10982080524218657,0.0011145165784341043,0.0,0.0,0.0,1.0,1989,598,2019,12,10,1,0,0.013333333333333332,0.8090814075020323,0.03911434244922583
2019-12-10,84,0.8901791947578135,0.007522986904430204,0.0,0.0,0.0,1.0,1990,526,2019,12,10,1,0,0.017861635220125786,0.8121008013006621,0.03581213553187211
2019-12-10,81,0.8901791947578135,0.006408470325996099,0.0,0.0,0.0,1.0,1991,527,2019,12,10,1,0,0.02138364779874214,0.812333062362095,0.037647044037804146
2019-12-10,85,0.8901791947578135,0.0016717748676511564,0.0,0.0,0.0,1.0,1992,1304,2019,12,10,1,0,0.01735849056603774,0.8126814539542446,0.0447384626985723
2019-12-11,80,0.9740714730516646,0.008080245193647256,0.0,0.0,0.0,1.0,1993,800,2019,12,11,2,0,0.019622641509433963,0.8126814539542446,0.9554783329981903
2019-12-11,82,0.9740714730516646,0.005851212036779047,0.0,0.0,0.0,1.0,1994,1655,2019,12,11,2,0,0.015345911949685535,0.8125653234235282,0.044367710637442194
2019-12-11,83,0.9740714730516646,0.003343549735302313,0.0,0.0,0.0,1.0,1995,1886,2019,12,11,2,0,0.013333333333333332,0.40645685750783883,0.039152046048662785
2019-12-11,84,0.9740714730516646,0.008358874338255782,0.0,0.0,0.0,1.0,1996,559,2019,12,11,2,0,0.019874213836477986,0.40773429334572064,0.035906394530464514
2019-12-11,20,0.9740714730516646,0.005851212036779047,0.0,0.0,0.0,1.0,1997,498,2019,12,11,2,0,0.018364779874213838,0.4069213796307049,5.341343253569275e-05
2019-12-11,85,0.9740714730516646,0.0039008080245193652,0.0,0.0,0.0,1.0,1998,234,2019,12,11,2,0,0.01610062893081761,0.405179421669957,0.044782450231248744
2019-12-11,87,0.9487936699641888,0.9799387015881862,1.0,0.0,0.0,1.0,1999,1583,2019,12,11,2,0,0.8993710691823901,0.8101265822784811,0.24464608887995173
2019-12-12,82,0.9487936699641888,0.004458066313736417,0.0,0.0,0.0,1.0,2000,251,2019,12,12,3,0,0.8961006289308177,0.809894321217048,0.044417982103358136
2019-12-12,83,0.9487936699641888,0.0078016160490387305,0.0,0.0,0.0,1.0,2001,1103,2019,12,12,3,0,0.8978616352201259,0.8091975380327487,0.039240021114015686
2019-12-12,84,0.9487936699641888,0.008358874338255782,0.0,0.0,0.0,1.0,2002,1069,2019,12,12,3,0,0.9023899371069185,0.8107072349320636,0.03600065352905691
2019-12-12,81,0.9487936699641888,0.003064920590693787,0.0,0.0,0.0,1.0,2003,659,2019,12,12,3,0,0.8976100628930819,0.8118685402392289,0.03768160567062136
2025-03-15,85,0.9487936699641888,0.009752020061298413,0.0,0.0,0.0,1.0,2004,1283,2025,3,15,5,1,0.9011320754716983,0.8125653234235282,0.04489241906293988
2019-12-13,80,0.8614475960429735,0.00027862914460852607,0.0,0.0,0.0,1.0,2005,261,2019,12,13,4,0,0.8978616352201259,0.8110556265242133,0.9554814749648101
2019-12-13,82,0.8614475960429735,0.006129841181387574,0.0,0.0,0.0,1.0,2006,1308,2019,12,13,4,0,0.01861635220125786,0.8119846707699454,0.044487105368992565
2019-12-13,83,0.8614475960429735,0.006408470325996099,0.0,0.0,0.0,1.0,2007,698,2019,12,13,4,0,0.020377358490566037,0.8114040181163629,0.03931228634626986
2019-12-13,84,0.8614475960429735,0.006687099470604626,0.0,0.0,0.0,1.0,2008,1150,2019,12,13,4,0,0.01937106918238994,0.8121008013006621,0.03607606072793083
2019-12-13,85,0.8614475960429735,0.0019504040122596826,0.0,0.0,0.0,1.0,2009,447,2019,12,13,4,0,0.013584905660377362,0.8100104517477644,0.044914412829278105
2019-12-14,80,0.838922808073661,0.006965728615213152,0.0,0.0,0.0,1.0,2010,796,2019,12,14,5,1,0.017106918238993712,0.8118685402392289,0.9555600241303037
2019-12-14,82,0.838922808073661,0.0052939537475619955,0.0,0.0,0.0,1.0,2011,1963,2019,12,14,5,1,0.013081761006289307,0.40471489954709094,0.04454680273476775
2019-12-14,83,0.838922808073661,0.0027862914460852605,0.0,0.0,0.0,1.0,2012,402,2019,12,14,5,1,0.015345911949685535,0.40425037742422487,0.039343706012467325
2019-12-14,87,0.838922808073661,0.003064920590693787,0.0,0.0,0.0,1.0,2013,765,2019,12,14,5,1,0.012578616352201259,0.4044826384856579,0.24468065051276897
2019-12-14,81,0.838922808073661,0.0025076623014767345,0.0,0.0,0.0,1.0,2014,1372,2019,12,14,5,1,0.009056603773584904,0.4044826384856579,0.03770988337019908
2019-12-14,85,0.838922808073661,0.005015324602953469,0.0,0.0,0.0,1.0,2015,506,2019,12,14,5,1,0.007547169811320753,0.4040181163627918,0.04497096822843354
2019-12-15,80,0.8848233093313611,0.9816104764558373,1.0,0.0,0.0,1.0,2016,754,2019,12,15,6,1,0.8920754716981134,0.8108233654627801,0.966629172531671
2019-12-15,82,0.8848233093313611,0.0052939537475619955,0.0,0.0,0.0,1.0,2017,1488,2019,12,15,6,1,0.8905660377358492,0.8086168853791662,0.044606500100542935
2019-12-15,86,0.8848233093313611,0.008080245193647256,0.0,0.0,0.0,1.0,2018,256,2019,12,15,6,1,0.8930817610062894,0.8096620601556148,0.001118540116629801
2019-12-15,84,0.8848233093313611,0.004458066313736417,0.0,0.0,0.0,1.0,2019,19,2019,12,15,6,1,0.8945911949685537,0.8110556265242133,0.036126332193846776
2019-12-15,81,0.8848233093313611,0.0047366954583449436,0.0,0.0,0.0,1.0,2020,1464,2019,12,15,6,1,0.8961006289308177,0.809894321217048,0.03776329680273477
2019-12-15,85,0.8848233093313611,0.0,0.0,0.0,0.0,1.0,2021,922,2019,12,15,6,1,0.8938364779874215,0.807223319010568,0.04497096822843354
2019-12-16,80,0.9079987960263844,0.0052939537475619955,0.0,0.0,0.0,1.0,2022,907,2019,12,16,0,0,0.8940880503144655,0.8087330159098827,0.9666888698974463
2019-12-16,82,0.9079987960263844,0.010309278350515465,0.0,0.0,0.0,1.0,2023,70,2019,12,16,0,0,0.017106918238993712,0.8096620601556148,0.04472275286547356
2019-12-16,83,0.9079987960263844,0.004458066313736417,0.0,0.0,0.0,1.0,2024,820,2019,12,16,0,0,0.01635220125786164,0.8090814075020323,0.039393977478383274
2019-12-16,84,0.9079987960263844,0.0039008080245193652,0.0,0.0,0.0,1.0,2025,435,2019,12,16,0,0,0.012578616352201259,0.8093136685634654,0.03617031972652323
2019-12-16,81,0.9079987960263844,0.0019504040122596826,0.0,0.0,0.0,1.0,2026,1801,2019,12,16,0,0,0.01031446540880503,0.8066426663569852,0.037785290569072996
2019-12-16,85,0.9079987960263844,0.010030649205906938,0.0,0.0,0.0,1.0,2027,1109,2019,12,16,0,0,0.015094339622641506,0.8083846243177333,0.045084079026744425
2019-12-17,82,0.9755230781508322,0.005015324602953469,0.0,0.0,0.0,1.0,2028,1616,2019,12,17,1,0,0.019622641509433963,0.8088491464405994,0.044779308264629
2019-12-17,83,0.9755230781508322,0.004458066313736417,0.0,0.0,0.0,1.0,2029,1777,2019,12,17,1,0,0.01886792452830189,0.4022761584020439,0.039444248944299216
2019-12-17,84,0.9755230781508322,0.003622178879910839,0.0,0.0,0.0,1.0,2030,404,2019,12,17,1,0,0.01283018867924528,0.40192776680989434,0.036211165292579936
2019-12-17,81,0.9755230781508322,0.005851212036779047,0.0,0.0,0.0,1.0,2031,1730,2019,12,17,1,0,0.01408805031446541,0.4011148530948787,0.03785127186808768
2019-12-17,85,0.9755230781508322,0.008916132627472834,0.0,0.0,0.0,1.0,2032,844,2019,12,17,1,0,0.01861635220125786,0.40134711415631175,0.04518462195857632
2019-12-18,80,0.9025427973032499,0.9749233769852327,1.0,0.0,0.0,1.0,2033,1693,2019,12,18,2,0,0.8971069182389939,0.8064104052955523,0.9776826110999397
2019-12-18,82,0.9025427973032499,0.0013931457230426303,0.0,0.0,0.0,1.0,2034,2036,2019,12,18,2,0,0.8893081761006292,0.8029264893740564,0.044795018097727735
2019-12-18,83,0.9025427973032499,0.006129841181387574,0.0,0.0,0.0,1.0,2035,388,2019,12,18,2,0,0.8903144654088052,0.8053652305191035,0.039513372209933645
2019-12-18,84,0.9025427973032499,0.0052939537475619955,0.0,0.0,0.0,1.0,2036,1743,2019,12,18,2,0,0.8910691823899373,0.8050168389269539,0.03627086265835512
2019-12-18,81,0.9025427973032499,0.008637503482864309,0.0,0.0,0.0,1.0,2037,360,2019,12,18,2,0,0.8955974842767297,0.8059458831726862,0.03794867283329982
2019-12-18,85,0.9025427973032499,0.0047366954583449436,0.0,0.0,0.0,1.0,2038,131,2019,12,18,2,0,0.8945911949685537,0.8051329694576705,0.04523803539111201
2019-12-18,21,0.8765141696258067,0.006687099470604626,0.0,0.0,0.0,1.0,2039,1029,2019,12,18,2,0,0.8925786163522013,0.8071071884798513,6.283933239493264e-05
2019-12-19,82,0.8765141696258067,0.006408470325996099,0.0,0.0,0.0,1.0,2040,902,2019,12,19,3,0,0.01811320754716981,0.8068749274184184,0.044867283329981904
2019-12-19,83,0.8765141696258067,0.0022290331568682086,0.0,0.0,0.0,1.0,2041,672,2019,12,19,3,0,0.01886792452830189,0.8055974915805366,0.03953850794289162
2019-12-19,87,0.8765141696258067,0.004458066313736417,0.0,0.0,0.0,1.0,2042,1287,2019,12,19,3,0,0.01735849056603774,0.8062942747648356,0.2447309219786849
2019-12-19,81,0.8765141696258067,0.007522986904430204,0.0,0.0,0.0,1.0,2043,1342,2019,12,19,3,0,0.01937106918238994,0.8081523632563001,0.03803350593203298
2019-12-19,85,0.8765141696258067,0.0013931457230426303,0.0,0.0,0.0,1.0,2044,1024,2019,12,19,3,0,0.01283018867924528,0.8076878411334341,0.045253745224210745
2019-12-20,80,0.938282113137074,0.0,0.0,0.0,0.0,1.0,2045,38,2019,12,20,4,0,0.008553459119496853,0.8055974915805366,0.9776826110999397
2019-12-20,82,0.938282113137074,0.0078016160490387305,0.0,0.0,0.0,1.0,2046,444,2019,12,20,4,0,0.009559748427672956,0.3997212867262804,0.04495525839533481
2019-12-20,84,0.938282113137074,0.0047366954583449436,0.0,0.0,0.0,1.0,2047,1320,2019,12,20,4,0,0.008050314465408805,0.39948902566484734,0.03632427609089081
2019-12-20,81,0.938282113137074,0.0047366954583449436,0.0,0.0,0.0,1.0,2048,804,2019,12,20,4,0,0.01031446540880503,0.398095459296249,0.03808691936456868
2019-12-20,85,0.938282113137074,0.003622178879910839,0.0,0.0,0.0,1.0,2049,1795,2019,12,20,4,0,0.009559748427672956,0.39774706770409946,0.04529459079026745
2019-12-21,80,0.8426268869427302,0.9732516021175815,1.0,0.0,0.0,1.0,2050,179,2019,12,21,5,1,0.8815094339622643,0.8014167924747417,0.9886575005027147
2025-03-15,82,0.8426268869427302,0.0013931457230426303,0.0,0.0,0.0,1.0,2051,1550,2025,3,15,5,1,0.8815094339622643,0.8019974451283243,0.04497096822843354
2019-12-21,83,0.8426268869427302,0.003343549735302313,0.0,0.0,0.0,1.0,2052,2095,2019,12,21,5,1,0.8845283018867925,0.8011845314133086,0.03957621154232858
2019-12-21,81,0.8426268869427302,0.006129841181387574,0.0,0.0,0.0,1.0,2053,319,2019,12,21,5,1,0.8830188679245284,0.7994425734525608,0.0381560426302031
2019-12-21,85,0.8426268869427302,0.0027862914460852605,0.0,0.0,0.0,1.0,2054,2016,2019,12,21,5,1,0.8812578616352202,0.7987457902682615,0.045326010456464914
2019-12-21,87,0.8658524302860946,0.007522986904430204,0.0,0.0,0.0,1.0,2055,692,2019,12,21,5,1,0.8837735849056605,0.8002554871675764,0.24481575507741807
2019-12-22,82,0.8658524302860946,0.003622178879910839,0.0,0.0,0.0,1.0,2056,1682,2019,12,22,6,1,0.8837735849056605,0.8009522703518754,0.04501181379449025
2019-12-22,83,0.8658524302860946,0.007522986904430204,0.0,0.0,0.0,1.0,2057,837,2019,12,22,6,1,0.011823899371069185,0.7999070955754268,0.03966104464106174
2019-12-22,84,0.8658524302860946,0.006965728615213152,0.0,0.0,0.0,1.0,2058,436,2019,12,22,6,1,0.016855345911949683,0.8007200092904425,0.03640282525638448
2019-12-22,22,0.8658524302860946,0.0027862914460852605,0.0,0.0,0.0,1.0,2059,946,2019,12,22,6,1,0.01635220125786164,0.8000232261061433,1.8851799718479792e-05
2019-12-22,85,0.8658524302860946,0.0039008080245193652,0.0,0.0,0.0,1.0,2060,1570,2019,12,22,6,1,0.014339622641509432,0.80013935663686,0.04536999798914137
2019-12-23,80,0.8439783787452158,0.004179437169127891,0.0,0.0,0.0,1.0,2061,539,2019,12,23,0,0,0.015597484276729565,0.7994425734525608,0.9887046300020109
2019-12-23,82,0.8439783787452158,0.006408470325996099,0.0,0.0,0.0,1.0,2062,928,2019,12,23,0,0,0.014591194968553461,0.7983973986761119,0.045084079026744425
2019-12-23,83,0.8439783787452158,0.004179437169127891,0.0,0.0,0.0,1.0,2063,1819,2019,12,23,0,0,0.015094339622641506,0.3937986296597376,0.03970817414035794
2019-12-23,84,0.8439783787452158,0.006408470325996099,0.0,0.0,0.0,1.0,2064,238,2019,12,23,0,0,0.01408805031446541,0.39588897921263505,0.03647509048863865
2019-12-24,80,0.9233656969316897,0.9810532181666203,1.0,0.0,0.0,1.0,2065,1178,2019,12,24,1,0,0.8935849056603776,0.8022297061897574,0.9997674944701388
2019-12-24,82,0.9233656969316897,0.004458066313736417,0.0,0.0,0.0,1.0,2066,1370,2019,12,24,1,0,0.8950943396226416,0.8018813145976078,0.04513435049266037
2019-12-24,83,0.9233656969316897,0.005015324602953469,0.0,0.0,0.0,1.0,2067,981,2019,12,24,1,0,0.8961006289308177,0.8003716176982929,0.03976472953951338
2019-12-24,87,0.9233656969316897,0.0008358874338255782,0.0,0.0,0.0,1.0,2068,1769,2019,12,24,1,0,0.8930817610062894,0.7987457902682615,0.2448251809772773
2019-12-24,81,0.9233656969316897,0.006408470325996099,0.0,0.0,0.0,1.0,2069,814,2019,12,24,1,0,0.8930817610062894,0.7986296597375451,0.038228307862457275
2019-12-24,85,0.9233656969316897,0.003343549735302313,0.0,0.0,0.0,1.0,2070,1938,2019,12,24,1,0,0.8923270440251574,0.7973522238996633,0.04540770158857833
2019-12-25,80,0.9712183320692449,0.0047366954583449436,0.0,0.0,0.0,1.0,2071,1179,2019,12,25,2,0,0.8908176100628932,0.7983973986761119,0.9998209079026745
2019-12-25,82,0.9712183320692449,0.006687099470604626,0.0,0.0,0.0,1.0,2072,2092,2019,12,25,2,0,0.011069182389937107,0.7993264429218441,0.04520975769153429
2025-03-15,83,0.9712183320692449,0.006129841181387574,0.0,0.0,0.0,1.0,2073,1834,2025,3,15,5,1,0.012578616352201259,0.7987457902682615,0.0398338528051478
2019-12-25,84,0.9712183320692449,0.004458066313736417,0.0,0.0,0.0,1.0,2074,275,2019,12,25,2,0,0.01207547169811321,0.8000232261061433,0.0365253619545546
2019-12-25,81,0.9712183320692449,0.0047366954583449436,0.0,0.0,0.0,1.0,2075,1678,2019,12,25,2,0,0.015597484276729565,0.8019974451283243,0.038281721294992965
2019-12-25,85,0.9712183320692449,0.003064920590693787,0.0,0.0,0.0,1.0,2076,1097,2019,12,25,2,0,0.012578616352201259,0.8000232261061433,0.04544226322139554
2019-12-26,80,0.9443387665051524,0.0052939537475619955,0.0,0.0,0.0,1.0,2077,1755,2019,12,26,3,0,0.014339622641509432,0.8002554871675764,0.9998806052684497
2019-12-26,82,0.9443387665051524,0.005572582892170521,0.0,0.0,0.0,1.0,2078,1068,2019,12,26,3,0,0.015094339622641506,0.800603878759726,0.045272597023929224
2019-12-26,23,0.9443387665051524,0.005572582892170521,0.0,0.0,0.0,1.0,2079,2060,2019,12,26,3,0,0.01408805031446541,0.8014167924747417,5.027146591594611e-05
2019-12-26,84,0.9443387665051524,0.0019504040122596826,0.0,0.0,0.0,1.0,2080,1746,2019,12,26,3,0,0.01031446540880503,0.39658576239693416,0.03654735572089283
2019-12-26,81,0.9443387665051524,0.005572582892170521,0.0,0.0,0.0,1.0,2081,416,2019,12,26,3,0,0.01132075471698113,0.39832772035768205,0.0383445606273879
2019-12-26,85,0.9443387665051524,0.006687099470604626,0.0,0.0,0.0,1.0,2082,983,2019,12,26,3,0,0.013081761006289307,0.3997212867262804,0.04551767042026946
2019-12-26,87,0.04529983404518162,0.9738088604067986,1.0,0.0,0.0,1.0,2083,893,2019,12,26,3,0,0.889559748427673,0.8030426199047729,0.2558063543132918
2019-12-27,82,0.9547001659548184,0.0047366954583449436,0.0,0.0,0.0,1.0,2084,966,2019,12,27,4,0,0.889056603773585,0.8038555336197888,0.045326010456464914
2019-12-27,83,0.9547001659548184,0.006965728615213152,0.0,0.0,0.0,1.0,2085,1384,2019,12,27,4,0,0.8903144654088052,0.8036232725583556,0.03991240197064147
2019-12-27,84,0.9547001659548184,0.006965728615213152,0.0,0.0,0.0,1.0,2086,1166,2019,12,27,4,0,0.8915723270440252,0.8050168389269539,0.03662590488638649
2019-12-27,81,0.9547001659548184,0.0039008080245193652,0.0,0.0,0.0,1.0,2087,2091,2019,12,27,4,0,0.8933333333333334,0.8035071420276392,0.03838854816006435
2019-12-27,85,0.9547001659548184,0.010866536639732517,0.0,0.0,0.0,1.0,2088,1640,2019,12,27,4,0,0.8981132075471701,0.8051329694576705,0.04564020711843958
2019-12-28,80,1.0,0.005015324602953469,0.0,0.0,0.0,1.0,2089,529,2019,12,28,5,1,0.8966037735849058,0.8060620137034027,0.9999371606676051
2019-12-28,82,1.0,0.005851212036779047,0.0,0.0,0.0,1.0,2090,2067,2019,12,28,5,1,0.022641509433962266,0.8068749274184184,0.045391991755479595
2019-12-28,83,1.0,0.0047366954583449436,0.0,0.0,0.0,1.0,2091,1673,2019,12,28,5,1,0.022641509433962266,0.8071071884798513,0.03996581540317716
2019-12-28,84,1.0,0.00919476177208136,0.0,0.0,0.0,1.0,2092,2053,2019,12,28,5,1,0.024654088050314465,0.8082684937870166,0.03672958978483813
2019-12-28,81,1.0,0.0005572582892170521,0.0,0.0,0.0,1.0,2093,1525,2019,12,28,5,1,0.01886792452830189,0.8067587968877019,0.03839483209330385
2019-12-28,85,1.0,0.003064920590693787,0.0,0.0,0.0,1.0,2094,1226,2019,12,28,5,1,0.01811320754716981,0.8053652305191035,0.04567476875125679
2019-12-29,80,0.9977475262300985,0.003064920590693787,0.0,0.0,0.0,1.0,2095,825,2019,12,29,6,1,0.011069182389937107,0.39774706770409946,0.9999717223004223
2019-12-29,82,0.9977475262300985,0.008637503482864309,0.0,0.0,0.0,1.0,2096,150,2019,12,29,6,1,0.014339622641509432,0.39948902566484734,0.04548939272069174
2019-12-29,83,0.9977475262300985,0.014488715519643355,0.0,0.0,0.0,1.0,2097,1648,2019,12,29,6,1,0.022138364779874214,0.40343746370920913,0.040129197667403985
2025-03-15,87,0.9977475262300985,0.007244357759821678,0.0,0.0,0.0,1.0,2098,665,2025,3,15,5,1,0.024402515723270443,0.4061084659156893,0.2558880454454052
2019-12-29,81,0.9977475262300985,0.006408470325996099,0.0,0.0,0.0,1.0,2099,919,2019,12,29,6,1,0.021886792452830192,0.4061084659156893,0.03846709732555802
2019-12-29,85,0.9977475262300985,0.006408470325996099,0.0,0.0,0.0,1.0,2100,871,2019,12,29,6,1,0.027169811320754716,0.407385901753571,0.04574703398351096
2019-12-29,24,0.9010912047716566,0.9802173307327947,1.0,0.0,0.0,1.0,2101,1466,2019,12,29,6,1,0.9094339622641512,0.8139588897921264,0.011040870701789664
2019-12-30,82,0.9010912047716566,0.004179437169127891,0.0,0.0,0.0,1.0,2102,1889,2019,12,30,0,0,0.9104402515723272,0.8129137150156776,0.04553652221998794
2019-12-30,84,0.9010912047716566,0.0078016160490387305,0.0,0.0,0.0,1.0,2103,1301,2019,12,30,0,0,0.9096855345911952,0.8136104981999768,0.03681756485019103
2019-12-30,81,0.9010912047716566,0.0027862914460852605,0.0,0.0,0.0,1.0,2104,1281,2019,12,30,0,0,0.8991194968553461,0.8129137150156776,0.03849851699175548
2019-12-30,85,0.9010912047716566,0.003064920590693787,0.0,0.0,0.0,1.0,2105,785,2019,12,30,0,0,0.8953459119496857,0.8122169318313786,0.04578159561632818
2019-12-31,80,0.8449794740093138,0.0025076623014767345,0.0,0.0,0.0,1.0,2106,992,2019,12,31,1,0,0.8918238993710694,0.8119846707699454,1.0
2019-12-31,82,0.8449794740093138,0.006408470325996099,0.0,0.0,0.0,1.0,2107,1674,2019,12,31,1,0,0.8918238993710694,0.8124491928928115,0.04560878745224211
2019-12-31,83,0.8449794740093138,0.006965728615213152,0.0,0.0,0.0,1.0,2108,1456,2019,12,31,1,0,0.013081761006289307,0.8130298455463942,0.04020774683289765
2019-12-31,84,0.8449794740093138,0.006687099470604626,0.0,0.0,0.0,1.0,2109,1386,2019,12,31,1,0,0.015345911949685535,0.8134943676692603,0.036892972049064957
2019-12-31,81,0.8449794740093138,0.0027862914460852605,0.0,0.0,0.0,1.0,2110,782,2019,12,31,1,0,0.010817610062893081,0.8138427592614099,0.03852993665795295
2019-12-31,85,0.8449794740093138,0.006965728615213152,0.0,0.0,0.0,1.0,2111,296,2019,12,31,1,0,0.014591194968553461,0.8144234119149925,0.04586014478182184
2019-12-31,87,0.9331264417364115,0.02201170242407356,0.0,0.0,1.0,0.0,2112,306,2019,12,31,1,0,0.031698113207547174,0.8208105911044015,0.2561362608083652
2019-01-01,82,0.9331264417364115,0.018668152688771245,0.0,0.0,1.0,0.0,2113,1893,2019,1,1,1,0,0.04628930817610064,0.42271513180815234,0.045819299215765136
2019-01-01,83,0.9331264417364115,0.019504040122596825,0.0,0.0,1.0,0.0,2114,241,2019,1,1,1,0,0.058113207547169816,0.42887004993612826,0.04042768449627992
2019-01-01,84,0.9331264417364115,0.02479799387015882,0.0,0.0,1.0,0.0,2115,1244,2019,1,1,1,0,0.07421383647798743,0.4363024039019859,0.037172607078222404
2019-01-01,81,0.9331264417364115,0.017553636110337143,0.0,0.0,1.0,0.0,2116,1288,2019,1,1,1,0,0.0840251572327044,0.4407153640692138,0.038727880554996985
